id	MutationsG	region	host	year	cluster
JQ944704.1	T5A, T15G, C18T, C19T, T24G, T38G, C43T, T54C, G87A, C96T, G101T, G105A, C111T, C120T, A144T, G147A, A192G, T195C, G214T, A223G, C234T, A243G, G255A, T261A, C279T, C291T, A294C, A305G, C321T, G348A, G360A, C366A, C375T, A376C, A384G, T399C, C417T, A432G, C441T, T465C, G497A, G523A, C525T, G528A, T531G, G541A, G544A, C567A, G600A, C605T, A612G, G615A, T617C, A654G, C660T, A663G, G670A, A693G, A702G, T711G, T712C, A750T, A757C, C780T, A796G, A801G, T816C, C819T, G821A, C840T, A852G, C867T, G885A, G894A, A975G, C981T, A1029G, C1032T, A1050G, A1054C, A1056G, T1059C, A1069G, T1077C, A1082G, A1122G, A1131G, A1155G, A1165C, C1170T, T1171C, G1212A, T1223A, C1236T, T1242G, G1263A, T1266C, C1269A, G1278A, A1279G, C1287T, G1290A, C1314T, C1329T, G1330A, G1334A, A1336G, A1341T, A1344G, T1351C, T1356C, G1362A, C1403T, G1428A, G1431A, C1437T, G1440C, T1456C, G1458A, C1462T, A1467G, A1470G, A1472G, A1475G, A1486G, G1495A, A1503G, G1504A, C1510T, A1515G, A1525G, C1527T, A1542G, C1548T, C1554T, C1566T, G1567A	Россия	Nyctereutes procyonoides	2009	G1.1
JQ944705.1	G12A, C14T, C16T, C18T, C19T, C30T, A45G, T53C, T54C, T66C, G87A, T93C, C96T, G105A, C120T, A144T, C183A, A192G, A223G, G231A, A243G, G255A, T261A, T273C, C279T, A294C, A305G, C321T, A384G, T390C, C405T, C414T, C417T, T465C, A468T, G497A, G523A, C525T, G528A, T531G, C536T, A540G, G541A, G544A, G546A, T552C, T559C, C567A, T611C, T617C, G618A, G648A, G670A, T675C, A693G, A702G, T712C, A750T, A796G, A801G, C819T, G821A, T835C, A852G, C855T, C867T, G894A, A918G, G921A, C936T, C981T, T984C, A1029G, C1032T, A1054C, A1056G, T1077C, T1098C, G1101A, A1122G, A1131G, T1143C, A1155G, C1161T, A1165C, C1170T, T1171C, T1216C, T1223A, G1230A, C1236T, T1242G, T1266C, C1269A, C1275T, A1279G, C1287T, A1308G, C1320T, G1330A, G1334A, A1336G, A1344G, T1351C, T1356C, G1362A, C1403T, G1410A, A1419G, T1422C, C1425T, C1426T, G1428A, G1440T, G1445A, T1456C, G1458A, C1462T, A1467G, A1470G, A1472G, A1475G, A1480G, A1482G, G1495A, A1503G, G1504A, C1510T, A1525G, C1527T, A1542G, C1548T, C1554T, C1566T, G1567A	Россия	Canis lupus familiaris	2008	G1.2
JQ944706.1	T5C, C18T, C19T, A27G, T54C, G87A, C120T, C129T, G141A, A144T, A204G, A223G, T237A, A243G, G255A, T261A, C279T, A294C, G300A, C303T, C326T, C351T, C354T, T369G, A384G, T408G, C414T, C417T, T465C, G497A, A498G, G523A, G528A, T531G, G541A, G544A, C564T, C567G, C585T, T617C, G618A, T630C, A634G, G670A, T675C, C700T, A702G, T712C, T736C, A750T, A774G, A789G, A795G, A796G, A801G, G821A, T826C, T835C, T846C, A852T, C855T, C867T, T870C, T873C, G900A, A942G, T990C, T1002C, A1029G, C1032T, C1041T, G1047A, A1054C, A1056G, T1077C, A1083G, A1092G, T1098A, G1101A, T1116G, A1122G, A1131G, A1152G, A1155G, A1165C, C1170T, T1171C, T1216C, T1223A, A1224G, G1230A, C1236A, T1242G, T1266C, C1269A, A1279G, C1287T, G1330A, G1334A, A1336G, A1341C, A1344G, T1351C, G1362A, G1374A, T1377C, C1398T, C1403T, C1407T, G1428C, C1437T, G1440T, T1456C, G1458A, C1462T, A1467G, A1472G, A1474T, A1475G, C1479T, A1480G, G1494A, G1495A, C1506T, C1510T, G1524A, A1525G, A1542G, C1548T, C1554T, C1566T, G1567A	Россия	Canis lupus familiaris	2008	G1.3
JQ944708.1	C18T, C19T, T54C, G75A, G87A, C96T, C120T, A144T, G150A, C180T, A223G, C228T, C234T, A243G, G255A, T261A, C279T, A294C, C321T, T362C, A384G, C417T, T465C, T480C, G497A, T504C, G523A, C525T, G528A, T531G, G541A, G544A, C567A, C597G, C605T, T617C, C635T, G648A, G670C, T675C, G685A, A693G, A702G, T712C, A750T, T756C, T768C, A796C, A801G, C819T, G821A, T835C, A852G, C855T, C867T, G894A, A975G, C981T, C1005T, A1029G, C1032T, A1054C, A1056G, T1065C, T1077C, T1089C, G1101A, T1113C, A1122G, A1131G, A1155G, T1158C, C1161A, A1165C, C1170T, T1171C, A1179G, A1188G, C1194T, T1223A, G1230A, C1236T, T1242G, T1266C, C1269A, A1279G, C1281A, C1287T, G1297A, T1299C, G1330A, G1334A, A1336G, A1344G, T1351C, T1356C, G1362A, A1383G, G1390T, C1398T, C1403T, G1428A, A1429C, C1437T, G1440T, T1456C, G1458A, C1462T, A1467G, A1470G, A1475G, C1479T, A1480G, C1487A, G1489A, G1495A, G1497A, A1503G, G1504A, C1510T, A1525G, C1527T, A1542G, C1548T, C1554T, G1563A, C1566T, G1567A, G1574A	Россия	Vulpes vulpes	2008	G1.4
KY860613.1	G12A, C18T, C19T, T24C, C30T, C43T, T46A, T54C, T66C, T69C, G87A, G105A, C120T, T138C, A144T, G147A, C169T, A174G, G177T, T195C, C210T, A223G, T237G, C246T, T249G, G255A, T261A, C267T, C276T, C279T, A294C, A306G, A330G, A340C, G348T, G360A, G387A, T390C, A393G, C405T, C417T, C441A, G447A, T450C, C453A, T456C, T465C, G474A, A477G, T480C, T481C, T492C, C495T, G497A, G510T, C519T, G523A, G524A, G528A, T531G, G541A, G544A, G546A, G547A, G549A, T552C, T565C, C567T, T570C, C576T, T588C, A592C, G594C, C597T, A612G, T617C, G618A, T630C, T669C, G670A, C681G, A687T, A693G, C699T, C700T, A702G, T711A, A714G, A720G, A738G, A744G, A750T, A774G, G783A, A796G, T798C, A807G, T816C, C819A, G821A, T826C, G831A, T835C, G837A, A852G, A858G, T861C, G864A, C867T, T870C, A876G, G894A, G900A, C933T, T963C, T966C, A969G, A975G, T990C, A993T, A996G, T1002C, G1017A, C1032T, A1054C, T1059C, T1077C, A1092G, T1098C, G1107A, A1131G, T1140C, A1149C, T1150C, A1152G, A1155T, T1158G, C1161T, A1165C, C1170T, T1171C, A1191G, C1200T, T1223A, G1230A, T1242G, C1251T, C1252T, G1254A, C1269A, A1279G, C1281T, C1287T, T1293A, T1302C, C1320T, G1326A, G1330A, G1334A, A1341G, A1344G, T1351C, G1362T, A1380T, A1383G, C1384G, G1386A, C1397T, C1403T, T1404C, C1425T, G1428A, G1440T, A1441G, T1456C, G1458A, G1459A, C1462T, T1464C, A1472G, A1480G, G1495A, A1503G, C1506A, C1510T, G1521A, A1525G, C1527T, A1542G, C1548T, G1551A, G1557A, G1567A	Россия	Nyctereutes procyonoides	1989	G14.1
MG458313.1	G12A, C18T, C19T, A27G, T38C, T46A, T54C, A60G, T66C, T69C, G75A, G87A, C120T, C129T, C135T, T138C, A144T, G150A, C169T, A174G, G177T, T201G, C210T, A213G, A223G, T237G, C246T, T249G, G252T, G255A, A264G, C267T, C279T, T282C, C291T, A294C, A306G, A340C, C345T, G348T, G360A, G387A, A393T, C396T, C417T, T429C, A432G, C441G, G454A, T456C, T465C, G474A, T480C, T481C, G483A, C486T, G497A, C519T, G523A, T531G, C536T, A537G, G541A, G544A, G546A, G547A, G549A, T552A, C567G, C576T, T588C, C605T, C610T, T617C, G618A, T630C, T669C, G670A, C681A, A687T, T690C, C700T, A702G, A714G, A717G, A720G, A729G, G735A, A744G, A750G, T768C, A774G, A795G, A796G, A801G, A807G, C813T, T816C, C819T, G821A, G831A, T835C, G837A, A852G, A858G, T861C, G864A, C867T, T873C, A876G, G894A, A915C, C933T, A942G, C951T, T963C, T966C, A969G, T1002C, G1017A, T1021C, C1032T, A1056G, T1059C, T1065C, T1077C, A1080C, A1083G, T1090C, A1092G, G1101A, T1116C, G1128A, A1131G, C1137T, T1140C, T1143C, T1150C, A1152G, A1155C, A1165C, C1170T, T1171C, A1173G, C1200T, T1223A, C1227A, G1230A, C1239T, T1242G, C1248T, C1251T, C1252T, G1254A, C1269A, A1279G, C1287T, G1290A, T1293A, A1308G, G1330A, G1334A, G1335A, A1344G, T1351C, G1362T, G1371A, A1380C, C1384A, G1386A, G1388T, C1397T, C1398A, C1399T, C1403T, T1408A, G1413A, T1418C, T1422C, C1426T, G1428A, C1437T, G1440T, A1441G, T1448G, C1449T, T1456C, G1458C, G1459A, A1461G, C1462T, T1464C, A1475G, C1479T, A1480G, G1485A, C1487T, G1495A, T1505C, C1510T, A1525G, T1533C, A1536G, A1542G, C1548T, G1551A, G1567A	Россия	Vulpes lagopus	1996	G14
Rab4718	G12A, C14T, C18T, C19T, T49A, T53C, T54C, T66C, G87A, T93C, C96T, C120T, G141A, A144T, C183A, A223G, A243G, G255A, T261A, T273C, C279T, A294C, A305G, C321T, A384G, T390C, C414T, C417T, A434C, T465C, A468G, T481C, G497A, G523A, C525T, G528A, T531G, C536T, A540G, G541A, G544A, G546A, C567A, T617C, G618A, T633C, G648A, G670A, T675C, A693G, A702G, T712C, A716G, A750T, A796G, A801G, C819T, G821A, T835C, A852G, C855T, C867T, G894A, A918G, C936T, T963C, C981T, T984C, A1029G, C1032T, A1054C, A1056G, T1077C, T1089C, T1098C, G1101A, A1122G, C1125T, A1131G, T1143C, A1155G, C1161T, A1165C, C1170T, T1171C, A1173G, T1216C, T1223A, G1230A, C1236T, T1242G, G1263A, T1266C, C1269A, C1275T, A1279G, C1281A, C1287T, A1308G, C1320T, G1330A, G1334A, A1336G, A1344G, T1351C, T1356C, G1362A, C1403T, G1410A, A1419G, T1422C, C1425T, G1428A, G1440T, G1445A, T1456C, G1458A, C1462T, A1467G, A1470G, A1472G, A1475G, A1480G, A1482G, G1495A, T1499G, A1503G, G1504A, C1510T, A1525G, C1527T, A1536G, A1542G, A1545G, C1548T, C1554T, C1566T, G1567A	Россия, Ростовская обл., Тарасовский р-н, п. Тарасовский	Canis lupus familiaris	10.06.2024	G10
Rab6012	G12A, C14T, C18T, C19T, T49A, T53C, T54C, T66C, G87A, T93C, C96T, C120T, G141A, A144T, C183A, A223G, A243G, G255A, T261A, T273C, C279T, A294C, G300T, A305G, C321T, A384G, T390C, G402A, C417T, A434T, T465C, G497A, G513A, T522C, G523A, C525T, G528A, T531G, C536T, A540G, G541A, G544A, G546A, C567A, C576T, T617C, G618A, G648A, G670A, T675C, A693G, C700T, A702G, T712C, A750T, C780A, A796G, T798C, A801G, T835C, A852G, C855T, C867T, T873C, G894A, A918G, C936T, T984C, A1029G, C1032T, A1054C, A1056G, A1072C, T1077C, T1098C, G1101A, T1143C, A1155G, T1158C, C1161T, A1165C, C1170T, T1171C, T1216C, T1223A, G1230A, C1236T, T1242G, T1266C, C1269A, C1275T, A1279G, C1287T, A1308G, C1320T, G1330A, G1334A, A1336G, A1344G, T1351C, T1356C, G1362A, A1387G, T1400C, C1403T, G1410A, A1419G, T1422C, C1425T, G1428A, G1440T, G1445A, T1456C, G1458A, C1462T, A1467G, C1468G, A1470G, A1472G, A1475G, A1480G, A1482G, G1495A, A1503G, G1504A, C1510T, A1525G, C1527T, A1536G, A1542G, C1548T, C1554T, C1566T, G1567A, G1572A	Россия, Ростовская обл., Волгодонской р-н	Vulpes vulpes	29.04.25	G1.5
Rab6586	G12A, C14T, C18T, C19T, T49A, T53C, T54C, T66C, G87A, T93C, C96T, C120T, A144T, G147A, A174G, C183A, A223G, A243G, G255A, T261A, T273C, C279T, A294C, A305G, C321T, A336G, A384G, T390C, A393G, C414T, C417T, T465C, G497A, G523A, C525T, G528A, T531G, C536T, A540G, G541A, G544A, G546A, C567A, T570C, T617C, G618A, G648A, G670A, T675A, A693G, A702G, T712C, A750T, A796G, A801G, T835C, A852G, C855T, C867T, G894A, G903A, A918G, C932T, C936T, C981T, T984C, A1029G, C1032T, A1054C, A1056G, T1077C, T1089C, T1098C, G1101A, A1122G, T1140C, T1143C, A1155G, C1161T, A1165C, C1170T, T1171C, A1173G, T1216C, G1230A, C1236T, T1242G, T1266C, C1269A, C1275T, A1279G, C1287T, A1308G, C1320T, T1323C, G1330A, G1334A, A1336G, A1344G, T1351C, T1356C, G1362A, G1374A, C1403T, G1410A, A1419G, T1422C, C1425T, G1428A, G1440T, G1445A, T1456C, G1458A, C1462T, A1467G, A1470G, A1472G, A1475G, A1480G, A1482G, G1495A, G1500T, A1503G, G1504A, C1510T, A1525G, C1527T, A1536G, A1542G, C1548T, C1554T, G1563A, C1566T, G1567A	Россия, Ростовская обл., Красносулинский р-н, х. Лихой	Canis lupus familiaris	31.07.25	G1.6
irkn013682	A11T, G12A, C14T, T17C, C18T, C19T, T54C, G87A, C96T, C120T, C123T, A144T, A163G, C183A, C207T, A223G, C234T, A243G, G255A, T261A, C267T, T273G, C279T, A294C, A305G, T315C, C321T, A384G, T390C, C417T, T465C, G497A, C519T, G523A, C525T, G528A, T531G, C534T, A540G, G541A, G544A, G546A, C561T, C567A, C585T, C605T, T617C, G618A, G648A, A663G, G670A, T675C, A693G, A702G, T712C, A750T, A796G, A797G, A801G, C819T, G821A, T835C, A852T, C855T, C867T, G894A, A969G, C981T, T984C, A1029G, C1032T, A1054C, A1056G, T1077C, G1086T, T1098C, G1101A, A1122G, A1131G, T1143C, A1155G, C1161T, A1165C, C1170T, T1171C, T1209C, T1219C, T1223A, G1230A, C1236T, T1242G, C1269A, C1275T, A1279G, C1287T, A1308G, G1330A, G1334A, A1336G, T1351C, T1356C, G1362A, G1378A, C1403T, A1419G, T1422C, C1425T, G1428A, A1434G, C1437T, G1440T, G1445A, G1447T, C1449T, T1456C, G1458A, C1462T, A1467G, A1470G, A1472G, A1475G, A1480G, G1495A, A1503G, G1504A, C1510T, A1516G, A1525G, C1527T, A1536G, A1542G, C1548T, C1554T, C1566T, G1567A	Россия, Респ Бурятия, Закаменский р-н	Vulpes vulpes	22.12.2017	G4
irkn013688	A11T, G12A, C14T, T17C, C18T, C19T, T53C, T54C, G87A, C96T, C120T, C123T, A144T, A163G, C183A, C207T, A223G, C234T, A243G, G255A, T261A, C267T, T273G, C279T, A294C, A305G, C321T, A384G, T390C, C417T, T465C, A468G, G497A, C516T, C519T, G523A, C525T, G528A, T531G, C534T, A540G, G541A, G544A, G546A, C561T, C567A, C576T, C585T, C605T, T617C, G618A, G648A, G670A, T675C, A693G, A702G, T712C, A750T, A796G, A797G, A801G, C819T, G821A, T835C, A852T, C855T, C867T, G894A, A969G, C981T, T984C, A1029G, C1032T, A1054C, A1056G, T1077C, G1086T, T1098C, G1101A, A1122G, A1131G, T1143C, T1150C, A1155G, C1161T, A1165C, C1170T, T1171C, T1216C, T1223A, G1230A, C1236T, T1242G, C1269A, C1275T, A1279G, C1287T, A1308G, G1330A, G1334A, A1336G, T1351C, T1356C, G1362A, G1378A, C1403T, A1419G, T1422C, C1425T, G1428A, A1434G, C1437T, G1440T, G1445A, G1447T, C1449T, T1456C, G1458A, C1462T, A1467G, A1470G, A1472G, A1475G, A1480G, G1495A, A1503G, G1504A, C1510T, A1516G, A1525G, C1527T, A1536G, A1542G, C1548T, C1554T, C1566T, G1567A	Россия, Респ Бурятия, Мухоршибирский р-н	Vulpes vulpes	22.12.2017	G4
irkn013689	A11T, G12A, C14T, T17C, C18T, C19T, T53C, T54C, G87A, C96T, C120T, C123T, A144T, A163G, C183A, C207T, A223G, C234T, A243G, G255A, T261A, C267T, T273G, C279T, A294C, A305G, T315C, C321T, A384G, T390C, C417T, T465C, G497A, C519T, G523A, C525T, G528A, T531G, C534T, A540G, G541A, G544A, G546A, C561T, C567A, C585T, C605T, T617C, G618A, G648A, G670A, T675C, A693G, A702G, T712C, A750T, A796G, A797G, A801G, C819T, G821A, T835C, A852T, C855T, C867T, G894A, A969G, C981T, T984C, A1029G, C1032T, A1054C, A1056G, T1077C, G1086T, T1098C, G1101A, A1122G, A1131G, T1143C, A1155G, C1161T, A1165C, C1170T, T1171C, T1209C, T1219C, T1223A, G1230A, C1236T, T1242G, C1269A, C1275T, A1279G, C1287T, A1308G, G1330A, G1334A, A1336G, T1351C, T1356C, G1362A, G1378A, C1403T, A1419G, T1422C, C1425T, G1428A, A1434G, C1437T, G1440T, G1445A, G1447T, C1449T, T1456C, G1458A, C1462T, A1467G, A1470G, A1472G, A1475G, A1480G, G1495A, A1503G, G1504A, C1510T, A1516G, A1525G, C1527T, A1536G, A1542G, C1548T, C1554T, C1566T, G1567A	Россия, Респ Бурятия, Закаменский р-н	Vulpes vulpes	22.12.2017	G4
irkn013690	A11T, G12A, C14T, T17C, C18T, C19T, T53C, T54C, G87A, C96T, C120T, C123T, A144T, A163G, C183A, C207T, A223G, C234T, A243G, G255A, T261A, C267T, T273G, C279T, A294C, A305G, T315C, C321T, A384G, T390C, C417T, T465C, G497A, C519T, G523A, C525T, G528A, T531G, C534T, A540G, G541A, G544A, G546A, C561T, C567A, C585T, C605T, T617C, G618A, G648A, A663G, G670A, T675C, A693G, A702G, T712C, A750T, A796G, A797G, A801G, C819T, G821A, T835C, A852T, C855T, C867T, G894A, A969G, C981T, T984C, A1029G, C1032T, A1054C, A1056G, T1077C, G1086T, T1098C, G1101A, A1122G, A1131G, T1143C, A1155G, C1161T, A1165C, C1170T, T1171C, T1209C, T1219C, T1223A, G1230A, C1236T, T1242G, C1269A, C1275T, A1279G, C1287T, A1308G, G1330A, G1334A, A1336G, T1351C, T1356C, G1362A, G1378A, C1403T, A1419G, T1422C, C1425T, G1428A, A1434G, C1437T, G1440T, G1445A, G1447T, C1449T, T1456C, G1458A, C1462T, A1467G, A1470G, A1472G, A1475G, A1480G, G1495A, A1503G, G1504A, C1510T, A1516G, A1525G, C1527T, A1536G, A1542G, C1548T, C1554T, C1566T, G1567A	Россия, Респ Бурятия, Закаменский р-н	Bos taurus taurus	22.12.2017	G4
irkn013692	A11T, G12A, C14T, T17C, C18T, C19T, T53C, T54C, G87A, C96T, C120T, C123T, A144T, A163G, C183A, C207T, A223G, C234T, A243G, G255A, T261A, C267T, T273G, C279T, A294C, A305G, C321T, A384G, T390C, C417T, T465C, A468G, G497A, C516T, C519T, G523A, C525T, G528A, T531G, C534T, A540G, G541A, G544A, G546A, C561T, C567A, C576T, C585T, C605T, T617C, G618A, G648A, G670A, T675C, A693G, A702G, T712C, A750T, A796G, A797G, A801G, C819T, G821A, T835C, A852T, C855T, C867T, G894A, A969G, C981T, T984C, A1029G, C1032T, A1054C, A1056G, T1077C, G1086T, T1098C, G1101A, A1122G, A1131G, T1143C, T1150C, A1155G, C1161T, A1165C, C1170T, T1171C, T1216C, T1223A, G1230A, C1236T, T1242G, C1269A, C1275T, A1279G, C1287T, A1308G, G1330A, G1334A, A1336G, T1351C, T1356C, G1362A, G1378A, C1403T, A1419G, T1422C, C1425T, G1428A, A1434G, C1437T, G1440T, G1445A, G1447T, C1449T, T1456C, G1458A, C1462T, A1467G, A1470G, A1472G, A1475G, A1480G, G1495A, A1503G, G1504A, C1510T, A1516G, A1525G, C1527T, A1536G, A1542G, C1548T, C1554T, C1566T, G1567A	Россия, Респ Бурятия, Мухоршибирский р-н	Bos taurus taurus	22.12.2017	G4
irkn013693	A11T, G12A, C14T, C18T, C19T, T41C, T53C, T54C, G87A, C96T, C120T, A132C, A144T, C183A, C207T, A223G, A243G, G255A, T261A, A264G, C267T, C279T, A294C, G300A, A305G, C321T, T390C, C417T, T465C, G497A, C521T, G523A, C525T, G528A, T531G, A540G, G541A, G544A, G546A, C567A, C585T, C605T, T617C, G618A, G648A, G670A, T675C, A693G, A696G, A702G, T712C, A729G, A750T, A796G, A797G, A801G, C814T, C819T, G821A, T835C, C867T, G894A, C981T, T984C, A1029G, C1032T, A1054C, A1056G, T1077C, T1098A, G1101A, A1122G, C1125T, A1131G, T1143C, A1155G, C1161T, A1165C, T1167C, G1168A, C1170T, T1171C, T1216C, T1223A, G1230A, C1236T, T1242G, C1269A, C1275T, A1279G, C1287T, T1293C, A1308G, T1317C, G1330A, G1334A, A1336G, A1344G, T1351C, T1356C, G1362A, A1373G, C1403T, A1419G, T1422C, C1425T, G1428A, A1434G, C1437T, G1440T, G1445A, T1456C, G1458A, C1462T, A1467G, A1470G, A1472G, A1475G, A1480G, G1495A, G1497A, A1503G, G1504A, T1505C, C1510T, A1525G, C1527T, A1536G, A1542G, C1548T, C1554T, C1566T, G1567A	Россия, Красноярский край, Уярский р-н	Vulpes vulpes	02.04.2018	G3
irkn013695	A11T, G12A, C14T, C18T, C19T, T41C, T53C, T54C, G87A, C96T, C120T, A132C, A144T, A163G, C183A, C207T, A223G, A243G, G255A, T261A, C267T, C279T, A294C, G300A, A305G, C321T, T390C, C394A, C417T, T465C, G497A, G523A, C525T, G528A, T531G, A540G, G541A, G544A, G546A, C567A, C585T, C605T, T617C, G618A, G648A, G670A, T675C, A693G, A696G, A702G, T712C, A750T, A796G, A797G, A801G, C814T, C819T, G821A, T835C, C855T, C867T, G894A, C981T, T984C, A1029G, C1032T, A1054C, A1056G, T1077C, T1098A, G1101A, A1122G, C1125T, A1131G, T1143C, A1155G, C1161T, A1165C, T1167C, G1168A, C1170T, T1171C, T1216C, T1223A, G1230A, C1236T, T1242G, C1269A, C1275T, A1279G, C1287T, T1293C, A1308G, T1317C, G1330A, G1334A, A1336G, T1351C, T1356C, G1362A, A1373G, C1403T, A1419G, T1422C, C1425T, G1428A, A1434G, C1437T, G1440T, G1445A, T1456C, G1458A, C1462T, A1467G, A1470G, A1472G, A1475G, A1480G, G1495A, G1497A, A1503G, G1504A, C1510T, A1525G, C1527T, A1536G, A1542G, C1548T, C1554T, C1566T, G1567A	Россия, Красноярский край, Минусинский р-н	Bos taurus taurus	02.04.2018	G3
irkn013697	A11T, G12A, C14T, C18T, C19T, T41C, T53C, T54C, G87A, C96T, C120T, A132C, A144T, A163G, C183A, C207T, A223G, A243G, G255A, T261A, C267T, C279T, A294C, G300A, A305G, C321T, T390C, C417T, T465C, G497A, C521T, G523A, C525T, G528A, T531G, A540G, G541A, G544A, G546A, C567A, C585T, C605T, T617C, G618A, G648A, G670A, T675C, A693G, A696G, A702G, T712C, A729G, A750T, A796G, A797G, A801G, C814T, C819T, G821A, T835C, C867T, G894A, C981T, T984C, A1029G, C1032T, A1054C, A1056G, T1077C, T1098A, G1101A, A1122G, C1125T, A1131G, T1143C, A1155G, C1161T, A1165C, T1167C, G1168A, C1170T, T1171C, T1216C, T1223A, G1230A, C1236T, T1242G, C1269A, C1275T, A1279G, C1287T, T1293C, A1308G, T1317C, G1330A, G1334A, A1336G, T1351C, T1356C, G1362A, A1373G, C1403T, A1419G, T1422C, C1425T, G1428A, A1434G, C1437T, G1440T, G1445A, T1456C, G1458A, C1462T, A1467G, A1470G, A1472G, A1475G, A1480G, G1495A, G1497A, A1503G, G1504A, T1505C, C1510T, A1525G, C1527T, A1536G, A1542G, C1548T, C1554T, C1566T, G1567A	Россия, Красноярский край	Vulpes vulpes	01.01.2021	G3
irkn013699	A11T, G12A, C14T, C18T, C19T, C28T, T53C, T54C, A60G, G87A, T90C, C96T, C120T, A144T, C183A, T195C, A213C, A223G, G231A, A243G, G255A, T261A, C279T, A294C, A305G, C321T, T333C, C372T, A384G, T390C, C417T, T465C, G497A, G523A, C525T, G528A, T531G, A540G, G544A, G546A, C567A, C605T, T617C, G618A, T639C, G648A, G670A, T675C, A693G, A702G, T705C, T712C, A750T, G783A, A796G, A801G, C819T, G821A, T834C, T835C, A852G, C855T, C867T, G894A, C981T, T984C, A1029G, C1032T, A1054C, A1056G, T1077C, T1098C, G1101A, A1122G, A1131G, T1143C, A1155G, C1161T, A1165C, C1170T, T1171C, A1173G, A1188G, T1216C, T1223A, G1230A, C1236T, T1242G, C1251T, C1269A, C1275T, A1279G, C1287T, A1308G, G1330A, G1334A, A1336G, A1344G, T1351C, T1356C, G1362A, C1403T, A1419G, T1422C, C1425T, G1428A, A1434G, C1437T, G1440T, G1445A, T1456C, G1458A, C1462T, T1464C, A1467G, A1470G, A1472G, A1475G, A1480G, A1486G, G1495A, A1503G, G1504A, C1506T, C1510T, A1525G, C1527T, A1536G, A1542G, C1554T, C1566T, G1567A, C1570T	Россия, Красноярский край	Vulpes vulpes	01.01.2021	G2
irkn013701	A11T, G12A, C14T, C18T, C19T, T41C, T54C, G87A, C96T, C120T, A132C, A144T, C183A, C207T, A223G, A243G, G255A, T261A, A264G, C267T, C279T, A294C, G300A, A305G, C321T, T390C, C417T, T465C, G497A, C521T, G523A, C525T, G528A, T531G, A540G, G541A, G544A, G546A, C567A, C585T, C605T, T617C, G618A, G648A, G670A, T675C, A693G, A696G, A702G, T712C, A729G, A750T, A796G, A797G, A801G, C814T, C819T, G821A, T835C, C867T, G894A, C981T, T984C, A1029G, C1032T, A1054C, A1056G, T1077C, T1098A, G1101A, A1122G, C1125T, A1131G, T1143C, A1155G, C1161T, A1165C, T1167C, G1168A, C1170T, T1171C, T1216C, T1223A, G1230A, C1236T, T1242G, C1269A, C1275T, A1279G, C1287T, T1293C, A1308G, T1317C, G1330A, G1334A, A1336G, A1344G, T1351C, T1356C, G1362A, A1373G, C1403T, A1419G, T1422C, C1425T, G1428A, A1434G, C1437T, G1440T, G1445A, T1456C, G1458A, C1462T, A1467G, A1470G, A1472G, A1475G, A1480G, G1495A, G1497A, A1503G, G1504A, T1505C, C1510T, A1525G, C1527T, A1536G, A1542G, C1548T, C1554T, C1566T, G1567A	Россия, Красноярский край	Vulpes vulpes	01.01.2021	G3
irkn013702	A11T, G12A, C14T, C18T, C19T, C28T, T53C, T54C, A60G, G87A, T90C, C96T, C120T, A144T, C183A, T195C, A213C, A223G, G231A, A243G, G255A, T261A, C279T, A294C, A305G, C321T, T333C, C372T, A384G, T390C, C417T, T465C, G497A, G523A, C525T, G528A, T531G, A540G, G544A, G546A, C567A, C605T, T617C, G618A, T639C, G648A, G670A, T675C, A693G, A702G, T705C, T712C, A750T, G783A, A796G, A801G, C819T, G821A, T834C, T835C, A852G, C855T, C867T, G894A, C981T, T984C, A1029G, C1032T, A1054C, A1056G, T1077C, T1098C, G1101A, A1122G, A1131G, T1143C, A1155G, C1161T, A1165C, C1170T, T1171C, A1173G, A1188G, T1216C, T1223A, G1230A, C1236T, T1242G, C1251T, C1269A, C1275T, A1279G, C1287T, A1308G, G1330A, G1334A, A1336G, A1344G, T1351C, T1356C, G1362A, C1403T, A1419G, T1422C, C1425T, G1428A, A1434G, C1437T, G1440T, G1445A, T1456C, G1458A, C1462T, T1464C, A1467G, A1470G, A1472G, A1475G, A1480G, A1486G, G1495A, A1503G, G1504A, C1506T, C1510T, A1525G, C1527T, A1536G, A1542G, C1554T, C1566T, G1567A, C1570T	Россия, Красноярский край	Vulpes vulpes	01.01.2021	G2
irkn013708	A11T, G12A, C14T, T17C, C18T, C19T, T53C, T54C, G87A, C96T, C120T, C123T, A144T, A163G, C183A, C207T, A213C, A223G, C234T, A243G, G255A, T261A, C267T, T273G, C279T, A294C, A305G, C321T, A384G, T390C, C417T, T465C, A468G, G497A, C516T, C519T, G523A, C525T, G528A, T531G, C534T, A540G, G541A, G544A, G546A, C561T, C567A, C576T, C585T, C605T, T617C, G618A, G648A, G670A, T675C, A693G, A702G, T712C, A750T, A796G, A797G, A801G, G821A, T835C, A852T, C855T, C867T, G894A, A969G, C981T, T984C, A1029G, C1032T, A1054C, A1056G, T1077C, G1086T, T1098C, G1101A, A1122G, A1131G, T1143C, T1150C, A1155G, C1161T, A1165C, C1170T, T1171C, T1216C, T1223A, G1230A, C1236T, T1242G, C1269A, C1275T, A1279G, C1287T, A1308G, G1330A, G1334A, A1336G, T1351C, T1356C, G1362A, G1378A, C1403T, A1419G, T1422C, C1425T, G1428A, A1434G, C1437T, G1440T, G1445A, G1447T, C1449T, T1456C, G1458A, C1462T, A1467G, A1470G, A1472G, A1475G, A1480G, G1495A, A1503G, G1504A, C1510T, A1516G, A1525G, C1527T, A1536G, A1542G, C1548T, C1554T, C1566T, G1567A	Россия, Респ Бурятия, Мухоршибирский р-н	Vulpes vulpes	22.12.2017	G4
irkn017377	A11T, G12A, C14T, C18T, C19T, T41C, T53C, T54C, G87A, C96T, C120T, A132C, A144T, C183A, A204G, C207T, A223G, A243G, G255A, T261A, A264G, C267T, C279T, A294C, G300A, A305G, C321T, T390C, C417T, T465C, G497A, C521T, G523A, C525T, G528A, T531G, A540G, G541A, G544A, G546A, C567A, C585T, C605T, T617C, G618A, G648A, G670A, T675C, T684C, A693G, A696G, A702G, T712C, A729G, A750T, A796G, A797G, A801G, C819T, G821A, T835C, C867T, G894A, C981T, T984C, A1029G, C1032T, A1054C, A1056G, T1077C, A1080G, T1098A, G1101A, A1122G, C1125T, A1131G, T1143C, A1155G, C1161T, A1165C, T1167C, G1168A, C1170T, T1171C, T1216C, T1223A, G1230A, C1236T, T1242G, C1269A, C1275T, A1279G, C1287T, T1293C, A1308G, T1317C, G1330A, G1334A, A1336G, A1344G, T1351C, T1356C, G1362A, A1373G, C1403T, A1419G, T1422C, C1425T, G1428A, A1434G, C1437T, G1440T, G1445A, T1456C, C1462T, A1467G, A1470G, A1472G, A1475G, A1480G, G1495A, G1497A, A1503G, G1504A, T1505C, C1510T, A1525G, C1527T, A1536G, A1542G, C1548T, C1554T, C1566T, G1567A	Россия, Красноярский край, Минусинский р-н	Vulpes vulpes	09.02.2024	G3
irkn017378	A11T, G12A, C14T, C16T, C18T, C19T, T41C, T53C, T54C, G87A, C96T, C120T, A132C, A144T, C183A, C207T, A223G, A243G, G255A, T261A, A264G, C267T, C279T, A294C, G300A, A305G, C321T, T390C, C417T, T465C, G497A, C521T, G523A, C525T, G528A, T531G, A540G, G541A, G544A, G546A, C567A, C585T, C605T, T617C, G618A, G648A, G670A, T675C, A693G, A702G, T712C, A729G, A750T, A796G, A797G, A801G, C819T, G821A, T835C, C867T, G894A, C924T, C981T, T984C, A1029G, C1032T, A1054C, A1056G, T1077C, T1098A, G1101A, A1122G, C1125T, A1131G, T1143C, A1155G, C1161T, A1165C, T1167C, G1168A, C1170T, T1171C, T1216C, T1223A, G1230A, C1236T, T1242G, C1269A, C1275T, A1279G, C1287T, T1293C, A1308G, T1317C, G1330A, G1334A, A1336G, A1344G, T1351C, T1356C, G1362A, A1373G, C1403T, A1419G, T1422C, C1425T, G1428A, A1434G, C1437T, G1440T, G1445A, T1456C, G1458A, C1462T, A1467G, A1470G, A1472G, A1475G, A1480G, G1495A, G1497A, A1503G, G1504A, T1505C, C1510T, A1525G, C1527T, A1536G, A1542G, C1548T, C1554T, C1566T, G1567A	Россия, Красноярский край, Уярский р-н	Vulpes vulpes	12.03.2024	G3
irkn017379	A11T, G12A, C14T, C18T, C19T, T41C, T53C, T54C, G87A, C96T, C120T, A132C, A144T, A163G, C183A, C207T, A223G, A243G, G255A, T261A, C267T, C279T, A294C, G300A, A305G, C321T, C326T, T390C, C417T, G454A, T465C, G497A, C521T, G523A, C525T, G528A, T531G, A540G, G541A, G544A, G546A, C567A, C585T, C605T, T617C, G618A, G648A, G670A, T675C, A693G, A696G, A702G, T712C, A729G, A750T, A796G, A797G, A801G, C819T, G821A, T835C, C867T, G894A, C981T, T984C, A1029G, C1032T, A1054C, A1056G, T1077C, T1098A, G1101A, A1122G, C1125T, A1131G, T1143C, A1155G, C1161T, A1165C, T1167C, G1168A, C1170T, T1171C, T1216C, T1223A, G1230A, C1236T, T1242G, C1269A, C1275T, A1279G, C1287T, T1293C, A1308G, T1317C, G1330A, G1334A, A1336G, T1351C, T1356C, G1362A, A1373G, C1403T, A1419G, T1422C, C1425T, C1426T, G1428A, A1434G, C1437T, G1440T, G1445A, T1456C, G1458A, C1462T, A1467G, A1470G, A1472G, A1475G, A1480G, G1495A, G1497A, A1503G, G1504A, T1505C, C1510T, A1525G, C1527T, A1536G, A1542G, C1548T, C1554T, C1566T, G1567A	Россия, Красноярский край, Минусинский р-н	Vulpes vulpes	06.03.2024	G3
irkn019104	A11T, G12A, C14T, C18T, C19T, C28T, T53C, T54C, A60G, G87A, T90C, C96T, C120T, A144T, C183A, T195C, A213C, A223G, G231A, A243G, G255A, T261A, C279T, A294C, A305G, T333C, C372T, A384G, T390C, C417T, T465C, G497A, G523A, C525T, G528A, T531G, A540G, G544A, G546A, C567A, C605T, T617C, G618A, T639C, G648A, G670A, T675C, A693G, A702G, T705C, T712C, A750T, G783A, A796G, A801G, C819T, G821A, T834C, T835C, A852G, C855T, C867T, G894A, C981T, T984C, A1029G, C1032T, A1054C, A1056G, T1077C, T1098C, G1101A, A1122G, A1131G, T1143C, A1155G, C1161T, A1165C, C1170T, T1171C, A1173G, A1188G, T1216C, T1223A, G1230A, C1236T, T1242G, C1251T, C1269A, C1275T, A1279G, C1287T, A1308G, G1330A, G1334A, A1336G, A1344G, T1351C, T1356C, G1362A, C1403T, A1419G, T1422C, C1425T, G1428A, A1434G, C1437T, G1440T, G1445A, T1456C, G1458A, C1462T, T1464C, A1467G, A1470G, A1472G, A1475G, A1480G, G1495A, A1503G, G1504A, C1506T, C1510T, A1525G, C1527T, A1536G, A1542G, C1554T, C1566T, G1567A, C1570T	Россия, Красноярский край	Vulpes vulpes	26.02.2024	G2
irkn019105	A11T, G12A, C14T, C18T, C19T, T53C, T54C, G87A, T90G, C96T, C120T, C123T, A144T, A163G, C183A, C207T, A223G, C234T, A243G, G255A, G258A, T261A, C267T, C279T, A294C, A305G, C321T, T369C, A384G, T390C, C417T, T465C, G497A, G523A, C525T, G528A, T531G, C534T, A540G, G541A, G544A, G546A, C561T, C567A, C585T, C605T, T617C, G618A, G648A, A667G, G670A, T675C, A693G, A702G, T712C, A714G, A750T, A796G, A797G, A801G, C819T, G821A, T835C, A852T, C855T, C867T, G894A, G903A, A969G, C981T, T984C, A1029G, C1032T, A1054C, A1056G, T1077C, G1086T, T1098C, G1101A, G1104A, A1122G, A1131G, T1143C, A1155G, C1161T, A1165C, C1170T, T1171C, T1216C, T1223A, G1230A, C1236T, T1242G, C1269A, C1275T, A1279G, C1287T, A1308G, G1326A, G1330A, G1334A, A1336G, T1351C, T1356C, G1362A, G1378A, A1402G, C1403T, T1408C, A1419G, T1422C, C1425T, G1428A, A1434G, C1437T, G1440T, G1445A, G1447T, T1456C, G1458A, C1462T, A1467G, A1470G, A1472G, A1475G, A1480G, G1495A, G1497A, A1503G, G1504A, T1509A, C1510T, A1516G, A1525G, C1527T, A1536G, A1542G, A1545T, C1548T, C1554T, C1566T	Россия, Красноярский край, Ермаковский р-н	Canis lupus familiaris	22.01.2024	G6
irkn019106	A11T, G12A, C14T, C18T, C19T, T41C, T53C, T54C, G87A, C120T, A132C, A144T, A163G, C183A, C207T, A223G, A243G, G255A, T261A, C267T, C279T, A294C, G300A, A305G, C321T, T390C, C417T, T465C, G497A, G523A, C525T, G528A, T531G, A540G, G541A, G544A, G546A, C567A, C585T, C605T, T617C, G618A, G648A, G670A, T675C, A693G, A696G, A702G, T712C, A750T, A796G, A797G, A801G, C814T, C819T, G821A, T835C, C855T, C867T, G894A, C981T, A1029G, C1032T, A1054C, A1056G, T1077C, T1098A, G1101A, A1122G, C1125T, A1131G, T1143C, A1155G, C1161T, A1165C, T1167C, G1168A, C1170T, T1171C, T1216C, T1223A, G1230A, C1236T, T1242G, C1269A, C1275T, A1279G, C1287T, T1293C, A1308G, T1317C, G1330A, G1334A, A1336G, T1351C, T1356C, A1372G, C1403T, A1419G, T1422C, C1425T, G1428A, A1434G, C1437T, G1440T, G1445A, T1456C, G1458A, C1462T, A1467G, A1470G, A1472G, A1475G, A1480G, G1495A, G1497A, A1503G, G1504A, C1510T, A1525G, C1527T, A1536G, A1542G, C1548T, C1554T, C1566T, G1567A	Россия, Респ Хакасия, Боградский р-н	Vulpes vulpes	16.11.2015	G3
irkn019107	A11T, G12A, C14T, T17C, C18T, C19T, T53C, T54C, G87A, C96T, C120T, C123T, A144T, A163G, C183A, C207T, A223G, C234T, A243G, G255A, T261A, C267T, T273G, C279T, A294C, A305G, C321T, T390C, C417T, T465C, G497A, C521T, G523A, C525T, G528A, T531G, A540G, G541A, G544A, G546A, C567A, C585T, C605T, T617C, G618A, G648A, G670A, T675C, A693G, A696G, A702G, T712C, A729G, A750T, A796G, A797G, A801G, C814T, C819T, G821A, T835C, C867T, G894A, C981T, T984C, A1029G, C1032T, A1054C, A1056G, T1077C, T1098A, G1101A, A1122G, C1125T, A1131G, T1143C, A1155G, C1161T, A1165C, T1167C, G1168A, C1170T, T1171C, T1216C, T1223A, G1230A, C1236T, T1242G, C1269A, C1275T, A1279G, C1287T, T1293C, A1308G, T1317C, G1330A, G1334A, A1336G, A1344G, T1351C, T1356C, G1362A, A1373G, C1403T, A1419G, T1422C, C1425T, G1428A, A1434G, C1437T, G1440T, G1445A, T1456C, G1458A, C1462T, A1467G, A1470G, A1472G, A1475G, A1480G, G1495A, G1497A, A1503G, G1504A, T1505C, C1510T, A1525G, C1527T, A1536G, A1542G, C1548T, C1554T, C1566T, G1567A	Россия, Респ Бурятия, Джидинский р-н	КРС	03.12.2017	G3
irkn019108	A11T, G12A, C14T, C18T, C19T, T41C, T53C, T54C, G87A, C96T, C120T, A132C, A144T, A163G, C183A, C207T, A223G, A243G, G255A, T261A, C267T, C279T, A294C, G300A, A305G, C321T, T390C, C417T, T465C, G497A, G523A, C525T, G528A, T531G, A540G, G541A, G544A, G546A, C567A, C585T, C605T, T617C, G618A, G670A, T675C, A693G, A696G, A702G, T712C, A750T, A796G, A797G, A801G, C819T, G821A, T835C, C855T, C867T, G894A, T978C, C981T, T984C, A1029G, C1032T, A1054C, A1056G, T1077C, T1098A, G1101A, A1122G, C1125T, A1131G, T1143C, A1155G, C1161T, A1165C, T1167C, G1168A, C1170T, T1171C, T1216C, T1223A, G1230A, C1236T, T1242G, C1269A, C1275T, A1279G, C1287T, T1293C, A1308G, T1317C, G1330A, G1334A, A1336G, T1351C, T1356C, G1362A, A1373G, C1403T, A1419G, T1422C, C1425T, G1428A, T1430C, A1434G, C1437T, G1440T, G1445A, T1456C, G1458A, C1462T, A1467G, A1469G, A1470G, A1472G, A1475G, A1480G, G1495A, G1497A, A1503G, G1504A, T1505C, C1510T, A1525G, C1527T, A1536G, A1542G, C1548T, C1554T, C1566T, G1567A	Россия, Красноярский край, Каратузский р-н	КРС	02.04.2018	G3
irkn021366	A11T, G12A, C14T, C18T, C19T, T41C, T53C, T54C, G87A, C96T, C120T, A132C, A144T, C183A, C207T, A223G, A243G, G255A, T261A, A264G, C267T, C279T, A294C, G300A, A305G, C321T, T390C, C417T, T465C, G497A, C521T, G523A, C525T, G528A, T531G, A540G, G541A, G544A, G546A, C567A, C585T, C605T, T617C, G618A, G648A, G670A, T675C, A693G, A696G, A702G, T712C, A729G, A750T, A796G, A797G, A801G, C819T, G821A, T835C, C867T, G894A, C981T, T984C, A1029G, C1032T, A1054C, A1056G, T1077C, T1098A, G1101A, A1122G, C1125T, A1131G, T1143C, A1155G, C1161T, A1165C, T1167C, G1168A, C1170T, T1171C, T1216C, T1223A, G1230A, C1236T, T1242G, C1269A, C1275T, A1279G, C1287T, T1293C, A1308G, T1317C, G1330A, G1334A, A1336G, A1344G, T1351C, T1356C, G1362A, A1373G, C1403T, A1419G, T1422C, C1425T, G1428A, A1434G, C1437T, G1440T, G1445A, T1456C, G1458A, C1462T, A1467G, A1470G, A1472G, A1475G, A1480G, G1495A, G1497A, A1503G, G1504A, T1505C, C1510T, A1525G, C1527T, A1536G, A1542G, C1548T, C1554T, C1566T, G1567A	Россия, Красноярский край, Уярский р-н	Vulpes vulpes	02.04.2018	G3
irkn021368	A11T, G12A, C14T, C18T, C19T, C28T, T53C, T54C, A60G, G87A, T90C, C96T, C120T, A144T, C183A, T195C, A213C, A223G, G231A, A243G, G255A, T261A, C279T, A294C, A305G, C321T, T333C, C372T, A384G, T390C, C417T, T465C, G497A, G523A, C525T, G528A, T531G, A540G, G544A, G546A, C567A, C605T, T617C, G618A, T639C, G648A, G670A, T675C, A693G, A702G, T705C, T712C, A750T, G783A, A796G, A801G, C819T, G821A, T834C, T835C, A852G, C855T, C867T, G894A, C981T, T984C, A1029G, C1032T, A1054C, A1056G, T1077C, T1098C, G1101A, A1122G, A1131G, T1143C, A1155G, C1161T, A1165C, C1170T, T1171C, A1173G, A1188G, T1216C, T1223A, G1230A, C1236T, T1242G, C1251T, C1269A, C1275T, A1279G, C1287T, A1308G, G1330A, G1334A, A1336G, A1344G, T1351C, T1356C, G1362A, C1403T, A1419G, T1422C, C1425T, G1428A, A1434G, C1437T, G1440T, G1445A, T1456C, G1458A, C1462T, T1464C, A1467G, A1470G, A1472G, A1475G, A1480G, A1486G, G1495A, A1503G, G1504A, C1506T, C1510T, A1525G, C1527T, A1536G, A1542G, C1554T, C1566T, G1567A, C1570T	Россия, Красноярский край, Шарыповский р-н	Vulpes vulpes	02.04.2018	G2
irkn021369	A11T, G12A, C14T, C18T, C19T, T40C, T41C, T53C, T54C, G87A, C96T, C120T, A132C, A144T, A163G, C183A, C207T, A223G, A243G, G255A, T261A, C267T, C279T, A294C, G300A, A305G, C321T, T390C, C394T, C417T, T465C, G497A, G523A, C525T, G528A, T531G, A540G, G541A, G544A, G546A, C567A, C585T, C605T, T617C, G618A, G648A, G670A, T675C, A693G, A696G, A702G, T712C, A750C, A796G, A797G, A801G, C819T, G821A, T835C, C855T, C867T, G894A, T978G, C981T, T984C, A1029G, C1032T, A1054C, A1056G, A1063G, T1077C, T1098A, G1101A, A1122G, C1125T, A1131G, T1143C, A1155G, C1161T, A1165C, T1167C, G1168A, C1170T, T1171C, T1216C, T1223A, G1230A, C1236T, T1242G, C1269A, C1275T, A1279G, C1287T, T1293C, A1308G, T1317C, G1330A, G1334A, A1336G, T1351C, T1356C, G1362A, A1373G, C1403T, A1419G, T1422C, C1425T, G1428A, A1434G, C1437T, G1440T, G1445A, T1456C, G1458A, C1462T, A1467G, A1470G, A1472G, A1475G, A1480G, G1495A, G1497A, A1503G, G1504A, C1510T, A1525G, C1527T, A1536G, A1542G, C1548T, C1554T, C1566T, G1567A	Россия, Красноярский край, Курагинский р-н	Equus caballus	02.04.2018	G3
irkn021370	A11T, G12A, C14T, C18T, C19T, C28T, T53C, T54C, A60G, G87A, T90C, C96T, C120T, A144T, C183A, T195C, A213C, A223G, G231A, A243G, G255A, T261A, C279T, A294C, A305G, C321T, T333C, C372T, A384G, T390C, C417T, T465C, G497A, G523A, C525T, G528A, T531G, A540G, G544A, G546A, C567A, C605T, T617C, G618A, T639C, G648A, G670A, T675C, A693G, A702G, T705C, T712C, A750T, G783A, A796G, A801G, C819T, G821A, T834C, T835C, A852G, C855T, C867T, G894A, C981T, T984C, A1029G, C1032T, A1054C, A1056G, T1077C, T1098C, G1101A, A1122G, A1131G, T1143C, A1155G, C1161T, A1165C, C1170T, T1171C, A1173G, A1188G, T1216C, T1223A, G1230A, C1236T, T1242G, C1251T, C1269A, C1275T, A1279G, C1287T, A1308G, G1330A, G1334A, A1336G, A1344G, T1351C, T1356C, G1362A, C1403T, A1419G, T1422C, C1425T, G1428A, A1434G, C1437T, G1440T, G1445A, T1456C, G1458A, C1462T, T1464C, A1467G, A1470G, A1472G, A1475G, A1480G, G1495A, A1503G, G1504A, C1506T, C1510T, A1525G, C1527T, A1536G, A1542G, C1554T, C1566T, G1567A, C1570T	Россия, Красноярский край, Пировский р-н	Vulpes vulpes	11.06.2019	G2
irkn021371	A11T, G12A, C14T, C18T, C19T, T41C, T53C, T54C, G87A, C96T, C120T, A144T, C183A, C207T, A223G, A243G, G255A, T261A, A264G, C267T, C279T, A294C, G300A, A305G, C321T, T390C, C417T, T465C, G497A, C521T, G523A, C525T, G528A, T531G, A540G, G541A, G544A, G546A, C567A, C585T, C605T, T617C, G618A, G648A, G670A, T675C, A693G, A696G, A702G, T712C, A729G, A750T, A796G, A797G, A801G, C819T, G821A, T835C, C867T, G894A, C981T, T984C, A1029G, C1032T, A1054C, A1056G, T1077C, T1098A, G1101A, A1122G, C1125T, A1131G, T1143C, A1155G, C1161T, A1165C, T1167C, G1168A, C1170T, T1171C, T1216C, T1223A, G1230A, C1236T, T1242G, C1269A, C1275T, A1279G, C1287T, T1293C, T1317C, G1330A, G1334A, A1336G, A1344G, T1351C, T1356C, G1362A, A1373G, C1403T, A1419G, T1422C, C1425T, G1428A, A1434G, C1437T, G1440T, G1445A, T1456C, G1458A, C1462T, A1467G, A1470G, A1472G, A1475G, A1480G, G1495A, G1497A, A1503G, G1504A, T1505C, C1510T, A1525G, C1527T, A1536G, A1542G, C1548T, C1554T, C1566T, G1567A	Россия, Красноярский край, Канский р-н	Vulpes vulpes	19.06.2019	G3
irkn021372	A11T, G12A, C14T, C18T, C19T, C28T, T53C, T54C, A60G, G87A, T90C, C96T, C120T, A144T, C183A, T195C, A213C, A223G, G231A, A243G, G255A, T261A, C279T, A294C, A305G, C321T, T333C, C372T, A384G, T390C, C391T, C417T, T465C, G497A, G523A, C525T, G528A, T531G, A540G, G544A, G546A, C567A, C605T, T617C, G618A, T639C, G648A, G670A, T675C, A693G, A702G, T705C, T712C, A750T, G783A, A796G, A801G, C819T, G821A, T834C, T835C, A852G, C855T, C867T, G894A, C981T, T984C, A1029G, C1032T, A1054C, A1056G, T1077C, T1098C, G1101A, A1122G, A1131G, T1143C, A1155G, C1161T, A1165C, C1170T, T1171C, A1173G, A1188G, T1216C, T1223A, G1230A, C1236T, T1242G, C1251T, C1269A, C1275T, A1279G, C1287T, A1308G, G1330A, G1334A, A1336G, A1344G, T1351C, T1356C, G1362A, C1403T, A1419G, T1422C, C1425T, G1428A, A1434G, C1437T, G1440T, G1445A, T1456C, G1458A, C1462T, T1464C, A1467G, A1470G, A1472G, A1475G, A1480G, A1486G, G1495A, A1503G, G1504A, C1506T, C1510T, A1525G, C1527T, A1536G, A1542G, C1554T, C1566T, G1567A, C1570T	Россия, Красноярский край, Ужурский р-н	Vulpes vulpes	19.06.2019	G2
irkn021373	A11T, G12A, C14T, C18T, C19T, T41C, T53C, T54C, G87A, C96T, C120T, A132C, A144T, C183A, C207T, A223G, A243G, G255A, T261A, A264G, C267T, C279T, A294C, G300A, A305G, C321T, T390C, C417T, T465C, G497A, C521T, G523A, C525T, G528A, T531G, A540G, G541A, G544A, G546A, C567A, C585T, C605T, T617C, G618A, G648A, G670A, T675C, A693G, A696G, A702G, T712C, A729G, A750T, A796G, A797G, A801G, C814T, C819T, G821A, T835C, C867T, G894A, C981T, T984C, A1029G, C1032T, A1054C, A1056G, T1077C, T1098A, G1101A, A1122G, C1125T, A1131G, T1143C, A1155G, C1161T, A1165C, T1167C, G1168A, C1170T, T1171C, T1216C, T1223A, G1230A, C1236T, T1242G, C1269A, C1275T, A1279G, C1287T, T1293C, A1308G, T1317C, G1330A, G1334A, A1336G, A1344G, T1351C, T1356C, G1362A, A1373G, C1403T, A1419G, T1422C, C1425T, G1428A, A1434G, C1437T, G1440T, G1445A, T1456C, G1458A, C1462T, A1467G, A1470G, A1472G, A1475G, A1480G, G1495A, G1497A, A1503G, G1504A, T1505C, C1510T, A1525G, C1527T, A1536G, A1542G, C1548T, C1554T, C1566T, G1567A	Россия, Красноярский край, Канский р-н	Vulpes vulpes	19.06.2019	G3
irkn021374	A11T, G12A, C14T, C18T, C19T, T53C, T54C, A60G, G87A, T90C, C96T, C120T, A144T, C183A, A223G, G231A, A243G, G255A, T261A, C279T, A294C, A305G, C318T, C321T, C372T, A384G, T390C, C417T, T465C, G497A, G523A, C525T, G528A, T531G, A540G, G541A, G544A, G546A, C567A, C605T, T617C, G618A, T639C, G648A, G670A, T675C, A693G, A702G, T705C, T712C, A750T, A796G, A801G, C819T, G821A, T834C, T835C, A852G, C855T, C867T, G894A, C981T, T984C, A1029G, C1032T, A1054C, A1056G, T1077C, T1098C, G1101A, A1122G, A1131G, T1143C, A1155G, C1161T, A1165C, C1170T, T1171C, A1173G, A1188G, T1216C, T1223A, G1230A, C1236T, T1242G, C1251T, C1269A, C1275T, A1279G, C1287T, A1308G, C1320A, G1330A, G1334A, A1336G, A1344G, T1351C, T1356C, G1362A, C1403T, A1419G, T1422C, C1425T, G1428A, A1434G, C1437T, G1440T, G1445A, T1456C, C1462T, T1464C, A1467G, A1470G, A1472G, A1475G, A1480G, G1495A, A1503G, G1504A, C1510T, A1525G, C1527T, A1536T, A1542G, A1545C, C1554T, C1566T, G1567A, C1570T	Россия, Респ Алтай, Усть-Коксинский р-н	КРС	14.04.2021	G2
irkn021375	A11T, G12A, C14T, C18T, C19T, T53C, T54C, A60G, G87A, T90C, C96T, C120T, A144T, C183A, A223G, G231A, A243G, G255A, T261A, C279T, A294C, A305G, C318T, C321T, C372T, A384G, T390C, C417T, T465C, G497A, G523A, C525T, G528A, T531G, A540G, G541A, G544A, G546A, C567A, C605T, T617C, G618A, T639C, G648A, G670A, T675C, A693G, A702G, T705C, T712C, A750T, A796G, A801G, C819T, G821A, T834C, T835C, A852G, C855T, C867T, G894A, C981T, T984C, A1029G, C1032T, A1054C, A1056G, T1077C, T1098C, G1101A, A1122G, A1131G, T1143C, A1155G, C1161T, A1165C, C1170T, T1171C, A1173G, A1188G, T1216C, T1223A, G1230A, C1236T, T1242G, C1251T, C1269A, C1275T, A1279G, C1287T, A1308G, C1320A, G1330A, G1334A, A1336G, A1344G, T1351C, T1356C, G1362A, C1403T, A1419G, T1422C, C1425T, G1428A, A1434G, C1437T, G1440T, G1445A, T1456C, C1462T, T1464C, A1467G, A1470G, A1472G, A1475G, A1480G, G1495A, A1503G, G1504A, C1510T, A1525G, C1527T, A1536T, A1542G, A1545C, C1554T, C1566T, G1567A, C1570T	Россия, Респ Алтай, Усть-Коксинский р-н	Vulpes vulpes	14.04.2021	G2
irkn021376	A11T, G12A, C14T, C18T, C19T, T53C, T54C, A60G, G87A, T90C, C96T, C120T, A144T, C183A, A223G, G231A, A243G, G255A, T261A, C279T, A294C, A305G, C318T, C321T, C372T, A384G, T390C, C417T, T465C, G497A, G523A, C525T, G528A, T531G, A540G, G541A, G544A, G546A, C567A, C605T, T617C, G618A, T639C, G648A, G670A, T675C, A693G, A702G, T705C, T712C, A750T, A796G, A801G, C819T, G821A, T834C, T835C, A852G, C855T, C867T, G894A, C981T, T984C, A1029G, C1032T, A1054C, A1056G, T1077C, T1098C, G1101A, A1122G, A1131G, T1143C, A1155G, C1161T, A1165C, C1170T, T1171C, A1173G, A1188G, T1216C, T1223A, G1230A, C1236T, T1242G, C1251T, C1269A, C1275T, A1279G, C1287T, A1308G, C1320A, G1330A, G1334A, A1336G, A1344G, T1351C, T1356C, G1362A, C1403T, A1419G, T1422C, C1425T, G1428A, A1434G, C1437T, G1440T, G1445A, T1456C, C1462T, T1464C, A1467G, A1470G, A1472G, A1475G, A1480G, G1495A, A1503G, G1504A, C1510T, A1525G, C1527T, A1536T, A1542G, A1545C, C1554T, C1566T, G1567A, C1570T	Россия, Респ Алтай, Усть-Коксинский р-н	КРС	14.04.2021	G2
irkn021377	A11T, G12A, C14T, C18T, C19T, C28T, T53C, T54C, A60G, G87A, T90C, C96T, C120T, A144T, C183A, T195C, A213C, A223G, G231A, A243G, G255A, T261A, C279T, A294C, A305G, C321T, T333C, C372T, A384G, T390C, C417T, T465C, G497A, G523A, C525T, G528A, T531G, A540G, G544A, G546A, C558T, C567A, C605T, T617C, G618A, T639C, G648A, G670A, T675C, A693G, A702G, T705C, T712C, A750T, G783A, A796G, A801G, C819T, G821A, T834C, T835C, A852G, C855T, C867T, G894A, C981T, T984C, A1029G, C1032T, A1054C, A1056G, T1077C, T1098C, G1101A, A1122G, A1131G, T1143C, A1155G, C1161T, A1165C, C1170T, T1171C, A1173G, A1188G, T1216C, T1223A, G1230A, C1236T, T1242G, C1251T, C1269A, C1275T, A1279G, C1287T, A1308G, G1330A, G1334A, A1336G, A1344G, T1351C, G1353A, T1356C, G1362A, C1403T, A1419G, T1422C, C1425T, G1428A, A1434G, C1437T, G1440T, G1445A, T1456C, G1458A, C1462T, T1464C, A1467G, A1470G, A1472G, A1475G, A1480G, A1486G, G1495A, A1503G, G1504A, C1506T, C1510T, A1525G, C1527T, A1536G, A1542G, C1554T, C1566T, G1567A, C1570T	Россия, Красноярский край	Vulpes vulpes	15.01.2021	G2
irkn021378	A11T, G12A, C14T, C18T, C19T, T41C, T53C, T54C, G87A, C96T, C120T, A132C, A144T, C183A, A204G, C207T, A223G, A243G, G255A, T261A, A264G, C267T, C279T, A294C, G300A, A305G, C321T, T390C, C417T, T465C, G497A, C521T, G523A, C525T, G528A, T531G, A540G, G541A, G544A, G546A, C567A, C585T, C605T, T617C, G618A, G648A, G670A, T675C, T684C, A693G, A696G, A702G, T712C, A729G, A750T, A796G, A797G, A801G, C819T, G821A, T835C, C867T, G894A, C981T, T984C, A1029G, C1032T, A1054C, A1056G, T1077C, A1080G, T1098A, G1101A, A1122G, C1125T, A1131G, T1143C, A1155G, C1161T, A1165C, T1167C, G1168A, C1170T, T1171C, T1216C, T1223A, G1230A, C1236T, T1242G, C1269A, C1275T, A1279G, C1287T, T1293C, A1308G, T1317C, G1330A, G1334A, A1336G, A1344G, T1351C, T1356C, G1362A, A1373G, C1403T, A1419G, T1422C, C1425T, G1428A, A1434G, C1437T, G1440T, G1445A, T1456C, C1462T, A1467G, A1470G, A1472G, A1475G, A1480G, G1495A, G1497A, A1503G, G1504A, T1505C, C1510T, A1525G, C1527T, A1536G, A1542G, C1548T, C1554T, C1566T, G1567A	Россия, Красноярский край	Vulpes vulpes	15.01.2021	G3
irkn021379	A11T, G12A, C14T, C18T, C19T, T41C, T53C, T54C, G87A, C96T, C120T, A132C, A144T, A163G, C183A, T195C, C207T, A223G, A243G, G255A, T261A, C267T, C279T, A294C, G300A, A305G, C321T, T390C, C417T, T465C, T492C, G497A, C521T, G523A, C525T, G528A, T531G, A540G, G541A, G544A, G546A, C567A, C585T, C605T, T617C, G618A, G648A, G670A, T675C, A693G, A696G, A702G, T712C, A750T, C780T, A796G, A797G, A801G, C819T, G821A, T835C, C855T, C867T, G894A, C981T, T984C, A1029G, C1032T, A1054C, A1056G, T1077C, T1098A, G1101A, A1122G, C1125T, A1131G, T1143C, A1155G, C1161T, A1165C, T1167C, G1168A, C1170T, T1171C, T1216C, T1223A, G1230A, C1236T, T1242G, C1269A, C1275T, A1279G, C1287T, G1290T, T1293C, A1308G, T1317C, G1330A, G1334A, A1336G, T1351C, T1356C, G1362A, A1373G, C1403T, A1419G, T1422C, C1425T, G1428A, A1434G, C1437T, G1440T, G1445A, T1456C, G1458A, C1462T, A1467G, A1470G, A1472G, A1475G, A1480G, G1495A, G1497A, A1503G, G1504A, T1505C, C1510T, A1525G, C1527T, A1536G, A1542G, C1548T, C1554T, C1566T, G1567A	Россия, Красноярский край	Vulpes vulpes	15.01.2021	G3
irkn021380	A11T, G12A, C14T, C18T, C19T, T53C, T54C, G87A, T93C, C96T, C111T, C120T, C123T, A144T, G158A, A163G, C183A, C207T, A223G, C234T, A243G, G255A, T261A, C267T, T273G, C279T, A294C, C297T, A305G, C321T, A384G, T390C, A398G, C417T, T465C, G497A, C519T, G523A, C525T, G528A, T531G, C534T, A540G, G541A, G544A, G546A, C561T, C567A, C576T, C585T, C605T, T617C, G618A, G648A, A663G, G670A, T675C, A693G, A702G, T712C, A750T, A796G, A797G, A801G, C819T, G821A, T835C, A852T, C855T, C867T, G894A, A969G, C981T, T984C, A1029G, C1032T, A1054C, A1056G, T1077C, G1086T, T1098C, G1101A, A1122G, A1131G, T1143C, A1155G, C1161T, A1165C, C1170T, T1171C, T1216C, T1223A, G1230A, C1236T, T1242G, C1269A, C1275T, A1279G, C1287T, A1308G, G1330A, G1334A, A1336G, T1351C, T1356C, G1362A, G1378A, C1403T, A1419G, T1422C, C1425T, G1428A, A1434G, C1437T, G1440T, G1445A, G1447T, C1449T, T1456C, G1458A, C1462T, A1467G, A1470G, A1472G, A1475G, C1477A, A1480G, G1495A, A1503G, G1504A, C1510T, A1516G, A1525G, C1527T, A1536G, A1542G, C1548T, C1554T, C1566T, G1567A	Россия, Забайкальский край	Canis lupus familiaris	10.08.2023	G4
irkn021381	A11T, G12A, C14T, C18T, C19T, T53C, T54C, G87A, T90G, C96T, C120T, C123T, A144T, A163G, C183A, C207T, A223G, C234T, A243G, G255A, G258A, T261A, C267T, C279T, A294C, A305G, C321T, T369C, A384G, T390C, C417T, T465C, G497A, G523A, C525T, G528A, T531G, C534T, A540G, G541A, G544A, G546A, C561T, C567A, C585T, C605T, T617C, G618A, G648A, A667G, G670A, T675C, A693G, A702G, T712C, A714G, A750T, A796G, A797G, A801G, C819T, G821A, T835C, A852T, C855T, C867T, G894A, G903A, A969G, C981T, T984C, A1029G, C1032T, A1054C, A1056G, T1077C, G1086T, T1098C, G1101A, G1104A, A1122G, A1131G, T1143C, A1155G, C1161T, A1165C, C1170T, T1171C, T1216C, T1223A, G1230A, C1236T, T1242G, C1260T, C1269A, C1275T, A1279G, C1287T, A1308G, G1326A, G1330A, G1334A, A1336G, T1351C, T1356C, G1362A, G1378A, A1402G, C1403T, T1408C, A1419G, T1422C, C1425T, G1428A, A1434G, C1437T, G1440T, G1445A, G1447T, T1456C, G1458A, C1462T, A1467G, A1470G, A1472G, A1475G, A1480G, G1495A, G1497A, A1503G, G1504A, T1509A, C1510T, A1516G, A1525G, C1527T, A1536G, A1542G, A1545T, C1548T, C1554T, C1566T, G1567A	Россия, Красноярский край	КРС	07.03.2024	G6
onii004049	A11T, G12A, C14T, C18T, C19T, T33C, T53C, T54C, G87A, C96T, C120T, C126T, A144T, C183A, A223G, A243G, G255A, T261A, T273C, C279T, A294C, C303T, A305G, C321G, A384G, T390C, C417T, T465C, G497A, G523A, C525T, G528A, T531G, A540G, G541A, G544A, G546A, C567A, T617C, G618A, G648A, G670A, T675C, A693G, A702G, T712C, A750T, A796G, T798C, A801G, C819T, G821A, T835C, A852G, C855T, C867T, G894A, C981T, T984C, A1029G, C1032T, G1051A, A1054C, A1056G, T1077C, T1098C, G1101A, G1106A, A1122G, A1131G, T1143C, A1155G, C1161T, A1165C, C1170T, T1171C, T1216C, T1223A, G1230A, T1233C, C1236T, T1242A, C1269A, C1275T, A1279G, C1287T, G1290A, A1308G, G1330A, G1334A, A1336G, A1344G, T1351C, T1356C, G1362A, C1403T, A1419G, T1422C, C1425T, G1428A, A1434G, C1437T, G1440T, G1445A, T1456C, G1458A, C1462T, A1467G, A1470G, A1472G, C1473T, A1475G, A1480G, G1489A, G1495A, A1503G, G1504A, C1510T, A1525G, C1527T, A1536G, A1542G	Россия, Респ Саха /Якутия/, г Алдан	Vulpes vulpes	01.01.1974	G1
onii004051	G12A, C14T, C18T, C19T, A45G, T49A, T53C, T66C, G87A, C96T, C120T, G141A, A144T, A174G, C183A, A223G, A243G, G255A, T261A, T273C, C279T, T288C, A294C, A305G, C321T, C366T, A384G, T390C, C414T, C417T, T465C, A489C, G497A, G523A, C525T, G528A, T531G, C536T, A540G, G541A, G544A, G546A, C567G, T617C, G618A, G648A, G670A, T675C, A693G, A702G, T712C, A750T, C780T, A796G, A801G, C819T, G821A, T835C, A852G, C855T, C867T, G894A, G903A, A918G, C936T, C981T, T984C, A1029G, C1032T, A1054C, A1056G, A1064G, T1077C, T1098C, G1101A, T1116C, A1122G, A1131G, T1143C, A1155G, C1161T, A1165C, C1170T, T1171C, T1216C, T1223A, G1230A, C1236T, T1242G, T1266C, C1269A, C1275T, A1279G, C1287T, A1308G, C1320T, G1330A, G1334A, A1336G, A1344G, T1351C, T1356C, G1362A, A1363G, C1566T, G1567A	Россия, Забайкальский край, Агинский р-н	Vulpes corsac	01.01.1977	G1.7
onii004053	A11T, G12A, C14T, C18T, C19T, T53C, T54C, A60G, G87A, T90C, C96T, C120T, A144T, C183A, G255A, T261A, A264G, T273C, C279T, G300A, A306G, A324C, A327C, T333C, C351T, T390C, G402A, T408C, A434G, G444A, T450C, G454A, T465C, G475A, G497A, G510A, G528A, T531A, G541A, G544A, T552C, C567A, C576T, T611C, G613A, T617C, G618A, T619C, T642C, A663C, G668A, T669C, G670A, A687G, A702G, T712C, A728G, A729G, A750T, A796G, A801G, C819A, G821A, A858G, C867T, T870C, A876G, G885A, G894A, G903A, C916T, G945A, T966C, T967C, A969G, T984A, A1029G, C1032T, A1054C, A1056G, T1059C, T1077C, A1092G, G1094A, G1101A, G1104A, T1110C, A1122G, A1131G, T1223A, C1227T, G1230A, C1236T, T1242G, G1263T, C1269A, G1278A, A1279G, C1281A, C1287T, G1330A, G1334A, A1336G, A1344G, T1351C, T1356C, G1362A, C1403T, A1419G, T1422C, C1425T, G1428A, A1434G, C1437T, G1440T, G1445A, T1456C, G1458A, C1462T, T1464C, A1467G, A1470G, A1472G, A1475G, A1480G, C1548T, C1554T, G1557A, C1565T, G1567A	Россия, Новосибирская обл, Маслянинский р-н	Myotis daubentoni	01.01.1978	G1.8
onii004056	A11T, G12A, C14T, C18T, C19T, T53C, T54C, G87A, T90C, C120T, A144T, C183A, A223G, G231A, A243G, T249C, G255A, T261A, C279T, A294C, A305G, C321T, A384G, T390C, C417T, T465C, G497A, G523A, C525T, G528A, T531G, A540G, G541A, G544A, G546A, C567A, C597T, T617C, G618A, G648A, G670A, T675C, A693G, A702G, T712C, A714G, A750T, T762C, A796G, A801G, C819T, G821A, T834C, T835C, A852G, C855T, C867T, G894A, C981T, T984C, A1029G, C1032T, A1054C, A1056G, T1077C, T1098C, G1101A, A1122G, A1131G, T1143C, A1155G, C1161T, A1165C, C1170T, T1171C, T1223A, T1242G, A1383G, C1403T, A1419G, T1422C, C1425T, G1428A, A1434G, C1437T, G1440T, G1445A, T1456C, G1458A, C1462T, T1464C, A1467G, A1470G, A1472G, A1475G, A1480G, G1495A, A1503G, G1504A, C1510T, A1525G, C1527T, A1536G, A1542G, C1548T, C1554T, C1566T, G1567A, C1570T	Россия, Приморский край, Спасский р-н	Nyctereutes procyonoides	01.01.1979	G12.1
onii004057	A340C, G348T, G360A, G387A, C417T, T429C, C441A, G447A, T450C, C453A, T456C, G474A, A477G, T480C, T481C, T492C, C495T, G497A, G510T, C519T, G523A, G524A, G528A, T531G, G541A, T542C, G544A, G546A, G547A, G549A, T552C, T555C, T565C, C567T, T570C, C576T, T588C, A592C, G594C, C597T, A612G, T617C, G618A, T630C, T639C, T669C, G670A, C681G, A687T, C699T, C700T, A702G, T711A, A714G, A720G, A738G, A744G, A750T, A774G, G783A, A796G, T798C, A807G, T816C, C819A, G821A, T826C, G831A, T835C, G837A, C840T, A852G, A858G, T861C, G864A, C867T, T870C, A876G, G894A, G900A, C933T, T963C, T966C, A969G, A975G, T990C, A996G, T1002C, G1017A, C1032T, A1054C, T1059C, T1077C, A1092G, T1098C, A1131G, T1140C, A1149C, T1150C, A1152G, A1155T, T1158G, C1161T, A1165C, C1170T, T1171C, A1191G, A1380T, A1383G, C1384G, G1386A, C1397T, C1403T, T1404C, C1425T, G1428A, G1440T, A1441G, T1456C, G1458A, G1459A, A1460T, C1462T, T1464C, A1472G, A1480G, G1491A, G1495A, A1503G, C1506A, C1510T, G1521A, A1525G, C1527T, A1542G, C1548T, G1551A, G1557A, G1567A	Россия, Хабаровский край	Nyctereutes procyonoides	01.01.1980	G1.9
onii004058	C18T, C19T, T54C, G75A, G87A, C96T, C120T, A144T, C180T, A223G, C228T, G231T, C234T, A243G, G255A, T261A, C279T, T285C, A294C, C321T, A324G, G343T, C366T, A384G, C417T, C438T, T465C, T480C, G497A, G523A, C525T, G528A, T531G, G541A, G544A, C567A, C605T, T617C, C635T, G648A, G670C, T675C, G685A, A693G, A702G, T712C, A750T, T756C, T768C, A796G, A801G, C819T, G821A, T835C, A852G, C855T, C867T, T870C, G894A, A975G, C981T, C1005T, A1029G, C1032T, A1054C, A1056G, T1065C, T1077C, A1092G, G1094A, G1101A, G1104A, T1110C, A1122G, A1131G, A1155G, G1163A, A1165C, T1171C, T1223A, C1227T, G1230A, T1242G, G1263T, C1269A, G1278A, A1279G, C1281A, C1287T, T1317C, C1327T, G1330A, G1334A, A1344G, T1351C, G1371A, A1383G, C1384A, G1388C, C1399A, C1403T, C1406G, T1408C, A1411G, A1420T, T1424C, G1428A, C1437G, G1440C, T1448C, T1456C, G1458A, C1462T, T1464G, C1466A, A1472G, A1475G, C1477T, C1479T, A1480G, A1492G, G1495A, G1497T, C1510T, G1521A, G1524A, A1525G, T1531C, C1548T, C1554T, G1557A, C1565T, G1567A	Россия, Респ Тыва, Улуг-Хемский р-н	Canis lupus	01.01.1980	G1.10
onii004059	G12A, C18T, C19T, T42C, T53C, T54C, G87A, C96T, C111T, C120T, A144T, G177A, C183A, A223G, A243G, G255A, T261A, C279T, A294C, A305G, C321T, G348A, A384G, T390C, C417T, T465C, G497A, G523A, C525T, G528A, A529G, T531G, A540G, G541A, G544A, G546A, C567A, C585A, A609G, T617C, G618A, G648A, G670A, T675C, A693G, A702G, T712C, A750C, T762C, A796G, A801G, C819T, G821A, T835C, A852G, C855T, C867T, G894A, C981T, T984C, A1029G, C1032T, G1047A, A1054C, A1056G, T1077C, T1098C, G1101A, A1122G, A1131G, T1143C, A1155G, C1161T, A1165C, C1170T, T1171C, A1173G, T1216C, T1223A, G1230A, C1236T, T1242G, C1269A, T1272C, C1275T, A1279G, C1287T, A1308G, T1323C, G1330A, G1334A, A1336G, A1344G, T1351C, T1356C, G1362A, C1403T, A1419G, T1422C, C1425T, G1428A, C1437T, G1440T, G1445A, T1456C, G1458A, C1462T, A1467G, A1470G, A1472G, A1475G, A1480G, G1495A, A1503G, G1504A	Россия, Оренбургская обл	Felis catus	01.01.1982	G8.1
onii004181	C18T, C19T, T41C, T54C, G75A, G87A, C96T, C120T, A144T, G150A, C180T, A223G, C228T, C234T, A243G, G255A, T261A, C279T, A294C, C321T, T362C, A384G, C391T, C417T, T465C, T480C, G497A, G523A, C525T, G528A, T531G, G541A, G544A, C567A, T570C, A602G, C605T, T617C, C635T, G648A, G670C, T675C, G685A, A693G, A702G, T712C, A750T, T756C, T768C, A796C, A801G, C819T, G821A, T835C, A852G, C855T, C867T, G894A, A975G, C981T, C1005T, A1029G, C1032T, A1054C, A1056G, T1065C, T1077C, A1080C, A1083G, T1090C, A1092G, G1101A, T1116C, G1128A, A1131G, C1137T, T1140C, T1143C, T1150C, A1152G, A1155C, A1165C, C1170T, T1171C, A1173G, A1179G, A1188G, C1194T, T1223A, G1230A, C1236T, T1242G, T1266C, C1269A, A1279G, C1281A, C1287T, G1290A, T1299C, G1330A, G1334A, A1336G, A1344G, T1351C, T1356C, G1362A, A1383G, G1390T, C1398T, C1403T, C1426T, G1428A, A1429C, C1437T, G1440T, T1456C, G1458A, C1462T, A1467G, A1470G, C1473T, A1475G, C1479T, A1480G, C1487A, G1489A, G1495A, G1497A, A1503G, G1504A, C1510T, A1525G, C1527T, T1533C, A1542G, C1548T, C1554T, G1563A, C1566T, G1567A, G1574A	Россия, Респ Саха /Якутия/	Vulpes lagopus	01.01.1986	G1.11
onii004182	A11T, G12A, C14T, C18T, C19T, T53C, T54C, G87A, C96T, A144T, A163G, C183A, C207T, A223G, A243G, G255A, T261A, C267T, C279T, A294C, A305G, C321T, A384G, T390C, C417T, T465C, G497A, G523A, C525T, G528A, T531G, A540G, G541A, G544A, G546A, C567A, C585T, C605T, T617C, G618A, G648A, G670A, T675C, A693G, A702G, T712C, A750T, A796G, A801G, C819T, G821A, T835C, A852G, C855T, C867T, G894A, C981T, T984C, A1029G, C1032T, A1054C, A1056G, T1077C, T1098C, G1101A, A1122G, A1131G, T1143C, A1155G, C1161T, A1165C, C1170T, T1171C, T1216C, T1223A, G1230A, C1236T, T1242G, C1269A, C1275T, A1279G, C1287T, T1293C, A1308G, G1330A, G1334A, A1336G, T1351C, T1356C, G1362A	Россия, Респ Тыва	Bos taurus	01.01.1987	G9.1
onii004183	C14T, C18T, C19T, C29T, T38G, C43T, A45G, T54C, A60G, T66C, A85G, G87A, G105T, T117C, C120T, C129T, C135T, T138C, T139C, A144T, C153T, C162T, A174C, G176A, T195C, T201G, A219C, A223G, C246T, G255A, T261A, A264G, T273C, C279T, G300A, A306G, A324C, A327C, T333C, C351T, T390C, G402A, T408C, A434G, T450C, G454A, T465C, G475A, G497A, G510A, G528A, T531A, G541A, G544A, T552C, C567A, C576T, T611C, G613A, T617C, G618A, T619C, T642C, A663C, G668A, T669C, G670A, A687G, A702G, T712C, A728G, A729G, A750T, A796G, A801G, C819A, G821A, A858G, C867T, T870C, A876G, G885A, G894A, G945A, T966C, T967C, A969G, T984A, G1017A, A1029G, C1032T, A1054C, A1056G, T1059C, T1077C, A1092G, G1094A, G1101A, G1104A, T1110C, A1122G, A1131G, A1155G, G1163A, A1165C, T1171C, T1223A, C1227T, G1230A, C1236T, T1242G, G1263T, C1269A, G1278A, A1279G, C1281A, C1287T, T1317C, C1327T, G1330A, G1334A, A1344G, T1351C, C1403T, A1419G, T1422C, C1425T, G1428A, A1434G, C1437T, G1440T, G1445A, T1456C, G1458A, C1462T, A1467G, A1470G, A1472G	Россия, Респ Саха /Якутия/, Нижнеколымский улус	Vulpes lagopus	01.01.1988	G1.12
onii004187	A11T, G12A, C14T, C18T, C19T, T53C, T54C, G87A, C96T, C120T, C123T, G142A, A144T, A163G, C180T, C183A, T195C, T201C, C207T, A223G, C234T, A243G, T249A, G255A, T261A, C267T, C279T, A294C, A305G, C321T, A384G, T390C, C417T, T465C, G497A, G523A, C525T, G528A, T531G, C534T, A540G, G541A, G544A, G546A, C561T, C567A, C585T, C605T, T617C, G618A, G648A, G670A, T675C, A693G, A702G, T712C, A750T, A796G, A797G, A801G, C804A, C819T, G821A, T835C, A852G, C855T, C867T, G894A, G909T, A969G, C981T, T984C, T1021C, A1029G, C1032T, A1054C, A1056G, T1077C, G1086T, T1098C, G1101A, A1122G, A1131G, T1143C, A1155G, A1165C, C1170T, T1171C, T1216C, T1223A, G1230A, T1233C, C1236T, T1242G, C1269A, C1275T, A1279G, C1287T, T1305C, A1308G, G1330A, G1334A, A1336G, T1351C, T1356C, G1362A, C1403T, T1412C, A1419G, T1422C, C1425T, G1428A, A1434G, C1437T, G1440T, G1445A, T1456C, G1458A, C1462T, A1467G, A1470G, A1472G, A1475G, A1480G, A1488G, G1495A, A1503G, G1504A, C1510T, A1516G, A1525G, C1527T, A1536G, A1542G, C1548T, C1566T, G1567A	Россия, Респ Тыва, Тес-Хемский р-н	Canis lupus	01.01.1989	G7
onii004188	G12A, C14T, C18T, C19T, C34T, T53C, T54C, T66C, G87A, T93C, C96T, C120T, A144T, C183A, A223G, A243G, G255A, T261A, T273C, C279T, A294C, A305G, C321T, A384G, G387A, T390C, C414T, C417T, T465A, G497A, G523A, C525T, G528A, T531G, C536T, A540G, G541A, G544A, G546A, C567A, T617C, G618A, G648A, G670A, T675C, A693G, A702G, T712C, A750T, A796G, A801G, C819T, G821A, T835C, A852G, C855T, C867T, G894A, G900A, A918G, C924T, C936T, C981T, T984C, A1008G, A1029G, C1032T, A1054C, A1056G, T1077C, T1098C, G1101A, A1122G, A1131G, T1143C, A1155G, C1161T, A1165C, C1170T, T1171C, T1216C, T1223A, G1230A, C1236T, T1242G, T1266C, C1269A, C1275T, A1279G, C1287T, A1308G, C1320T, G1330A, G1334A, A1336G, A1344G, T1351C, T1356C, G1362A, C1403T, G1410A, A1419G, T1422C, C1425T, G1428A, G1440T, G1445A, T1456C, G1458A, C1462T, C1466A, A1467G, A1470G, A1472G, A1475G, A1480G, A1482G, G1495A, A1503G, G1504A, C1510T, A1525G, C1527T, A1536G, A1542G, C1548T, C1554T, C1566T, G1567A	Россия, Краснодарский край, Новопокровский р-н	Vulpes vulpes	01.01.1989	G1.13
onii004189	G12A, C14T, C18T, C19T, T53C, T54C, T66C, G87A, T93C, C96T, C120T, A144T, C183A, A223G, A243G, G255T, T261A, T273C, C279T, A294C, A305G, C321T, A384G, T390C, C414T, C417T, T465C, G497A, G523A, C525T, G528A, T531G, C536T, A540G, G541A, G544A, G546A, C567A, C585T, T617C, G618A, A638G, G648A, G670A, T675C, A693G, A702G, T712C, A750T, A789G, A796G, A801G, C819T, G821A, T835C, A852G, C855T, C867T, G894A, A918G, C936T, C981T, T984C, A1029G, C1032T, A1054C, A1056G, T1077C, T1098C, G1101A, A1122G, A1131G, T1143C, A1155G, C1161T, A1165C, C1170T, T1171C, T1216C, T1223A, G1230A, C1236T, T1242G, T1266C, C1269A, C1275T, A1279G, C1287T, A1308G, C1320T, G1330A, G1334A, A1336G, A1344G, T1351C, T1356C, G1362A, C1403T, G1410A, A1419G, T1422C, C1425T, G1428A, G1440T, G1445A, T1456C, G1458A, C1462T, A1467G, A1470G, A1475G, A1480G, A1482G, G1495A, A1503G, G1504A, C1510T, A1525G, C1527T	Россия, Респ Калмыкия	Vulpes vulpes	01.01.1993	G1.14
onii004190	G12A, C14T, C18T, C19T, C30T, T53C, T54C, T66C, G87A, T93C, C96T, C120T, A144T, C183A, A223G, A243G, G255A, T261A, T273C, C279T, T282C, A294C, A305G, C321T, A384G, T390C, C414T, C417T, T465C, G497A, G523A, C525T, G528A, T531G, C536T, A540G, G541A, G544A, G546A, C564T, C567A, T617C, G618A, G648A, G670A, T675C, A693G, A702G, T712C, A744G, A750T, A796G, A801G, C819T, G821A, T835C, A852G, C855T, C867T, G894A, A918G, C936T, C981T, T984C, A1029G, C1032T, A1054C, A1056G, T1077C, T1098C, G1101A, A1122G, A1131G, T1143C, A1155G, C1161T, A1165C, C1170T, T1171C, T1216C, T1223A, G1230A, C1236T, T1242G, T1266C, C1269A, C1275T, A1279G, C1287T, A1308G, C1320T, G1330A, G1334A, A1336G, A1344G, T1351C, T1356C, G1362A, A1363G, C1403T, G1410A, A1419G, T1422C, C1425T, G1428A, G1440T, G1445A, T1456C, G1458A, C1462T, A1467G, A1470G, A1472G, A1475G, A1480G, A1482G, G1495A, A1503G, G1504A, C1510T	Россия, Волгоградская обл, Светлоярский р-н	Vulpes vulpes	01.01.1993	G1.15
onii004222	A11T, G12A, C14T, C18T, C19T, T53C, T54C, G87A, C96T, C120T, C123T, G142A, A144T, A163G, C180T, C183A, T195C, T201C, C207T, A223G, C234T, A243G, T249A, G255A, T261A, C267T, C279T, A294C, A305G, C321T, A384G, T390C, C417T, T465C, G497A, G523A, C525T, G528A, T531G, C534T, A540G, G541A, G544A, G546A, C561T, C567A, C585T, C605T, C610T, T617C, G618A, G648A, G670A, T675C, A693G, A702G, T712C, A750T, A796G, A797G, A801G, C804A, C819T, G821A, T835C, A852G, C855T, C867T, G894A, A969G, C981T, T984C, T1021C, A1029G, C1032T, A1054C, A1056G, T1077C, G1086T, T1098C, G1101A, A1122G, A1131G, T1143C, A1155G, A1165C, C1170T, T1171C, T1216C, T1223A, G1230A, T1233C, C1236T, T1242G, C1269A, C1275T, A1279G, C1287T, A1308G, T1316C, C1320A, T1323C, G1330A, G1334A, A1336G, T1351C, T1356C, G1362A, C1403T, T1412C, A1419G, T1422C, C1425T, G1428A, A1434G, C1437T, G1440T, G1445A, T1456C, G1458A, C1462T, A1467G, A1470G, A1472G, A1475G, A1480G, A1488G, G1495A, A1503G, G1504A, C1510T, A1516G, A1525G, C1527T, A1536G, A1542G, C1548T, C1554T, C1566T, G1567A	Россия, Респ Саха /Якутия/, Абыйский улус	Canis lupus	01.01.1995	G7
onii004223	A11T, G12A, C14T, C18T, C19T, T53C, T54C, G87A, C96T, C120T, C126T, A144T, C183A, A192G, A223G, A243G, G255A, T261A, T273C, C279T, A294C, C303T, A305G, C321G, C372T, A384G, T390C, C417T, T465C, G497A, G523A, C525T, G528A, T531G, A540G, G541A, G544A, G546A, C561T, C567A, T617C, G618A, G648A, G670A, T675C, A693G, A702G, T712C, A750T, A796G, A801G, C819T, G821A, T835C, A852G, C855T, C867T, G894A, C981T, T984C, A1029G, C1032T, G1051A, A1054C, A1056G, T1077C, T1098C, G1101A, G1106A, A1122G, A1131G, T1143C, A1155G, C1161T, A1165C, C1170T, T1171C, T1216C, T1223A, G1230A, T1233C, C1236T, T1242A, C1269A, C1275T, A1279G, C1287T, G1290A, T1299C, A1308G, G1330A, G1334A, A1336G, A1344G, T1351C, T1356C, G1362A, C1403T, A1419G, T1422C, C1425T, G1428A, A1434G, C1437T, G1440T, G1445A, T1456C, G1458A, C1462T, A1467G, A1470G, A1472G, C1473T, A1475G, A1480G, G1495A, A1503G, G1504A, C1510T, A1525G, A1536G, A1542G, C1554T, C1566T, G1567A	Россия, Алтайский край, Бийский р-н	Vulpes vulpes	01.01.1995	G1
onii004224	A11T, G12A, C14T, C18T, C19T, T41C, T53C, T54C, C207T, A223G, A243G, G255A, T261A, C267T, C279T, A294C, G300A, A305G, C321T, A384G, T390C, C417T, T465C, G497A, G523A, C525T, G528A, T531G, A540G, G541A, G544A, G546A, C567A, C585T, C605T, T617C, G618A, G648A, G670A, T675C, A693G, A696G, A702G, T712C, A750T, A796G, A797G, A801G, C814T, C819T, G821A, T835C, C855T, C867T, T870C, G894A, C981T, T984C, A1029G, C1032T, A1054C, A1056G, T1077C, T1098A, G1101A, A1122G, C1125T, A1131G, T1143C, A1155G, C1161T, A1165C, T1167C, C1170T, T1171C, T1216C, T1223A, G1230A, C1236T, T1242G, C1269A, C1275T, A1279G, C1287T, T1293C, A1308G, T1317C, G1330A, G1334A, A1336G, T1351C, T1356C, G1362A, C1403T, A1419G, T1422C, C1425T, G1428A, A1434G, C1437T, G1440T, G1445A, T1456C, G1458A, C1462T, A1467G, A1470G, A1472G, A1475G, A1480G, G1495A, G1497A, A1503G, G1504A, C1510T, A1525G, C1527T, A1536G, A1542G, C1548T, C1554T, C1566T, G1567A	Россия, Респ Тыва, Эрзинский р-н	Canis lupus familiaris	01.01.1996	G3.1
onii004226	A11T, G12A, C14T, C18T, C19T, T53C, T54C, A60G, G87A, T90C, C96T, C120T, A144T, C183A, A223G, G231A, A243G, T249C, G255A, T261A, C279T, A294C, A305G, C321T, C372T, A384G, T390C, C417T, T465C, G497A, G523A, C525T, G528A, T531G, A540G, G541A, G544A, G546A, C567A, C605T, T617C, G618A, T639C, G648A, G670A, T675C, A693G, A702G, T705C, T712C, A750T, A796G, A801G, C819T, G821A, T834C, T835C, A852G, C855T, C867T, G894A, C981T, T984C, A1029G, C1032T, A1054C, A1056G, T1077C, T1098C, G1101A, A1122G, A1131G, T1143C, A1155G, C1161T, A1165C, C1170T, T1171C, A1173G, A1188G, T1216C, T1223A, G1230A, C1236T, T1242G, C1251T, C1269A, C1275T, A1279G, C1287T, A1308G, G1330A, G1334A, A1336G, A1344G, T1351C, T1356C, G1362A, C1403T, A1419G, T1422C, C1425T, G1428A, A1434G, C1437T, G1440T, G1445A, T1456C, G1458A, C1462T, T1464C, A1467G, A1470G, A1472G, A1475G, A1480G, G1495A, A1503G, G1504A, C1510T, A1525G, C1527T, A1536G, A1542G, C1554T, C1566T, G1567A, C1570T	Россия, Алтайский край, Хабарский р-н	Vulpes vulpes	01.01.1998	G2
onii004227	A11T, G12A, C14T, C18T, C19T, T53C, T54C, G87A, C96T, C120T, C126T, A144T, C183A, A223G, A243G, G255A, T261A, T273C, C279T, A294C, C303T, A305G, C321G, A384G, T390C, C417T, T465C, G497A, G523A, C525T, G528A, T531G, A540G, G541A, G544A, G546A, C561T, C567A, T617C, G618A, G648A, G670A, T675C, A693G, A702G, T712C, A750T, A796G, A801G, C819T, G821A, T835C, A852G, C855T, C867T, G894A, C981T, T984C, A1029G, C1032T, G1051A, A1054C, A1056G, T1077C, T1098C, G1101A, G1106A, A1122G, A1131G, T1143C, A1155G, C1161T, A1165C, C1170T, T1171C, T1216C, T1223A, G1230A, T1233C, C1236T, T1242A, C1269A, C1275T, A1279G, C1287T, G1290A, T1299C, A1308G, G1330A, G1334A, A1336G, A1344G, T1351C, T1356C, G1362A, C1403T, A1419G, T1422C, C1425T, G1428A, A1434G, C1437T, G1440T, G1445A, T1456C, G1458A, C1462T, A1467G, A1470G, A1472G, C1473T, A1475G, A1480G, G1495A, A1503G, G1504A, C1510T, A1525G, A1536G, A1542G, C1554T, C1566T, G1567A	Россия, Омская обл, Русско-Полянский р-н	Vulpes corsac	01.01.2001	G1
onii004228	A11T, G12A, C14T, C18T, C19T, T53C, T54C, A60G, G87A, T90C, C96T, C120T, A144T, C183A, A223G, G231A, A243G, G255A, T261A, C279T, A294C, A305G, C321T, C372T, A384G, T390C, C417T, T465C, G497A, G523A, C525T, G528A, T531G, A540G, G541A, G544A, G546A, C567A, C605T, T617C, G618A, T639C, G648A, G670A, T675C, A693G, A702G, T705C, T712C, A750T, A796G, A801G, C819T, G821A, T834C, T835C, A852G, C855T, C867T, G894A, C981T, T984C, A1029G, C1032T, A1054C, A1056G, T1077C, T1098C, G1101A, A1122G, A1131G, T1143C, A1155G, C1161T, A1165C, C1170T, T1171C, A1173G, A1188G, T1216C, T1223A, G1230A, C1236T, T1242G, C1251T, C1269A, C1275T, A1279G, C1287T, A1308G, G1330A, G1334A, A1336G, A1344G, T1351C, T1356C, G1362A, C1403T, A1419G, T1422C, C1425T, G1428A, A1434G, C1437T, G1440T, G1445A, T1456C, G1458A, C1462T, T1464C, A1467G, A1470G, A1472G, A1475G, A1480G, G1495A, A1503G, G1504A, C1510T, A1525G, C1527T, A1536G	Россия, Алтайский край, Романовский р-н	Vulpes vulpes	01.01.2001	G2
onii004229	G12A, C14T, C18T, C19T, A27C, T42C, T53C, T54C, G87A, C96T, C120T, A144T, C183A, A213G, A223G, G255A, T261A, T273C, C279T, A294C, A305G, C321T, T333C, G348A, A384G, T390C, C411T, C417T, T465C, G497A, G523A, C525T, G528A, T531G, A540G, G541A, G544A, G546A, C567A, T617C, G618A, G648A, G670A, T675C, A693G, A702G, T712C, A750T, T762C, A796G, A801G, C819T, G821A, T835C, A852G, C855T, C867T, G894A, G921A, C981T, T984C, A1029G, C1032T, C1053T, A1054C, A1056G, T1077C, T1098C, G1101A, G1104A, A1122G, A1131G, T1143C, A1152G, A1155G, C1161T, A1165C, C1170T, T1171C, A1173G, T1216C, T1223A, A1224G, G1230A, C1236T, T1242G, C1269A, C1275T, A1279G, C1287T, A1308G, G1330A, G1334A, A1336G, A1344G, T1351C, T1356C, G1362A, G1395A, C1403T, A1419G, T1422C, C1425T, G1428A, C1437T, G1440T, G1445A, T1456C, G1458A, C1462T, A1467G, A1470G, A1472G, A1475G, A1480G, G1495A, A1503G, G1504A, C1510T, A1525G, C1527T, A1536G, A1542G, C1548T, C1554T, C1566T, G1567A	Россия, Алтайский край, Ключевский р-н	Vulpes corsac	01.01.2001	G5
onii004263	A11T, G12A, C14T, C18T, C19T, T53C, T54C, A60G, G87A, T90C, C96T, C120T, A144T, C183A, A223G, G231A, A243G, T249C, G255A, T261A, C279T, A294C, A305G, C321T, A330G, C372T, A384G, T390C, C417T, T465C, G497A, G523A, C525T, G528A, T531G, A540G, G541A, G544A, G546A, C567A, C605T, T617C, G618A, T639C, G648A, G670A, T675C, A693G, A702G, T705C, T712C, A750T, A796G, A801G, C819T, G821A, T834C, T835C, A852G, C855T, C867T, G894A, C981T, T984C, T1098C, G1101A, A1122G, A1131G, T1143C, A1155G, C1161T, A1165C, C1170T, T1171C, A1173G, A1188G, T1216C, T1223A, G1230A, C1236T, T1242G, C1251T, C1269A, C1275T, A1279G, C1287T, A1308G, G1330A, G1334A, A1336G, A1344G, T1351C, T1356C, G1362A	Россия, Омская обл, Кормиловский р-н	Vulpes corsac	01.01.2001	G9
onii004264	A11T, G12A, C14T, C18T, C19T, T53C, T54C, A60G, G87A, T90C, C96T, C120T, A144T, C183A, A223G, G231A, A243G, T249C, G255A, T261A, C279T, A294C, A305G, C321T, A330G, C372T, A384G, T390C, C417T, T465C, G497A, G523A, C525T, G528A, T531G, A540G, G541A, G544A, G546A, C567A, C605T, T617C, G618A, T639C, G648A, G670A, T675C, A693G, A702G, T705C, T712C, A750T, A796G, A801G, C819T, G821A, T834C, T835C, A852G, C855T, C867T, G894A, C981T, T984C, A1029G, C1032T, A1054C, A1056G, T1077C, T1098C, G1101A, A1122G, A1131G, T1143C, A1155G, C1161T, A1165C, C1170T, T1171C, A1173G, A1188G, T1216C, T1223A, G1230A, C1236T, T1242G, C1251T, C1269A, C1275T, A1279G, C1287T, A1308G, G1330A, G1334A, A1336G, A1344G, T1351C, T1356C, G1362A, C1403T, A1419G, T1422C, C1425T, G1428A, A1434G, C1437T, G1440T, G1445A, T1456C, G1458A, C1462T, T1464C, A1467G, A1470G, A1472G, A1475G, A1480G, G1495A, A1503G, G1504A, C1510T, A1525G, C1527T, A1536G, A1542G, C1554T, C1566T, G1567A, C1570T	Россия, Омская обл, Оконешниковский р-н	Vulpes corsac	01.01.2001	G2
onii004265	A11T, G12A, C14T, C18T, C19T, T53C, T54C, G87A, C96T, C120T, C126T, A144T, C183A, A223G, A243G, G255A, T261A, T273C, C279T, A294C, C303T, A305G, C321G, A384G, T390C, C417T, T465C, G497A, G523A, C525T, G528A, T531G, A540G, G541A, G544A, G546A, C561T, C567A, T617C, G618A, G648A, G670A, T675C, A693G, A702G, T712C, A750T, A796G, A801G, C819T, G821A, T835C, A852G, C855T, C867T, G894A, C981T, T984C, A1029G, C1032T, G1051A, A1054C, A1056G, T1077C, T1098C, G1101A, G1106A, A1122G, A1131G, T1143C, A1155G, C1161T, A1165C, C1170T, T1171C, T1216C, T1223A, G1230A, T1233C, C1236T, T1242A, C1269A, C1275T, A1279G, C1287T, G1290A, T1299C, A1308G, G1330A, G1334A, A1336G, A1344G, T1351C, T1356C, G1362A, C1403T, A1419G, T1422C, C1425T, G1428A, A1434G, C1437T, G1440T, G1445A, T1456C, G1458A, C1462T, A1467G, A1470G, A1472G, C1473T, A1475G, A1480G, G1495A, A1503G, G1504A, C1510T, A1525G, A1536G, A1542G, C1554T, C1566T, G1567A	Россия, Омская обл, Одесский р-н	Vulpes vulpes	01.01.2001	G1
onii004267	A11T, G12A, C14T, C18T, C19T, T53C, T54C, A60G, G87A, T90C, C96T, C120T, A144T, C183A, A223G, G231A, A243G, T249C, G255A, T261A, C279T, A294C, A305G, C321T, A330G, C372T, A384G, T390C, C417T, T465C, G497A, G523A, C525T, G528A, T531G, A540G, G541A, G544A, G546A, C558T, C567A, C605T, T617C, G618A, T639C, G648A, G670A, T675C, A693G, A702G, T705C, T712C, A750T, A796G, A801G, C819T, G821A, T834C, T835C, A852G, C855T, C867T, G894A, C981T, T984C, T1098C, G1101A, A1122G, A1131G, T1143C, A1155G, C1161T, A1165C, C1170T, T1171C, A1173G, A1188G, T1216C, T1223A, G1230A, C1236T, T1242G, C1251T, C1269A, C1275T, A1279G, C1287T, A1308G, G1330A, G1334A, A1336G, A1344G, T1351C, T1356C, G1362A	Россия, Омская обл, Нижнеомский р-н	Vulpes vulpes	01.01.2002	G9
onii004268	G12A, C14T, C18T, C19T, A27C, T42C, T53C, T54C, G87A, C96T, C120T, A144T, C183A, A213G, A223G, G255A, T261A, T273C, C279T, A294C, A305G, C321T, T333C, G348A, A384G, T390C, C411T, C417T, T465C, G497A, G523A, C525T, G528A, T531G, A540G, G541A, G544A, G546A, C567A, T617C, G618A, G648A, G670A, T675C, A693G, A702G, T712C, A750T, T762C, A796G, A801G, C819T, G821A, T835C, A852G, C855T, C867T, G894A, G921A, C981T, T984C, A1029G, C1032T, C1053T, A1054C, A1056G, T1077C, T1098C, G1101A, G1104A, A1122G, A1131G, T1143C, A1152G, A1155G, C1161T, A1165C, C1170T, T1171C, A1173G, T1216C, T1223A, A1224G, G1230A, C1236T, T1242G, C1269A, C1275T, A1279G, C1287T, A1308G, G1330A, G1334A, A1336G, A1344G, T1351C, T1356C, G1362A, G1395A, C1403T, A1419G, T1422C, C1425T, G1428A, C1437T, G1440T, G1445A, T1456C, G1458A, C1462T, A1467G, A1470G, A1472G, A1475G, A1480G, G1495A, A1503G, G1504A, C1510T, A1525G, C1527T, A1536G, A1542G, C1548T	Россия, Новосибирская обл, Купинский р-н	Vulpes vulpes	01.01.2002	G5
onii004269	G12A, C14T, C18T, C19T, T42C, T53C, T54C, G87A, C96T, C111T, C120T, A144T, C183A, A223G, A243G, G255A, T261A, C279T, A294C, A305G, C321T, G348A, A384G, T390C, C417T, T465C, G497A, G523A, C525T, G528A, T531G, A540G, G541A, G544A, G546A, C567A, A609G, T617C, G618A, G648A, G670A, T675C, A693G, A702G, T712C, A750C, T762C, A796G, A801G, C819T, G821A, T835C, A852G, C855T, C867T, T883C, G894A, C981T, T984C, A1029G, C1032T, G1047A, A1054C, A1056G, T1077C, T1098C, G1101A, A1122G, A1131G, A1155G, C1161T, A1165C, C1170T, T1171C, A1173G, T1216C, T1223A, G1230A, C1236T, T1242G, C1269A, T1272C, C1275T, A1279G, C1287T, A1308G, T1323C, G1330A, G1334A, A1336G, A1344G, T1351C, T1356C, G1362A, C1403T, A1419G, T1422C, C1425T, G1428A, C1437T, G1440T, G1445A, T1456C, G1458A, C1462T, A1467G, A1470G, A1472G, A1475G, C1477T, A1480G, G1495A, A1503G, G1504A, C1510T, A1525G, C1527T, A1528G, A1536G, A1542G, C1548T, C1554T, C1566T, G1567A	Россия, Астраханская обл	Homo sapiens	01.01.2003	G8
onii004270	G12A, C14T, C18T, C19T, T42C, T53C, T54C, G87A, C96T, C111T, C120T, A144T, C183A, A223G, A243G, G255A, T261A, C279T, A294C, A305G, C321T, G348A, A384G, T390C, C417T, T465C, G497A, G523A, C525T, G528A, T531G, A540G, G541A, G544A, G546A, C567A, A609G, T617C, G618A, G648A, G670A, T675C, A693G, A702G, A750C, T762C, A774G, A792G, A796G, A801G, C819T, G821A, T835C, C840T, A852G, C855T, C867T, G894A, C981T, T984C, A1029G, C1032T, G1047A, A1054C, A1056G, T1077C, T1098C, G1101A, A1122G, A1131G, T1143C, A1155G, C1161T, A1165C, C1170T, T1171C, A1173G, T1216C, T1223A, G1230A, C1236T, T1242G, G1254T, A1257G, C1269A, T1272C, C1275T, A1279G, C1287T, A1308G, C1320A, T1323C, G1330A, G1334A, A1336G, A1344G, T1351C, T1356C, G1362A, C1403T, A1419G, T1422C, C1425T, G1428A, C1437T, G1440T, G1445A, T1456C, G1458A, C1462T, T1464C, A1467G, A1470G, A1472G, A1475G, A1480G, G1495A, A1503G, G1504A, C1510T, A1525G, C1527T, A1528G, A1536G, A1542G, C1548T, C1554T, C1566T, G1567A	Россия, Астраханская обл	Homo sapiens	01.01.2003	G8
onii004271	A11T, G12A, C14T, C18T, C19T, T53C, T54C, A60G, G87A, T90C, C96T, C120T, A144T, C183A, A223G, G231A, A243G, T249C, G255A, T261A, C279T, A294C, A305G, C321T, A330G, C372T, A384G, T390C, C417T, T465C, G497A, G523A, C525T, G528A, T531G, A540G, G541A, G544A, G546A, C567A, C605T, T617C, G618A, T639C, G648A, G670A, T675C, A693G, A702G, T705C, T712C, A750T, A796G, A801G, C819T, G821A, T834C, T835C, A852G, C855T, C867T, G894A, C981T, T984C, A1029G, C1032T, A1054C, A1056G, T1077C, T1098C, G1101A, A1122G, A1131G, T1143C, A1155G, C1161T, A1165C, C1170T, T1171C, A1173G, A1188G, T1216C, T1223A, G1230A, C1236T, T1242G, C1251T, C1269A, C1275T, A1279G, C1287T, A1308G, G1330A, G1334A, A1336G, A1344G, T1351C, T1356C, G1362A, C1403T, G1413T, A1419G, T1422C, C1425T, G1428A, A1434G, C1437T, G1440T, G1445A, T1456C, G1458A, C1462T, T1464C, A1467G, A1470G, A1472G, A1475G, A1480G, G1495A, A1503G, G1504A, C1510T, A1525G, C1527T, A1536G, A1542G, C1554T, C1566T, G1567A, C1570T	Россия, Ямало-Ненецкий АО	Rangifer tarandus	01.01.2006	G2
onii004292	C18T, C19T, T41C, T54C, G75A, G87A, C96T, C120T, A144T, G150A, C180T, A223G, C228T, C234T, A243G, G255A, T261A, C279T, A294C, C318T, C321T, T362C, A384G, C391T, C417T, T465C, T480C, G497A, G523A, C525T, G528A, T531G, A537C, G541A, G544A, C567A, T570C, A602G, C605T, T617C, C635T, G648A, G670C, T675C, G685A, A693G, A702G, T712C, A750T, T756C, T768C, A796C, A801G, C819T, G821A, T835C, A852G, C855T, C867T, G894A, A975G, C981T, C1005T, A1029G, C1032T, A1054C, A1056G, T1065C, T1077C, T1089C, G1101A, T1113C, A1122G, A1131G, T1143C, A1155G, C1161A, A1165C, C1170T, T1171C, A1179G, A1188G, C1194T, T1223A, G1230A, C1236T, T1242G, T1266C, C1269A, A1279G, C1281A, C1287T, G1290A, T1299C, G1330A, G1334A, A1336G, A1344G, T1351C, T1356C, G1362A, A1383G, G1390T, C1398T, C1403T, C1426T, G1428A, A1429C, C1437T, G1440T, T1456C, G1458A, C1462T, A1467G, A1470G, C1473T, A1475G, C1479T, A1480G, C1487A, G1489A, G1495A, G1497A, A1503G, G1504A, C1510T, A1525G, C1527T	Россия, Тверская обл	Vulpes vulpes	01.01.2008	G1.16
onii004293	G12A, C18T, T24C, T46A, T54C, T66C, T69C, G87A, G105A, C120T, C126T, C129T, T138C, A144T, G147A, A156G, C168T, C169T, A174G, G177T, A192G, T201G, C210T, A223G, G225A, T237G, A243G, C246T, T249G, G255A, T261A, C267T, C279T, A294C, A330G, A340C, G348T, G360A, G387A, A393G, C417T, T429C, A432G, C441A, G447A, T450C, C453A, T456C, G474A, A477G, T480C, T481C, T492C, C495T, G497A, G524A, G528A, T531G, A537G, G541A, G544A, G546A, G547A, G549A, T552C, T565C, C567T, T570C, T588C, A592C, G594T, A612G, T617C, G618A, T630C, T669C, G670A, C678T, C681A, A687T, A693G, C699T, C700T, A702G, T711A, A714G, A717G, A720G, A738G, A744G, A750T, A774G, G783A, A792G, A795T, A796G, T798C, A801G, A807G, T816C, C819A, G821A, T826C, G831A, T835C, G837A, C843T, A852G, A858G, T861C, C867T, A876G, G894A, C933T, T963C, T966C, A969G, T990C, T1002C, G1017A, A1029G, C1032T, A1054C, A1056G, T1065C, T1077C, T1089C, G1101A, T1113C, A1122G, A1131G, T1143C, A1155G, C1161A, A1165C, C1170T, T1171C, A1179G, A1188G, C1194T, T1223A, G1230A, C1236T, T1242G, T1266C, C1269A, A1279G, C1281A, C1287T, G1290A, T1299C, G1330A, G1334A, A1336G, A1344G, T1351C, T1356C, G1362A, A1383G, G1390T, C1398T, C1403T, C1426T, G1428A, A1429C, C1437T, G1440T, T1456C, G1458A, C1462T, A1467G, A1470G, C1473T, A1475G, C1479T, A1480G, C1487A, G1489A, G1495A, G1497A, A1503G, G1504A, C1510T, C1518T, A1525G, C1527T, A1542G, C1548T, C1554T, G1563A, C1566T, G1567A, G1574A	Россия, Тверская обл	Vulpes vulpes	01.01.2008	G1.17
onii004294	C18T, C19T, T41C, T54C, G87A, C96T, C120T, C126A, A144T, G150A, C180T, A223G, C228T, G231A, C234T, A243G, G255A, T261A, C279T, A294C, C321T, T362C, A384G, C391T, C417T, T465C, T480C, G497A, G523A, C525T, G528A, T531G, G541A, G544A, C567A, T570C, A602G, C605T, T617C, C635T, G648A, G670C, T675C, G685A, A693G, A702G, T712C, A750T, T756C, T768C, C780T, A796C, A801G, C819T, G821A, T835C, A852G, C855T, C867T, G894A, C1005T, A1029G, C1032T, A1054C, A1056G, T1065C, T1077C, T1089C, G1101A, T1113C, A1122G, A1131G, T1143C, A1155G, C1161A, A1165C, C1170T, T1171C, A1179G, A1188G, C1194T, T1223A, G1230A, C1236T, T1242G, T1266C, C1269A, A1279G, C1281A, C1287T, G1290A, T1299C, G1330A, G1334A, A1336G, A1344G, T1351C, T1356C, G1362A, A1383G, G1390T, C1398T, C1403T, C1426T, G1428A, A1429C, C1437T, G1440T, T1456C, G1458A, C1462T, A1467G, A1470G, C1473T, A1475G, C1479T, A1480G, C1487A, G1489A, G1495A, G1497A, A1503G, G1504A, C1510T, A1525G, C1527T, A1542G, C1548T, C1554T, G1563A, C1566T, G1567A, G1574A	Россия, Тверская обл	Nyctereutes procyonoides	01.01.2008	G1.18
onii004296	A11T, G12A, C14T, C18T, C19T, T53C, T54C, G87A, C96T, C120T, A144T, C183A, A223G, G231A, A243G, T249C, G255A, T261A, C279T, A294C, A305G, C321T, A384G, T390C, C417T, T465C, G497A, G523A, C525T, G528A, T531G, A540G, G541A, G544A, G546A, C567A, T617C, G618A, T624C, G648A, G670A, T675C, A693G, A696G, A702G, T712C, A750T, A796G, A801G, C819T, G821A, T834C, T835C, A852G, C855T, C867T, G894A, C981T, T984C, A1029G, C1032T, A1054C, A1056G, T1077C, T1098C, G1101A, A1122G, A1131G, T1143C, A1155G, C1161T, A1165C, C1170T, T1171C, T1216C, T1223A, G1230A, C1236T, T1242G, C1269A, C1275T, A1279G, C1287T, A1308G, G1330A, G1334A, A1336G, A1344G, T1351C, T1356C, G1362A, C1403T, G1410A, A1419G, T1422C, C1425T, G1428A, G1440T, G1445A, T1456C, G1458A, C1462T, A1467G, A1470G, A1472G, A1475G, A1480G, A1482G, G1495A, A1503G, G1504A, C1510T, A1525G, C1527T, A1536G, A1542G, A1545G, C1548T, C1554T, C1566T, G1567A	Россия, Тверская обл	Vulpes vulpes	01.01.2008	G1.19
onii004299	G12A, C18T, C19T, A27G, T38C, T46A, T54C, T66C, T69C, G75A, G87A, C120T, C129T, C135T, T138C, A144T, G150A, C169T, A174G, G177T, T201G, C210T, A213G, A223G, T237G, C246T, T249G, G252T, G255A, A264G, C267T, C279T, T282C, C291T, A294C, A306G, A340C, C345T, G348T, G360A, G387A, A393T, C396T, C417T, T429C, A432G, C441G, G454A, T456C, T465C, G474A, T480C, T481C, G483A, C486T, G497A, C519T, G523A, T531G, C536T, A537G, G541A, G544A, G546A, G547A, G549A, T552A, C567G, C576T, T588C, C605T, C610T, T617C, G618A, T630C, T669C, G670A, C681A, A687T, T690C, C700T, A702G, A714G, A717G, A720G, A729G, G735A, A744G, A750G, T768C, T1002C, G1017A, T1021C, C1032T, A1056G, T1059C, T1065C, T1077C, A1080C, A1083G, T1090C, A1092G, G1101A, T1116C, G1128A, A1131G, C1137T, T1140C, T1143C, T1150C, A1152G, A1155C, A1165C, C1170T, T1171C, A1173G, C1200T, T1223A, C1227A, G1230A, C1239T, T1242G, C1248T, C1251T, C1252T, G1254A, C1269A, A1279G, C1287T, G1290A, T1293A, T1302C, A1308G, C1320A, T1323C, G1330A, G1334A, A1336G, T1351C, T1356C, G1362A, C1403T, T1412C, A1419G, T1422C, C1425T, G1428A, A1434G, C1437T, G1440T, G1445A, T1456C, G1458A, C1462T, A1467G, A1470G, A1472G, A1475G, A1480G, A1488G, G1495A, A1503G, G1504A, C1510T, A1516G, A1525G, C1527T, A1536G, A1542G, C1548T, C1554T, C1566T, G1567A	Россия, Респ Тыва	Vulpes vulpes	01.01.2008	G14.2
onii004300	A11T, G12A, C14T, C18T, C19T, T42C, T53C, T54C, C96T, A305G, C321T, A384G, T390C, C417T, T465C, G497A, G523A, C525T, G528A, T531G, A540G, G541A, G544A, G546A, C567A, C585T, C605T, T617C, G618A, G648A, G670A, T675C, A693G, A702G, T712C, T736C, A750T, A796G, A797G, A801G, C819T, G821A, T835C, A852G, C855T, C867T, G894A, A969G, C981T, T984C, A1029G, C1032T, A1054C, A1056G, T1077C, T1098C, G1101A, A1122G, A1131G, T1143C, A1155G, C1161T, A1165C, C1170T, T1171C, T1216C, T1223A, G1230A, C1236T, T1242G, C1269A, C1275T, A1279G, C1287T, T1293C, A1308G, T1311C, C1320A, T1323C, G1330A, G1334A, A1336G, T1351C, T1356C, G1362A, C1403T, A1419G, T1422C, C1425T, G1428A, A1434G, C1437T, G1440T, G1445A, T1456C, G1458A, C1462T, A1467G, A1470G, A1472G, A1475G, A1480G, G1495A, A1503G, G1504A, C1510T, A1525G, C1527T	Россия, Респ Тыва	Canis lupus familiaris	01.01.2008	G1.20
onii004301	A11T, G12A, C14T, C18T, C19T, T53C, T54C, G87A, C96T, C120T, C123T, G142A, A144T, A163G, C180T, C183A, T195C, C207T, A223G, C234T, A243G, T249A, G255A, T261A, C267T, C279T, A294C, A305G, C321T, A384G, T390C, C417T, T465C, G497A, G523A, C525T, G528A, T531G, C534T, A540G, G541A, G544A, G546A, C561T, C567A, C585T, C605T, T617C, G618A, G648A, G670A, T675C, A693G, A702G, T712C, A750T, A796G, A797G, A801G, C804A, C819T, G821A, T835C, A852G, C855T, C867T, G894A, A969G, C981T, T984C, T1021C, A1029G, C1032T, A1054C, A1056G, T1077C, G1086T, T1098C, G1101A, A1122G, A1131G, T1143C, A1155G, A1165C, C1170T, T1171C, T1216C, T1223A, G1230A, T1233C, C1236T, T1242G, C1269A, C1275T, A1279G, C1287T, T1305C, A1308G, G1330A, G1334A, A1336G, T1351C, T1356C, G1362A	Россия, Респ Тыва	Bos taurus	01.01.2008	G7.1
onii004390	A11T, G12A, C14T, C18T, C19T, T53C, T54C, G87A, C96T, C120T, C126T, A144T, C183A, A192G, A223G, A243G, G255A, T261A, T273C, C279T, A294C, C303T, A305G, C321G, C372T, A384G, T390C, C417T, T465C, G497A, G523A, C525T, G528A, T531G, A540G, G541A, G544A, G546A, C561T, C567A, T617C, G618A, G648A, G670A, T675C, A693G, A702G, T712C, A750T, A796G, A801G, C819T, G821A, T835C, A852G, C855T, C867T, G894A, C981T, T984C, A1029G, C1032T, G1051A, A1054C, A1056G, T1077C, T1098C, G1106A, A1122G, A1131G, T1143C, A1155G, C1161T, A1165C, C1170T, T1171C, T1216C, T1223A, G1230A, T1233C, C1236T, T1242A, C1269A, C1275T, A1279G, C1287T, G1290A, T1299C, A1308G, G1330A, G1334A, A1336G, A1344G, T1351C, T1356C, G1362A, C1403T, A1419G, T1422C, C1425T, G1428A, A1434G, C1437T, G1440T, G1445A, T1456C, G1458A, C1462T, A1467G, A1470G, A1472G, C1473T, A1475G, A1480G, G1495A, A1503G, G1504A, C1510T, A1525G, A1536G, A1542G, C1554T, C1566T, G1567A	Россия, Омская обл, Любинский р-н	Nyctereutes procyonoides	01.01.2004	G1
onii004391	A11T, G12A, C14T, T17C, C18T, C19T, T53C, T54C, G87A, C96T, C120T, C123T, A144T, A163G, C183A, C207T, A223G, C234T, A243G, G255A, T261A, C267T, T273G, C279T, A294C, A305G, C321T, A384G, T390C, C417T, T465C, A468G, G497A, C516T, C519T, G523A, C525T, G528A, T531G, C534T, A540G, G541A, G544A, G546A, C561T, C567A, C576T, C585T, C605T, T617C, G618A, G648A, A663G, G670A, T675C, A693G, A702G, T712C, A750T, A796G, A797G, A801G, C819T, G821A, T835C, A852T, C855T, C867T, G894A, A969G, C981T, T984C, A1029G, C1032T, A1054C, A1056G, T1077C, G1086T, T1098C, G1101A, A1122G, A1131G, T1143C, T1150C, A1155G, C1161T, A1165C, C1170T, T1171C, T1216C, T1223A, G1230A, C1236T, T1242G, C1269A, C1275T, A1279G, C1287T, A1308G, G1330A, G1334A, A1336G, T1351C, T1356C, G1362A, G1378A, C1403T, A1419G, T1422C, C1425T, G1428A, A1434G, C1437T, G1440T, G1445A, G1447T, C1449T, T1456C, G1458A, C1462T, A1467G, A1470G, A1472G, A1475G, A1480G, G1495A, A1503G, G1504A, C1510T, A1516G, A1525G, C1527T, A1536G, A1542G, C1548T, C1554T, C1566T, G1567A	Россия, Респ Бурятия, Заиграевский р-н	Bos taurus	01.01.2019	G4
onii004392	A11T, G12A, C14T, T17C, C18T, C19T, T53C, T54C, G87A, C96T, C120T, C123T, A144T, A163G, C183A, C207T, A223G, C234T, A243G, G255A, T261A, C267T, T273G, C279T, A294C, A305G, C321T, A384G, T390C, C417T, T465C, A468G, G497A, C516T, C519T, G523A, C525T, G528A, T531G, C534T, A540G, G541A, G544A, G546A, C561T, C567A, C576T, C585T, C605T, T617C, G618A, G648A, A663G, G670A, T675C, A693G, A702G, T712C, A750T, A796G, A797G, A801G, C819T, G821A, T835C, A852T, C855T, C867T, G894A, A969G, C981T, T984C, A1029G, C1032T, A1054C, A1056G, T1077C, G1086T, T1098C, G1101A, A1122G, A1131G, T1143C, T1150C, A1155G, C1161T, A1165C, C1170T, T1171C, T1216C, T1223A, G1230A, C1236T, T1242G, C1269A, C1275T, A1279G, C1287T, A1308G, G1330A, G1334A, A1336G, T1351C, T1356C, G1362A, G1378A, C1403T, A1419G, T1422C, C1425T, G1428A, A1434G, C1437T, G1440T, G1445A, G1447T, C1449T, T1456C, G1458A, C1462T, C1466T, A1467G, A1470G, A1472G, A1475G, A1480G, G1495A, A1503G, G1504A, C1510T, A1516G, A1525G, C1527T, A1536G, A1542G, C1548T, C1554T, C1566T, G1567A	Россия, Респ Бурятия, Бичурский р-н	Vulpes vulpes	01.01.2019	G4
onii004393	A11T, G12A, C14T, T17C, C18T, C19T, T53C, T54C, G87A, C96T, C120T, C123T, A144T, A163G, C183A, C207T, A223G, C234T, A243G, G255A, T261A, C267T, T273G, C279T, A294C, A305G, C321T, A384G, T390C, C417T, T465C, A468G, G497A, C516T, C519T, G523A, C525T, G528A, T531G, C534T, A540G, G541A, G544A, G546A, C561T, C567A, C576T, C585T, C605T, T617C, G618A, G648A, A663G, G670A, T675C, A693G, A702G, T712C, A750T, A796G, A797G, A801G, C819T, G821A, T835C, A852T, C855T, C867T, G894A, A969G, C981T, T984C, A1029G, C1032T, A1054C, A1056G, T1077C, G1086T, T1098C, G1101A, A1122G, A1131G, T1143C, T1150C, A1155G, C1161T, A1165C, C1170T, T1171C, T1216C, T1223A, G1230A, C1236T, T1242G, C1269A, C1275T, A1279G, C1287T, A1308G, G1330A, G1334A, A1336G, T1351C, T1356C, G1362A, G1378A, C1403T, A1419G, T1422C, C1425T, G1428A, A1434G, C1437T, G1440T, G1445A, G1447T, C1449T, T1456C, G1458A, C1462T, C1466T, A1467G, A1470G, A1472G, A1475G, A1480G, G1495A, A1503G, G1504A, C1510T, A1516G, A1525G, C1527T, A1536G, A1542G, C1548T, C1554T, C1566T, G1567A	Россия, Респ Бурятия, Бичурский р-н	Vulpes vulpes	01.01.2019	G4
onii004394	A11T, G12A, C14T, T17C, C18T, C19T, T53C, T54C, G87A, C96T, C120T, C123T, A144T, A163G, C183A, C207T, A223G, C234T, A243G, G255A, T261A, C267T, T273G, C279T, A294C, A305G, C321T, A384G, T390C, C417T, T465C, A468G, G497A, C516T, C519T, G523A, C525T, G528A, T531G, C534T, A540G, G541A, G544A, G546A, C561T, C567A, C576T, C585T, C605T, T617C, G618A, G648A, A663G, G670A, T675C, A693G, A702G, T712C, A750T, A796G, A797G, A801G, C819T, G821A, T835C, A852T, C855T, C867T, G894A, A969G, C981T, T984C, A1029G, C1032T, A1054C, A1056G, T1077C, G1086T, T1098C, G1101A, A1122G, A1131G, T1143C, T1150C, A1155G, C1161T, A1165C, C1170T, T1171C, T1216C, T1223A, G1230A, C1236T, T1242G, C1269A, C1275T, A1279G, C1287T, A1308G, G1330A, G1334A, A1336G, T1351C, T1356C, G1362A, G1378A, C1403T, A1419G, T1422C, C1425T, G1428A, A1434G, C1437T, G1440T, G1445A, G1447T, C1449T, T1456C, G1458A, C1462T, C1466T, A1467G, A1470G, A1472G, A1475G, A1480G, G1495A, A1503G, G1504A, C1510T, A1516G, A1525G, C1527T, A1536G, A1542G, C1548T, C1554T, C1566T, G1567A	Россия, Респ Бурятия, Бичурский р-н	Felis catus	01.01.2019	G4
onii004395	A11T, G12A, C14T, T17C, C18T, C19T, T53C, T54C, G87A, C96T, C120T, C123T, A144T, A163G, C183A, C207T, A223G, C234T, A243G, G255A, T261A, C267T, T273G, C279T, A294C, A305G, C321T, A384G, T390C, C417T, T465C, A468G, G497A, C516T, C519T, G523A, C525T, G528A, T531G, C534T, A540G, G541A, G544A, G546A, C561T, C567A, C576T, C585T, C605T, T617C, G618A, G648A, A663G, G670A, T675C, A693G, A702G, T712C, A750T, A796G, A797G, A801G, C819T, G821A, T835C, A852T, C855T, C867T, G894A, A969G, C981T, T984C, A1029G, C1032T, A1054C, A1056G, T1077C, G1086T, T1098C, G1101A, A1122G, A1131G, T1143C, T1150C, A1155G, C1161T, A1165C, C1170T, T1171C, T1216C, T1223A, G1230A, C1236T, T1242G, C1269A, C1275T, A1279G, C1287T, A1308G, G1330A, G1334A, A1336G, T1351C, T1356C, G1362A, G1378A, C1403T, A1419G, T1422C, C1425T, G1428A, A1434G, C1437T, G1440T, G1445A, G1447T, C1449T, T1456C, G1458A, C1462T, C1466T, A1467G, A1470G, A1472G, A1475G, A1480G, G1495A, A1503G, G1504A, C1510T, A1516G, A1525G, C1527T, A1536G, A1542G, C1548T, C1554T, C1566T, G1567A	Россия, Респ Бурятия, Бичурский р-н	Bos taurus	01.01.2019	G4
onii004396	A11T, G12A, C14T, T17C, C18T, C19T, T53C, T54C, G87A, C96T, C120T, C123T, A144T, A163G, C183A, C207T, A223G, C234T, A243G, G255A, T261A, C267T, T273G, C279T, A294C, A305G, C321T, A384G, T390C, C417T, T465C, A468G, G497A, C516T, C519T, G523A, C525T, G528A, T531G, C534T, A540G, G541A, G544A, G546A, C561T, C567A, C576T, C585T, C605T, T617C, G618A, G648A, A663G, G670A, T675C, A693G, A702G, T712C, A750T, A796G, A797G, A801G, C819T, G821A, T835C, A852T, C855T, C867T, G894A, A969G, C981T, T984C, A1029G, C1032T, A1054C, A1056G, T1077C, G1086T, T1098C, G1101A, A1122G, A1131G, T1143C, A1155G, C1161T, A1165C, C1170T, T1171C, T1216C, T1223A, G1230A, C1236T, T1242G, C1269A, C1275T, A1279G, C1287T, T1293C, A1308G, G1330A, G1334A, A1336G, T1351C, T1356C, G1362A, G1378A, C1403T, A1419G, T1422C, C1425T, G1428A, A1434G, C1437T, G1440T, G1445A, G1447T, T1456C, G1458A, C1462T, A1467G, A1470G, A1472G, A1475G, A1480G, G1495A, A1503G, G1504A, C1510T, A1516G, A1525G, C1527T, A1536G, A1542G, C1548T, C1554T, C1566T, G1567A	Россия, Респ Бурятия, Селенгинский р-н	Bos taurus	01.01.2019	G4
onii004397	A11T, G12A, C14T, T17C, C18T, C19T, T53C, T54C, G87A, C96T, C120T, C123T, A144T, A163G, C183A, C207T, A223G, C234T, A243G, G255A, T261A, C267T, T273G, C279T, A294C, A305G, C321T, A384G, T390C, C417T, T465C, A468G, G497A, C516T, C519T, G523A, C525T, G528A, T531G, C534T, A540G, G541A, G544A, G546A, C561T, C567A, C576T, C585T, C605T, T617C, G618A, G648A, A663G, G670A, T675C, A693G, A702G, T712C, A750T, A796G, A797G, A801G, C819T, G821A, T835C, A852T, C855T, C867T, G894A, A969G, C981T, T984C, A1029G, C1032T, A1054C, A1056G, T1077C, G1086T, T1098C, G1101A, A1122G, A1131G, T1143C, T1150C, A1155G, C1161T, A1165C, C1170T, T1171C, T1216C, T1223A, G1230A, C1236T, T1242G, C1269A, C1275T, A1279G, C1287T, A1308G, G1330A, G1334A, A1336G, T1351C, T1356C, G1362A, G1378A, C1403T, A1419G, T1422C, C1425T, G1428A, A1434G, C1437T, G1440T, G1445A, G1447T, C1449T, T1456C, G1458A, C1462T, A1467G, A1470G, A1472G, A1475G, A1480G, G1495A, A1503G, G1504A, C1510T, A1516G, A1525G, C1527T, A1536G, A1542G, C1548T, C1554T, C1566T, G1567A	Россия, Респ Бурятия, Тарбагатайский р-н	Canis lupus familiaris	01.01.2019	G4
onii004398	A11T, G12A, C14T, T15C, T17C, C18T, C19T, T53C, T54C, G87A, C96T, C120T, C123T, A144T, A163G, C183A, C207T, A223G, C234T, A243G, G255A, T261A, C267T, T273G, C279T, A294C, A305G, C321T, A384G, T390C, C417T, T465C, A468G, G497A, C516T, C519T, G523A, C525T, G528A, T531G, C534T, A540G, G541A, G544A, G546A, C561T, C567A, C576T, C585T, C605T, T617C, G618A, G648A, A663G, G670A, T675C, A693G, A702G, T712C, A750T, A796G, A797G, A801G, C819T, G821A, T835C, A852T, C855T, C867T, G894A, A969G, C981T, T984C, A1029G, C1032T, A1054C, A1056G, T1077C, G1086T, T1098C, G1101A, A1122G, A1131G, T1143C, T1150C, A1155G, C1161T, A1165C, C1170T, T1171C, T1216C, T1223A, G1230A, C1236T, T1242G, C1269A, C1275T, A1279G, C1287T, A1308G, G1330A, G1334A, A1336G, T1351C, T1356C, G1362A, G1378A, C1403T, A1419G, T1422C, C1425T, G1428A, A1434G, C1437T, G1440T, G1445A, G1447T, C1449T, T1456C, G1458A, C1462T, A1467G, A1470G, A1472G, A1475G, A1480G, G1495A, A1503G, G1504A, C1510T, A1516G, A1525G, C1527T, A1536G, A1542G, C1548T, C1554T, C1566T, G1567A	Россия, Респ Бурятия, Заиграевский р-н	Vulpes vulpes	01.01.2019	G4
onii004399	A11T, G12A, C14T, T17C, C18T, C19T, T53C, T54C, G87A, C96T, C120T, C123T, A144T, A163G, C183A, C207T, A223G, C234T, A243G, G255A, T261A, C267T, T273G, C279T, A294C, A305G, C321T, A384G, T390C, C417T, T465C, A468G, G497A, C516T, C519T, G523A, C525T, G528A, T531G, C534T, A540G, G541A, G544A, G546A, C561T, C567A, C576T, C585T, C605T, T617C, G618A, G648A, A663G, G670A, T675C, A693G, A702G, T712C, A750T, A796G, A797G, A801G, C819T, G821A, T835C, A852T, C855T, C867T, G894A, A969G, C981T, T984C, A1029G, C1032T, A1054C, A1056G, T1077C, G1086T, T1098C, G1101A, A1122G, A1131G, T1143C, T1150C, A1155G, C1161T, A1165C, C1170T, T1171C, T1216C, T1223A, G1230A, C1236T, T1242G, C1269A, C1275T, A1279G, C1287T, A1308G, G1330A, G1334A, A1336G, T1351C, T1356C, G1362A, G1378A, C1403T, A1419G, T1422C, C1425T, G1428A, A1434G, C1437T, G1440T, G1445A, G1447T, C1449T, T1456C, G1458A, C1462T, A1467G, A1470G, A1472G, A1475G, A1480G, G1495A, A1503G, G1504A, C1510T, A1516G, A1525G, C1527T, A1536G, A1542G, C1548T, C1554T, C1566T, G1567A	Россия, Респ Бурятия, Тарбагатайский р-н	Vulpes vulpes	01.01.2019	G4
onii004572	A11T, G12A, C14T, C18T, C19T, T53C, T54C, G87A, C96T, C120T, C123T, G142A, A144T, A163G, C180T, C183A, T195C, C207T, A223G, C234T, A243G, T249A, G255A, T261A, C267T, C279T, A294C, A305G, C321T, A384G, T390C, C417T, T465C, G497A, G523A, C525T, G528A, T531G, C534T, A540G, G541A, G544A, G546A, C561T, C567A, C585T, C605T, T617C, G618A, G648A, G670A, T675C, A693G, A702G, T712C, A750T, A796G, A797G, A801G, C804A, C819T, G821A, T835C, A852G, C855T, C867T, G894A, A969G, C981T, T984C, T1021C, A1029G, C1032T, A1054C, A1056G, T1077C, G1086T, T1098C, G1101A, A1122G, A1131G, T1143C, A1155G, A1165C, C1170T, T1171C, T1216C, T1223A, G1230A, T1233C, C1236T, T1242G, C1269A, C1275T, A1279G, C1287T, T1305C, A1308G, G1330A, G1334A, A1336G, T1351C, T1356C, G1362A, T1379C, C1403T, T1412C, A1419G, T1422C, C1425T, G1428A, A1434G, C1437T, G1440T, G1445A, T1456C, G1458A, C1462T, A1467G, A1470G, A1472G, A1475G, A1480G, A1488G, G1495A, A1503G, G1504A, C1510T, A1516G, A1525G, C1527T, A1536G, A1542G, C1566T, G1567A	Россия, Респ Тыва	Canis lupus	04.08.2008	G7
onii004573	A11T, G12A, C14T, C18T, C19T, G48T, T53C, T54C, A60G, G87A, T90C, C96T, C120T, A144T, C183A, A223G, G231A, A243G, T249C, G255A, T261A, C279T, A294C, A305G, C321T, A330G, C372T, A384G, T390C, C417T, T465C, G497A, G523A, C525T, G528A, T531G, A540G, G541A, G544A, G546A, C558T, C567A, C605T, T617C, G618A, T639C, G648A, G670A, T675C, A693G, A702G, T705C, T712C, A750T, A796G, A801G, C819T, G821A, T834C, T835C, A852G, C855T, C867T, G894A, C981T, T984C, A1029G, C1032T, A1054C, A1056G, T1077C, T1098C, G1101A, A1122G, A1131G, T1143C, A1155G, C1161T, A1165C, C1170T, T1171C, A1173G, A1188G, T1216C, T1223A, G1230A, C1236T, T1242G, C1251T, C1269A, C1275T, A1279G, C1287T, A1308G, G1330A, G1334A, A1336G, A1344G, T1351C, T1356C, G1362A, C1403T, A1419G, T1422C, C1425T, G1428A, A1434G, C1437T, G1440T, G1445A, T1456C, G1458A, C1462T, T1464C, A1467G, A1470G, A1472G, A1475G, A1480G, G1495A, A1503G, G1504A, C1510T, A1525G, C1527T	Россия, Омская обл	Vulpes vulpes	14.03.2008	G2
onii004574	G12A, C14T, C18T, C19T, A27C, T42C, T53C, T54C, G87A, C96T, C120T, A144T, C183A, A213G, A223G, G255A, T261A, T273C, C279T, A294C, A305G, C321T, T333C, G348A, A384G, T390C, C411T, C417T, T465C, G497A, G523A, C525T, G528A, T531G, A540G, G541A, G544A, G546A, C567A, T617C, G618A, G648A, G670A, T675C, A693G, A702G, T712C, A750T, T762C, A796G, A801G, C819T, G821A, T835C, A852G, C855T, C867T, G894A, G921A, C981T, T984C, A1029G, C1032T, C1053T, A1054C, A1056G, T1077C, T1098C, G1101A, G1104A, A1122G, A1131G, T1143C, A1152G, A1155G, C1161T, A1165C, C1170T, T1171C, A1173G, T1216C, T1223A, A1224G, G1230A, C1236T, T1242G, C1269A, C1275T, A1279G, C1287T, A1308G, T1325C, G1330A, G1334A, A1336G, A1344G, T1351C, T1356C, G1362A, G1395A, C1403T, A1419G, T1422C, C1425T, G1428A, C1437T, G1440T, T1456C, G1458A, C1462T, A1467G, A1470G, A1472G, A1475G, A1480G, G1495A, A1503G, G1504A, C1510T, A1525G, C1527T, A1536G, A1542G	Россия, Омская обл	Vulpes vulpes	13.01.2008	G5
onii004575	A11T, G12A, C14T, C18T, C19T, T41C, T53C, T54C, G87A, C120T, A132C, A144T, A163G, C183A, C207T, A223G, A243G, G255A, T261A, C267T, C279T, A294C, G300A, A305G, C321T, T390C, C417T, C459T, T465C, G497A, G523A, C525T, G528A, T531G, A540G, G541A, G544A, G546A, C567A, C585T, C605T, T617C, G618A, G648A, G670A, T675C, A693G, A696G, A702G, T712C, A750T, A796G, A797G, A801G, C814T, C819T, G821A, T835C, C855T, C867T, G894A, C981T, T984C, A1029G, C1032T, A1054C, A1056G, T1077C, T1098A, G1101A, A1122G, C1125T, A1131G, T1143C, A1155G, C1161T, A1165C, T1167C, G1168A, C1170T, T1171C, T1216C, T1223A, G1230A, C1236T, T1242G, C1269A, C1275T, A1279G, C1287T, T1293C, A1308G, T1317C, G1330A, G1334A, A1336G, T1351C, T1356C, G1362A, A1373G, C1403T, A1419G, T1422C, C1425T, G1428A, A1434G, C1437T, G1440T, G1445A, T1456C, G1458A, C1462T, A1467G, A1470G, A1472G, A1475G, A1480G, G1495A, G1497A, A1503G, G1504A, C1510T, A1525G, C1527T, A1536G, A1542G, C1548T, C1554T, C1566T, G1567A	Россия, Красноярский край	Vulpes vulpes	18.03.2008	G3
onii004576	A11T, G12A, C14T, C18T, C19T, T41C, T53C, T54C, G87A, C120T, A132C, A144T, A163G, C183A, C207T, A223G, A243G, G255A, T261A, C267T, C279T, A294C, G300A, A305G, C321T, T390C, C417T, C459T, T465C, G497A, G523A, C525T, G528A, T531G, A540G, G541A, G544A, G546A, C567A, C585T, C605T, T617C, G618A, G648A, G670A, T675C, A693G, A696G, A702G, T712C, A750T, A796G, A797G, A801G, C814T, C819T, G821A, T835C, C855T, C867T, G894A, C981T, T984C, A1029G, C1032T, A1054C, A1056G, T1077C, T1098A, G1101A, A1122G, C1125T, A1131G, T1143C, A1155G, C1161T, A1165C, T1167C, G1168A, C1170T, T1171C, T1216C, T1223A, G1230A, C1236T, T1242G, C1269A, C1275T, A1279G, C1287T, T1293C, A1308G, T1317C, G1330A, G1334A, A1336G, T1351C, T1356C, G1362A, A1373G, C1403T, A1419G, T1422C, C1425T, G1428A, A1434G, C1437T, G1440T, G1445A, T1456C, G1458A, C1462T, A1467G, A1470G, A1472G, A1475G, A1480G, G1495A, G1497A, A1503G, G1504A, C1510T, A1525G, C1527T, A1536G, A1542G, C1548T, C1554T, C1566T, G1567A	Россия, Красноярский край	Vulpes vulpes	27.08.2008	G3
onii004577	A11T, G12A, C14T, C18T, C19T, T41C, T53C, T54C, G87A, C120T, A132C, A144T, A163G, C183A, T195C, C207T, A223G, A243G, G255A, T261A, C267T, C279T, A294C, G300A, A305G, C321T, T390C, C417T, T465C, G497A, G523A, C525T, G528A, T531G, A540G, G541A, G544A, G546A, C567A, C585T, C605T, T617C, G618A, G648A, G670A, T675C, A693G, A696G, A702G, T712C, A750T, A796G, A797G, A801G, C814T, C819T, G821A, T835C, C855T, C867T, G894A, C981T, T984C, A1029G, C1032T, A1054C, A1056G, T1077C, T1098A, G1101A, A1122G, C1125T, A1131G, T1143C, A1155G, C1161T, A1165C, T1167C, G1168A, C1170T, T1171C, T1216C, T1223A, G1230A, C1236T, T1242G, C1269A, C1275T, A1279G, C1287T, T1293C, A1308G, T1317C, G1330A, G1334A, A1336G, T1351C, T1356C, G1362A, A1373G, C1403T, A1419G, T1422C, C1425T, G1428A, A1434G, C1437T, G1440T, G1445A, T1456C, G1458A, C1462T, A1467G, A1470G, A1472G, A1475G, A1480G, G1495A, G1497A, A1503G, G1504A, C1510T	Россия, Красноярский край	Vulpes vulpes	21.03.2008	G3
onii004579	A11T, G12A, C14T, C18T, C19T, T41C, T53C, T54C, G87A, C120T, A132C, A144T, A163G, C183A, T195C, C207T, A223G, A243G, G255A, T261A, C267T, C279T, A294C, G300A, A305G, C321T, T390C, C417T, T465C, G497A, G523A, C525T, G528A, T531G, A540G, G541A, G544A, G546A, C567A, C585T, C605T, T617C, G618A, G648A, G670A, T675C, A693G, A696G, A702G, T712C, A750T, A796G, A797G, A801G, C814T, C819T, G821A, T835C, C855T, C867T, G894A, C981T, T984C, A1029G, C1032T, A1054C, A1056G, T1077C, T1098A, G1101A, A1122G, C1125T, A1131G, T1143C, A1155G, C1161T, A1165C, T1167C, G1168A, C1170T, T1171C, T1216C, T1223A, G1230A, C1236T, T1242G, C1269A, C1275T, A1279G, C1287T, T1293C, A1308G, T1317C, G1330A, G1334A, A1336G, T1351C, T1356C, G1362A, A1373G, C1403T, A1419G, T1422C, C1425T, G1428A, A1434G, C1437T, G1440T, G1445A, T1456C, G1458A, C1462T, A1467G, A1472G, A1475G, A1480G, G1495A, A1503G, G1504A, C1510T, A1525G, C1527T	Россия, Красноярский край	Vulpes vulpes	01.05.2008	G3
onii004580	A11T, G12A, C14T, C18T, C19T, T41C, T53C, T54C, G87A, C120T, A132C, A144T, A163G, C183A, T195C, C207T, A223G, A243G, G255A, T261A, C267T, C279T, A294C, G300A, A305G, C321T, T390C, C417T, T465C, G497A, G523A, C525T, G528A, T531G, A540G, G541A, G544A, G546A, C567A, C585T, C605T, T617C, G618A, G648A, G670A, T675C, A693G, A696G, A702G, T712C, A750T, A796G, A797G, A801G, C814T, C819T, G821A, T835C, C855T, C867T, G894A, C981T, T984C, A1029G, C1032T, A1054C, A1056G, T1077C, T1098A, G1101A, A1122G, C1125T, A1131G, T1143C, A1155G, C1161T, A1165C, T1167C, G1168A, C1170T, T1171C, T1216C, T1223A, G1230A, C1236T, T1242G, C1269A, C1275T, A1279G, C1287T, T1293C, A1308G, T1317C, G1330A, G1334A, A1336G, T1351C, T1356C, G1362A	Россия, Красноярский край	Vulpes vulpes	10.07.2008	G3.2
onii004581	A11T, G12A, C14T, C18T, C19T, C28T, T53C, T54C, A60G, G87A, T90C, C96T, C120T, A144T, C183A, T195C, A223G, G231A, A243G, T249C, G255A, T261A, C279T, A294C, A305G, C321T, A342G, C372T, A384G, T390C, C417T, T465C, G497A, G523A, C525T, G528A, T531G, A540G, G541A, G544A, G546A, C567A, C605T, T617C, G618A, T639C, G648A, G670A, T675C, A693G, A702G, T705C, T712C, A750T, G783A, A796G, A801G, C819T, G821A, T834C, T835C, A852G, C855T, C867T, G894A, C981T, T984C, A1029G, C1032T, A1054C, A1056G, T1077C, T1098C, G1101A, A1122G, A1131G, T1143C, A1155G, C1161T, A1165C, C1170T, T1171C, A1173G, A1188G, T1216C, T1223A, G1230A, C1236T, T1242G, C1251T, C1269A, C1275T, A1279G, C1287T, A1308G, G1330A, G1334A, A1336G, A1344G, T1351C, T1356C, G1362A	Россия, Алтайский край	Bos taurus	03.09.2008	G9
onii004582	A11T, G12A, C14T, C18T, C19T, T53C, T54C, A60G, G87A, T90C, C96T, C120T, A144T, C183A, A223G, G231A, A243G, G255A, T261A, C279T, A294C, A305G, C321T, C372T, A384G, T390C, C391T, C417T, T465C, G497A, G523A, C525T, G528A, T531G, A540G, G541A, G544A, G546A, C567A, C605T, T617C, G618A, T639C, G648A, G670A, T675C, A693G, A702G, T705C, T712C, A750T, A788C, A796G, A801G, C819T, G821A, T834C, T835C, A852G, C855T, C867T, G894A, C981T, T984C, A1029G, C1032T, A1054C, A1056G, T1077C, T1098C, G1101A, A1122G, A1131G, T1143C, A1155G, C1161T, A1165C, C1170T, T1171C, A1173G, A1188G, T1216C, T1223A, G1230A, C1236T, T1242G, C1251T, C1269A, C1275T, A1279G, C1287T, A1308G, G1330A, G1334A, A1336G, A1344G, T1351C, T1356C, G1362A, A1364G	Россия, Алтайский край	Vulpes vulpes	26.06.2008	G9
onii004583	A11T, G12A, C14T, C18T, C19T, C28T, T53C, T54C, G57A, A60G, G87A, T90C, C96T, C120T, A144T, C183A, T195C, A223G, G231A, A243G, T249C, G255A, T261A, C279T, A294C, A305G, C321T, C372T, A384G, T390C, C417T, T465C, G497A, G523A, C525T, G528A, T531G, A540G, G541A, G544A, G546A, C567A, C605T, T617C, G618A, T639C, G648A, G670A, T675C, A693G, A702G, T705C, T712C, A750T, G783A, A796G, A801G, C819T, G821A, T834C, T835C, A852G, C855T, C867T, G894A, C981T, T984C, A1029G, C1032T, A1054C, A1056G, T1077C, T1098C, G1101A, A1122G, A1131G, T1143C, A1155G, C1161T, A1165C, C1170T, T1171C, A1173G, A1188G, T1216C, T1223A, G1230A, C1236T, T1242G, C1251T, C1269A, C1275T, A1279G, C1287T, A1308G, G1330A, G1334A, A1336G, A1344G, T1351C, T1356C, G1362A	Россия, Алтайский край	Vulpes vulpes	23.06.2008	G9
onii004584	A11T, G12A, C14T, C18T, C19T, T53C, T54C, A60G, G87A, T90C, C96T, C102T, C120T, A144T, C183A, A223G, G231A, A243G, T249C, G255A, T261A, C279T, A294C, A305G, C321T, C372T, A384G, T390C, C417T, T465C, G497A, G523A, C525T, G528A, T531G, A540G, G541A, G544A, G546A, C567A, C605T, T617C, G618A, T639C, G648A, T669C, G670A, T675C, A693G, A702G, T705C, T712C, A750T, A796G, A801G, C819T, G821A, T834C, T835C, A852G, C855T, C867T, G894A, C981T, T984C, A1029G, C1032T, A1054C, A1056G, T1077C, T1098C, G1101A, A1122G, A1131G, T1143C, A1155G, C1161T, A1165C, C1170T, T1171C, A1173G, A1188G, T1216C, T1223A, G1230A, C1236T, T1242G, C1251T, C1269A, C1275T, A1279G, C1287T, A1308G, G1330A, G1334A, A1336G, A1344G, T1351C, T1356C, G1362A, C1403T, C1407T, A1419G, T1422C, C1425T, G1428A, A1434G, C1437T, G1440T, G1445A, T1456C, G1458A, C1462T, T1464C, A1467G, A1470G, A1472G, A1475G, A1480G, G1495A, A1503G, G1504A, C1510T, A1525G, C1527T, A1536G, A1542G, C1554T, C1566T, G1567A, C1570T	Россия, Алтайский край	Bos taurus	18.06.2008	G2
onii004585	G12A, C14T, C18T, C19T, T49A, T53C, T54C, T66C, G87A, T93C, C96T, C120T, G141A, A144T, A174G, C183A, A223G, A243G, G255A, T261A, T273C, C279T, A294C, A305G, C321T, A336G, A384G, T390C, C414T, C417T, T465C, G497A, G523A, C525T, G528A, T531G, C536T, A540G, G541A, G544A, G546A, C567A, T570C, T617C, G618A, G648A, G670A, T675A, A693G, A702G, T712C, A750T, A796G, A801G, C819T, G821A, T835C, A852G, C855T, C867T, G894A, G903A, A918G, C936T, C981T, T984C, A1029G, C1032T, A1054C, A1056G, T1077C, T1089C, T1098C, G1101A, A1122G, T1143C, A1155G, C1161T, A1165C, C1170T, T1171C, A1173G, T1216C, T1223A, G1230A, C1236T, T1242G, T1266C, C1269A, C1275T, A1279G, C1287T, A1308G, C1320T, G1330A, G1334A, A1336G, A1344G, T1351C, T1356C, G1362A, A1525G, C1527T, A1536G, A1542G, C1548T, C1554T, C1566T, G1567A	Россия, Белгородская обл	Vulpes vulpes	24.02.2008	G1.21
onii004586	A11T, G12A, C18T, C19T, T53C, T54C, A60G, G87A, T90C, C96T, C120T, A144T, C183A, A219T, A223G, G231A, A243G, T249C, G255A, T261A, C279T, A294C, A305G, C321T, A384G, T390C, C417T, T465C, G497A, G523A, C525T, G528A, T531G, A540G, G541A, G544A, G546A, C567A, T617C, G618A, G648A, G670A, T675C, A693G, A702G, T712C, A750T, A796G, A801G, C819T, G821A, T834C, T835C, A852G, C855T, C867T, T883C, G894A, C981T, T984C, A1029G, C1032T, A1054C, A1056G, T1077C, T1098C, G1101A, A1122G, A1131G, T1143C, A1155G, C1161T, A1165C, C1170T, T1171C, A1173G, T1216C, T1223A, G1230A, C1236T, T1242G, C1269A, C1275T, A1279G, C1287T, A1308G, G1330A, G1334A, A1336G, A1344G, T1351C, T1356C, G1362A, C1403T, A1419G, T1422C, C1425T, G1428A, A1434G, C1437T, G1440T, G1445A, T1456C, G1458A, C1462T, T1464C, A1467G, A1470G, A1472G, A1475G, A1480G, G1495A, A1503G, G1504A, C1510T, A1525G, A1536G, A1542G, C1554T, C1566T, G1567A, C1570T	Россия, Белгородская обл	Vulpes vulpes	21.02.2008	G2
onii004587	G12A, C14T, C18T, C19T, T49A, T53C, T54C, T66C, G87A, T93C, C96T, C120T, G141A, A144T, C183A, A223G, A243G, G255A, T261A, C279T, A294C, A305G, C321T, A384G, T390C, C414T, C417T, T465C, G497A, G523A, C525T, G528A, T531G, C536T, A540G, G541A, G544A, G546A, C567A, T617C, G618A, C627T, G648A, G670A, T675C, A693G, A702G, T712C, A750T, A796G, A801G, C819T, G821A, T835C, A852G, C855T, C867T, G894A, A918G, C936T, C981T, T984C, A1029G, C1032T, A1054C, A1056G, T1077C, T1089C, T1098C, G1101A, G1104A, T1113C, A1122G, A1131G, C1137T, T1143C, A1155G, C1161T, A1165C, C1170T, T1171C, A1173G, T1216C, T1223A, G1230A, C1236T, T1242G, T1266C, C1269A, C1275T, A1279G, C1287T, A1308G, C1320T, G1330A, G1334A, A1336G, A1344G, T1351C, T1356C, G1362A, C1403T, G1410A, A1419G, T1422C, C1425T, G1428A, G1440T, G1445A, T1456C, G1458A, C1462T, C1466T, A1467G, A1470G, A1472G, A1475G, A1480G, A1482G, G1495A, A1503G, G1504A, C1510T, A1515G, A1525G, C1527T, A1536G, A1542G, C1548T, C1554T, C1566T, G1567A	Россия, Воронежская обл	Vulpes vulpes	22.10.2008	G11
onii004588	G12A, C14T, C18T, C19T, G25A, T49A, T53C, T54C, T66C, G87A, T93C, C96T, C120T, G141A, A144T, A174G, C183A, A223G, A243G, G255A, T261A, T273C, C279T, A294C, A305G, C321T, A336G, A384G, T390C, C414T, C417T, T465C, G497A, G523A, C525T, G528A, T531G, C536T, A540G, G541A, G544A, G546A, C567A, T570C, T617C, G618A, G648A, G670A, T675A, A693G, A702G, T712C, A750T, A796G, A801G, C819T, G821A, T835C, A852G, C855T, C867T, G894A, A918G, C936T, C981T, T984C, A1029G, C1032T, A1054C, A1056G, T1077C, T1089C, T1098C, G1101A, A1122G, A1131G, T1143C, A1155G, C1161T, A1165C, C1170T, T1171C, A1173G, T1216C, T1223A, G1230A, C1236T, T1242G, T1266C, C1269A, C1275T, A1279G, C1287T, A1308G, C1320T, G1330A, G1334A, A1336G, A1344G, T1351C, T1356C, G1362A, C1403T, G1410A, A1419G, T1422C, C1425T, G1428A, G1440T, G1445A, T1456C, G1458A, C1462T, A1467G, A1470G, A1472G, A1475G, A1480G, A1482G, G1495A, A1503G, G1504A, C1510T, C1512A, C1518T, A1525G, C1527T, A1536G, A1542G, C1548T, C1554T	Россия, Воронежская обл	Vulpes vulpes	22.02.2008	G1.22
onii004589	G12A, C14T, C18T, C19T, A45G, T49A, T53C, T66C, G87A, T93C, C96T, C120T, G141A, A144T, A174G, C183A, A223G, A243G, G255A, T261A, T273C, C279T, T288C, A294C, A305G, C321T, C366T, A384G, T390C, C414T, C417T, T465C, A489C, G497A, G523A, C525T, G528A, T531G, C536T, A540G, G541A, G544A, G546A, C567G, T617C, G618A, G648A, G670A, T675C, A693G, A702G, T712C, A750T, C780T, A796G, A801G, C819T, G821A, T835C, A852G, C855T, C867T, G894A, G903A, A918G, C936T, C981T, T984C, A1029G, C1032T, A1054C, A1056G, T1077C, T1098C, G1101A, T1116C, A1122G, A1131G, T1143C, A1155G, C1161T, A1165C, C1170T, T1171C, T1216C, T1223A, G1230A, C1236T, T1242G, T1266C, C1269A, C1275T, A1279G, C1287T, A1308G, C1320T, G1330A, G1334A, A1336G, A1344G, T1351C, T1356C, G1362A, A1363G, C1403T, G1410A, A1419G, T1422C, C1425T, G1428A, G1440T, G1445A, T1456C, G1458A, C1462T, A1467G, A1470G, C1471G, A1472G, A1475G, A1480G, A1482G, G1495A, A1496G, A1503G, G1504A, T1505C, C1506A, C1510T, A1515G, A1525G, C1527T, A1536G, A1542G, C1548T, C1554T, C1566T, G1567A	Россия, Воронежская обл	Vulpes vulpes	23.02.2008	G1
onii004753	G12A, C14T, C18T, C19T, T49A, T53C, T54C, T66C, A81C, G87A, T93C, C96T, C120T, G141A, A144T, C183A, A223G, A243G, G255A, T261A, T273C, C279T, A294C, A305G, C321T, A384G, T390C, C414T, C417T, A434C, T465C, A468G, T481C, G497A, G523A, C525T, G528A, T531G, C536T, A540G, G541A, G544A, G546A, C567A, T617C, G618A, T633C, G648A, G670A, T675C, A693G, A702G, T712C, A716G, A750T, A796G, A801G, C819T, G821A, T835C, A852G, C855T, C867T, G894A, A918G, C936T, T963C, C981T, T984C, A1029G, C1032T, A1054C, A1056G, T1077C, T1089C, T1098C, G1101A, A1122G, C1125T, A1131G, T1143C, A1155G, C1161T, A1165C, C1170T, T1171C, A1173G, T1216C, T1223A, G1230A, C1236T, T1242G, G1263A, T1266C, C1269A, C1275T, A1279G, C1281A, C1287T, A1308G, C1320T, G1330A, G1334A, A1336G, A1344G, T1351C, T1356C, G1362A, C1403T, G1410A, A1419G, T1422C, C1425T, G1428A, G1440T, G1445A, T1456C, G1458A, C1462T, A1467G, A1470G, A1472G, A1475G, A1480G, A1482G, G1495A, T1499G, A1503G, G1504A, C1510T, A1525G, C1527T, A1536G, A1542G, A1545G, C1548T, C1554T, C1566T, G1567A	Россия, Липецкая обл	Vulpes vulpes	15.03.2011	G10
onii004754	G12A, C14T, C18T, C19T, T49A, T53C, T54C, T66C, A81C, G87A, T93C, C96T, C120T, G141A, A144T, C183A, A223G, A243G, G255A, T261A, T273C, C279T, A294C, A305G, C321T, A384G, T390C, C414T, C417T, A434C, T465C, A468G, T481C, G497A, G523A, C525T, G528A, T531G, C536T, A540G, G541A, G544A, G546A, C567A, T617C, G618A, T633C, G648A, G670A, T675C, A693G, A702G, T712C, A716G, A750T, A796G, A801G, C819T, G821A, T835C, A852G, C855T, C867T, G894A, A918G, C936T, T963C, C981T, T984C, A1029G, C1032T, A1054C, A1056G, T1077C, T1089C, T1098C, G1101A, A1122G, C1125T, A1131G, T1143C, A1155G, C1161T, A1165C, C1170T, T1171C, A1173G, T1216C, T1223A, G1230A, C1236T, T1242G, G1263A, T1266C, C1269A, C1275T, A1279G, C1281A, C1287T, A1308G, C1320T, G1330A, G1334A, A1336G, A1344G, T1351C, T1356C, G1362A, C1403T, G1410A, A1419G, T1422C, C1425T, G1428A, G1440T, G1445A, T1456C, G1458A, C1462T, A1467G, A1470G, A1472G, A1475G, A1480G, A1482G, G1495A, T1499G, A1503G, G1504A, C1510T, A1525G, C1527T, A1536G, A1542G, A1545G, C1548T, C1554T, C1566T, G1567A	Россия, Липецкая обл	Vulpes vulpes	14.05.2011	G10
onii004755	G12A, C14T, C18T, C19T, T49A, T53C, T54C, T66C, G87A, T93C, C96T, C120T, G141A, A144T, C183A, A223G, A243G, G255A, T261A, T273C, C279T, A294C, A305G, C321T, A384G, T390C, C414T, C417T, A434C, T465C, A468G, T481C, G497A, G523A, C525T, G528A, T531G, C536T, A540G, G541A, G544A, G546A, C567A, T617C, G618A, T633C, G648A, G670A, T675C, A693G, A702G, T712C, A716G, A750T, A796G, A801G, C819T, G821A, T835C, A852G, C855T, C867T, G894A, A918G, C936T, T963C, C981T, T984C, A1029G, C1032T, A1054C, A1056G, T1077C, T1089C, T1098C, G1101A, A1122G, C1125T, A1131G, T1143C, A1155G, C1161T, A1165C, C1170T, T1171C, A1173G, T1216C, T1223A, G1230A, C1236T, T1242G, G1263A, T1266C, C1269A, C1275T, A1279G, C1281A, C1287T, A1308G, C1320T, G1330A, G1334A, A1336G, A1344G, T1351C, T1356C, G1362A, C1403T, G1410A, A1419G, T1422C, C1425T, G1428A, G1440T, G1445A, T1456C, G1458A, C1462T, A1467G, A1470G, A1472G, A1475G, A1480G, A1482G, G1495A, T1499G, A1503G, G1504A, C1510T, A1525G, C1527T, A1536G, A1542G, A1545G, C1548T, C1554T, C1566T, G1567A	Россия, Липецкая обл	Felis catus	14.04.2011	G10
onii004756	G12A, C14T, C18T, C19T, A45G, T49A, T53C, T66C, G87A, T93C, C96T, C120T, G141A, A144T, A174G, C183A, A223G, A243G, T261A, T273C, C279T, T288C, A294C, A305G, C321T, C366T, A384G, T390C, C414T, C417T, T465C, A489C, G497A, G523A, C525T, G528A, T531G, C536T, A540G, G541A, G544A, G546A, C567G, T617C, G618A, G648A, G670A, T675C, T690C, A693G, A702G, T712C, A750T, C780T, A796G, A801G, C819T, G821A, T835C, A852G, C855T, C867T, G894A, G903A, A918G, C936T, C981T, T984C, A1029G, C1032T, A1054C, A1056G, T1077C, T1098C, G1101A, G1104A, T1116C, A1122G, A1131G, T1143C, A1155G, C1161T, A1165C, C1170T, T1171C, T1216C, T1223A, G1230A, C1236T, T1242G, T1266C, C1269A, C1275T, A1279G, C1287T, A1308G, C1320T, G1330A, G1334A, A1336G, A1344G, T1351C, T1356C, G1362A, A1363G, G1390A, C1403T, G1410A, A1419G, T1422C, C1425T, G1428A, G1440T, G1445A, T1456C, G1458A, C1462T, A1467G, A1470G, A1472G, A1475G, A1480G, A1482G, G1495A, A1496G, A1503G, G1504A, T1505C, C1506A, C1510T, A1515G, A1525G, C1527T, A1536G, A1542G, C1548T, C1554T, C1566T, G1567A	Россия, Липецкая обл	Vulpes vulpes	12.03.2011	G1
onii004757	G12A, C14T, C18T, C19T, A27C, T42C, T53C, T54C, G87A, C96T, C120T, A144T, C183A, A213G, A223G, G255A, T261A, T273C, C279T, A294C, A305G, C321T, T333C, G348A, A353G, A384G, T390C, C411T, C417T, T465C, G497A, G523A, C525T, G528A, T531G, A540G, G541A, G544A, G546A, C567A, T617C, G618A, G648A, G670A, T675C, A693G, A702G, T712C, T762C, A796G, A801G, C819T, G821A, T835C, A852G, C855T, C867T, G894A, G921A, C981T, T984C, A1029G, C1032T, C1053T, A1054C, A1056G, T1077C, T1098C, G1101A, G1104A, A1122G, A1131G, T1143C, T1150C, A1152G, A1155G, C1161T, A1165C, C1170T, T1171C, A1173G, T1216C, T1223A, A1224G, G1230A, C1236T, T1242G, C1269A, C1275T, A1279G, C1287T, A1308G, G1330A, G1334A, A1336G, A1344G, T1351C, T1356C, G1362A, G1395A, C1403T, A1419G, T1422C, C1425T, G1428A, C1437T, G1440T, G1445A, T1456C, G1458A, C1462T, A1467G, A1470G, A1472G, A1475G, A1480G, G1495A, A1503G, G1504A, C1510T, G1524A, A1525G, C1527T, A1536G, A1542G, C1548T, C1554T, C1566T, G1567A	Россия, Омская обл, Нижнеомский р-н	Bos taurus	14.05.2008	G5
onii004758	A11T, G12A, C14T, C18T, C19T, T53C, T54C, G87A, C96T, C120T, C126T, A144T, C183A, A223G, G255A, T261A, T273C, C279T, A294C, C303T, A305G, C321G, A384G, T390C, C417T, T465C, G497A, G523A, C525T, G528A, T531G, C536T, A540G, G541A, G544A, G546A, C567A, G606T, T617C, G618A, T630C, G644A, G648A, G670A, T675C, A693G, A702G, T712C, A750T, A796G, A801G, C819T, G821A, T835C, A852G, C855T, C867T, G894A, C981T, T984C, A1029G, C1032T, G1051A, A1054C, A1056G, T1077C, T1098C, G1101A, G1106A, C1117A, A1122G, A1131G, T1143C, A1155G, C1161T, A1165C, C1170T, T1171C, A1179G, T1216C, T1223A, G1230A, C1236T, T1242A, C1269A, C1275T, A1279G, C1287T, G1290A, A1308G, G1330A, G1334A, A1336G, A1344G, T1351C, T1356C, G1362A, C1403T, A1419G, T1422C, C1425T, G1428A, A1434G, C1437T, G1440T, G1445A, T1456C, G1458A, C1462T, A1467G, A1470G, A1472G, C1473T, A1475G, A1480G, G1495A, A1503G, G1504A, C1510T, A1525G, A1536G, A1542G, C1554T, C1566T, G1567A	Россия, Омская обл, Большереченский р-н	Vulpes vulpes	18.03.2008	G1
onii004759	A11T, G12A, C14T, C18T, C19T, G48T, T53C, T54C, A60G, G87A, T90C, C96T, C120T, A144T, C183A, A223G, G231A, A243G, T249C, G255A, T261A, C279T, A294C, A305G, C321T, A330G, C372T, A384G, T390C, C417T, T465C, G497A, G523A, C525T, G528A, T531G, A540G, G541A, G544A, G546A, C558T, C567A, C605T, T617C, G618A, T639C, G648A, G670A, T675C, A693G, A702G, T705C, T712C, A750T, A796G, A801G, C819T, G821A, T834C, T835C, A852G, C855T, C867T, G894A, C981T, T984C, T1098C, G1101A, A1122G, A1131G, T1143C, A1155G, C1161T, A1165C, C1170T, T1171C, A1173G, A1188G, T1216C, T1223A, G1230A, C1236T, T1242G, C1251T, C1269A, C1275T, A1279G, C1287T, A1308G, G1330A, G1334A, A1336G, A1344G, T1351C, T1356C, G1362A, C1403T, A1419G, T1422C, C1425T, G1428A, A1434G, C1437T, G1440T, G1445A, T1456C, G1458A, C1462T, T1464C, A1467G, A1470G, A1472G, A1475G, A1480G, G1495A, A1503G, C1510T, A1525G, C1527T, A1536G, A1542G, C1554T, C1566T, G1567A, C1570T	Россия, Омская обл, Большереченский р-н	Vulpes vulpes	11.02.2008	G2
onii004760	G12A, C14T, C18T, C19T, A27C, T42C, T53C, T54C, G87A, C96T, C120T, A144T, C183A, C186T, A213G, A223G, G255A, T261A, T273C, C279T, A294C, A305G, C321T, T333C, G348A, A353G, A384G, T390C, C396T, C411T, C417T, T465C, G497A, G523A, C525T, G528A, T531G, A540G, G541A, G544A, G546A, C567A, T617C, G618A, G648A, G670A, T675C, A693G, A702G, T712C, A750T, T762C, A796G, A801G, C819T, G821A, T835C, A852G, C855T, C867T, G894A, G921A, C981T, T984C, A1029G, C1032T, C1053T, A1054C, A1056G, T1077C, T1098C, G1101A, G1104A, A1122G, A1131G, T1143A, T1150C, A1152G, A1155G, C1161T, A1165C, C1170T, T1171C, A1173G, T1216C, T1223A, A1224G, G1230A, C1236T, T1242G, C1269A, C1275T, A1279G, C1287T, A1308G, G1330A, G1334A, A1336G, A1344G, T1351C, T1356C, G1362A, G1395A, C1403T, A1419G, T1422C, C1425T, G1428A, C1437T, G1440T, G1445A, T1456C, G1458A, C1462T, A1467G, A1470G, A1472G, A1475G, A1480G, G1495A, A1503G, G1504A, C1510T, G1524A, A1525G, C1527T, A1536G, A1542G, C1548T, C1554T	Россия, Омская обл, Большереченский р-н	Canis lupus familiaris	10.06.2008	G5
onii004765	C18T, C19T, A27G, T54C, G87A, C96T, T108A, C120T, C129T, A144T, A204G, A223G, T237A, A243G, G255A, T261A, C279T, A294C, G300A, C303T, G312A, C326T, G348A, C351T, C354T, T369G, T465C, G497A, A498G, C501T, G523A, G528A, T531G, G541A, G544A, C564T, C567G, C585T, G615A, T617C, G618A, T630C, G670A, T675C, C700T, A702G, T712C, A750T, A774G, G778A, A789G, A795G, A796G, A801G, G821A, T826C, T835C, T846C, A852C, C855T, C867T, T870C, T873C, G900A, A942G, T990C, T1002C, C1041T, G1047A, A1054C, A1056G, T1077C, A1083G, A1092G, T1098A, G1101A, T1116G, A1122G, A1131G, A1152G, A1155G, A1165C, C1170T, T1171C, T1223A, A1224G, G1230A, C1236A, T1242G, T1266C, C1269A, A1279G, C1287T, G1330A, G1334A, A1336G, A1341C, A1344G, T1351C, G1362A, G1374A, T1377C, C1398T, C1403T, C1407T, G1428C, C1437T, G1440T, T1456C, G1458A, A1461G, C1462T, A1467G, A1472G, A1474T, A1475G, C1479T, A1480G, G1494A, G1495A, C1506T, C1510T, G1524A, A1525G, A1542G, C1548T, C1554T, C1566T, G1567A	Россия, Респ Дагестан, г Хасавюрт	Canis lupus familiaris	15.07.2008	G1.23
onii004767	G12A, C14T, C18T, C19T, T53C, T54C, T66C, G87A, C96T, C120T, A144T, C183A, A223G, A243G, G255A, T261A, T273C, C279T, A294C, A305G, C321T, A384G, T390C, C414T, C417T, A435G, C453A, T465C, G497A, T504C, G523A, C525T, G528A, T531G, C536T, A540G, G541A, G544A, G546A, C567A, C585T, A612G, T617C, G618A, G648A, G670A, T675C, A693G, A702G, T712C, C981T, T984C, A1029G, C1032T, A1054C, A1056G, T1077C, T1098C, G1101A, A1122G, A1131G, T1143C, A1155G, C1161T, A1165C, C1170T, T1171C, T1216C, T1223A, G1230A, C1236T, T1242G, T1266C, C1269A, C1275T, A1279G, C1287T, A1308G, C1320T, G1330A, G1334A, A1336G, G1343A, A1344G, T1351C, T1356C, G1362A, C1403T, T1409C, G1410A, A1419G, T1422C, C1425T, G1428A, G1440T, G1445A, T1456C, G1458A, C1462T, A1467G, A1470G, A1475G, A1480G, A1482G, G1495A, A1503G, G1504A, C1510T, A1525G, C1527T, A1536G, A1542G, C1548T, C1554T, G1557A, C1566T, G1567A	Россия, Респ Дагестан, Тарумовский р-н	Felis catus	12.04.2008	G1.24
onii004769	A11T, G12A, C14T, C18T, C19T, T53C, T54C, A60G, G87A, T90C, C96T, C120T, A144T, C183A, A223G, G231A, A243G, G255A, G258A, T261A, C279T, A294C, A305G, C321T, C372T, A384G, T390C, C417T, T465C, G497A, G523A, C525T, G528A, T531G, A540G, G541A, G544A, G546A, C567A, C605T, T617C, G618A, T639C, G648A, G670A, T675C, A693G, A702G, T705C, T712C, A750T, A796G, A801G, C819T, G821A, T834C, T835C, A852G, C855T, C867T, G894A, C981T, T984C, A1029G, C1032T, A1054C, A1056G, T1077C, T1098C, G1101A, A1122G, A1131G, T1143C, A1155G, C1161T, A1165C, C1170T, T1171C, A1173G, A1188G, T1216C, T1223A, G1230A, C1236T, T1242G, C1251T, C1269A, C1275T, A1279G, C1287T, A1308G, C1320A, G1330A, G1334A, A1336G, A1344G, T1351C, T1356C, G1362A, C1403T, A1419G, T1422C, C1425T, G1428A, A1434G, C1437T, G1440T, G1445A, T1456C, G1458A, C1462T, T1464C, A1467G, A1470G, A1472G, A1475G, A1480G, G1495A, A1503G, G1504A, C1510T, A1525G, C1527T, A1536G, A1542G, C1554T, C1566T, G1567A, C1570T	Россия, Алтайский край	Vulpes vulpes	14.08.2008	G2
onii004770	G12A, C14T, C18T, C19T, A27C, T42C, T53C, T54C, G87A, C96T, C120T, A144T, C183A, A213G, A223G, G255A, T261A, T273C, C279T, A294C, A305G, C321T, T333C, G348A, A353G, A384G, T390C, C411T, C417T, T465C, G497A, G523A, C525T, G528A, T531G, A540G, G541A, G544A, G546A, C567A, T617C, G618A, G648A, G670A, T675C, A693G, A702G, T712C, A750T, T762C, A796G, A801G, C819T, G821A, T835C, A852G, C855T, C867T, G894A, G921A, C981T, T984C, A1029G, C1032T, C1053T, A1054C, A1056G, T1077C, T1098C, G1101A, G1104A, A1122G, A1131G, T1143C, T1150C, A1152G, A1155G, C1161T, A1165C, C1170T, T1171C, A1173G, T1216C, T1223A, A1224G, G1230A, C1236T, T1242G, C1269A, C1275T, A1279G, C1287T, A1308G, G1330A, G1334A, A1336G, A1344G, T1351C, T1356C, G1362A, G1395A, C1403T, A1419G, T1422C, C1425T, G1428A, C1437T, G1440T, G1445A, T1456C, G1458A, C1462T, A1467G, A1470G, A1472G, A1475G, A1480G, G1495A, A1503G, G1504A, C1510T, G1524A, A1525G, C1527T, A1536G, A1542G, C1548T, C1554T, C1566T, G1567A	Россия, Омская обл, Павлоградский р-н	Felis catus	11.01.2009	G5
onii004771	A11T, G12A, C14T, C18T, C19T, T53C, T54C, G87A, C96T, C120T, C126T, A144T, C183A, A223G, G255A, T261A, T273C, C279T, A294C, C303T, A305G, C321G, A384G, T390C, C417T, T465C, G497A, T522G, G523A, C525T, G528A, T531G, C585T, G606T, T617C, G618A, T630C, T633C, T642C, G648A, G670A, T675C, A687G, A693G, C700T, A702G, T712C, A750T, A796G, A801G, C819T, G821A, T835C, A852G, C855T, A858G, C867T, G894A, C981T, T984C, A1029G, C1032T, G1051A, A1054C, A1056G, T1077C, T1098C, G1101A, G1106A, A1122G, A1131G, T1143C, A1155G, C1161T, A1165C, C1170T, T1171C, T1216C, T1223A, G1230A, T1233C, C1236T, T1242A, C1269A, C1275T, A1279G, C1287T, G1290A, A1308G, G1330A, G1334A, A1336G, A1344G, T1351C, T1356C, G1362A, C1403T, A1419G, T1422C, C1425T, G1428A, A1434G, C1437T, G1440T, G1445A, T1456C, G1458A, C1462T, A1467G, A1470G, A1472G, C1473T, A1475G, A1480G, G1495A, A1503G, G1504A, C1510T, A1525G, C1527T, A1536G, A1542G, C1554T, C1566T, G1567A	Россия, Омская обл, Большереченский р-н	Vulpes vulpes	11.10.2009	G1.25
onii004772	A11T, G12A, C14T, C18T, C19T, T53C, T54C, G87A, C96T, C120T, C126T, A144T, C183A, A223G, G255A, T261A, T273C, C279T, A294C, C303T, A305G, C321G, A384G, T390C, C417T, T465C, G497A, C585T, G606T, T617C, G618A, T630C, T633C, T642C, G648A, G670A, T675C, A693G, C700T, A702G, T712C, A750T, A796G, A801G, C819T, G821A, T835C, A852G, C855T, A858G, C867T, G894A, C981T, T984C, A1029G, C1032T, G1051A, A1054C, A1056G, T1077C, T1098C, G1101A, G1106A, A1122G, A1131G, T1143C, A1155G, C1161T, A1165C, C1170T, T1171C, T1216C, T1223A, G1230A, T1233C, C1236T, T1242A, C1269A, C1275T, A1279G, C1287T, G1290A, A1308G, G1330A, G1334A, A1336G, A1344G, T1351C, T1356C, G1362A, C1403T, A1419G, T1422C, C1425T, G1428A, A1434G, C1437T, G1440T, G1445A, T1456C, G1458A, C1462T, A1467G, A1470G, A1472G, C1473T, A1475G, A1480G, G1495A, A1503G, G1504A, C1510T, A1525G, C1527T, A1536G, A1542G, C1554T, C1566T, G1567A	Россия, Омская обл, Горьковский р-н	Vulpes vulpes	13.06.2009	G1.25
onii004773	A11T, G12A, C14T, C18T, C19T, T53C, T54C, G87A, C96T, C120T, C126T, A144T, C183A, A223G, G255A, T261A, T273C, C279T, A294C, C303T, A305G, C321G, A384G, T390C, C417T, T465C, G497A, C525T, G528A, T531G, C536T, A540G, G541A, G544A, G546A, C567A, G606T, T617C, G618A, T630C, G648A, G670A, G672A, T675C, A693G, A702G, T712C, A750T, A796G, A801G, C819T, G821A, T835C, A852G, C855T, C867T, G894A, C981T, T984C, A1029G, C1032T, G1051A, A1054C, A1056G, T1077C, T1098C, G1101A, G1106A, C1117A, A1122G, A1131G, T1143C, A1155G, C1161T, A1165C, C1170T, T1171C, A1179G, T1216C, T1223A, G1230A, C1236T, T1242A, C1269A, T1272C, C1275T, A1279G, C1287T, G1290A, A1308G, G1330A, G1334A, A1336G, A1344G, T1351C, T1356C, G1362A, C1403T, A1419G, T1422C, C1425T, G1428A, A1434G, C1437T, G1440T, G1445A, T1456C, G1458A, A1461G, C1462T, A1467G, A1470G, A1472G, C1473T, A1475G, A1480G, G1495A, A1503G, G1504A, C1510T, A1525G, C1527T, A1536G, A1542G, C1554T, C1566T, G1567A	Россия, Омская обл, Тюкалинский р-н	Bos taurus	22.02.2009	G1
onii004774	A11T, G12A, C14T, C18T, C19T, T53C, T54C, G87A, C96T, C120T, C123T, G142A, A144T, A163G, C180T, C183A, T195C, T201C, C207T, A223G, C234T, A243G, T249A, G255A, T261A, C267T, C279T, A294C, A305G, C321T, A384G, T390C, C417T, T465C, G497A, G523A, C525T, G528A, T531G, C534T, A540G, G541A, G544A, G546A, C561T, C567A, C585T, C605T, T617C, G618A, G648A, G670A, T675C, A693G, A702G, T712C, A750T, A796G, A797G, A801G, C804A, C819T, G821A, T834C, T835C, A852G, C855T, C867T, G894A, A969G, C981T, T984C, T1021C, A1029G, C1032T, A1054C, A1056G, T1077C, G1086T, T1098C, G1101A, A1122G, A1131G, T1143C, A1155G, A1165C, C1170T, T1171C, T1216C, T1223A, G1230A, T1233C, C1236T, T1242G, C1269A, C1275T, A1279G, C1287T, T1305C, A1308G, G1330A, G1334A, A1336G, T1351C, T1356C, G1362A, C1403T, T1412C, A1419G, T1422C, C1425T, G1428A, A1434G, C1437T, G1440T, G1445A, T1456C, G1458A, C1462T, A1467G, A1470G, A1472G, A1475G, A1480G, A1488G, G1495A, A1503G, G1504A, C1510T, A1516G, A1525G, C1527T, A1536G, A1542G, C1548T, C1554T, C1566T, G1567A	Россия, Респ Тыва	Canis lupus	20.01.2010	G7
onii004775	A11T, G12A, C14T, C18T, C19T, T53C, T54C, C63T, G87A, C96T, C120T, C126T, A144T, C183A, A223G, G255A, T261A, T273C, C279T, A294C, C303T, A305G, C321G, A384G, T390C, C417T, T465C, G497A, G523A, C525T, G528A, T531G, C536T, A540G, G541A, G544A, G546A, C558T, C567A, G606T, T617C, G618A, T630C, G648A, G670A, G672A, T675C, A693G, A702G, T712C, A750T, A796G, A801G, C819T, G821A, T835C, A852G, C855T, C867T, G894A, C981T, T984C, A1029G, C1032T, G1051A, A1054C, A1056G, A1064G, T1077C, T1098C, G1101A, G1106A, C1117A, A1122G, A1131G, T1143C, A1155G, C1161T, A1165C, C1170T, T1171C, A1179G, T1216C, T1223A, G1230A, C1236T, T1242A, A1267G, C1269A, C1275T, A1279G, C1287T, G1290A, A1308G, G1330A, G1334A, A1336G, A1344G, T1351C, T1356C, G1362A, C1403T, A1419G, T1422C, C1425T, G1428A, A1434G, C1437T, G1440T, G1445A, T1456C, G1458A, C1462T, A1467G, A1470G, A1472G, C1473T, A1475G, A1480G, G1495A, A1503G, G1504A, C1510T, A1525G, C1527T, A1536G, A1542G, C1554T, C1566T, G1567A	Россия, Омская обл, Знаменский р-н	Vulpes vulpes	03.04.2010	G1
onii004777	A11T, G12A, C14T, C18T, C19T, T53C, T54C, G87A, C96T, C120T, C126T, A144T, C183A, A223G, G255A, T261A, T273C, C279T, A294C, C303T, A305G, C321G, A384G, T390C, C417T, T465C, G497A, G523A, C525T, G528A, T531G, C536T, A540G, G541A, G544A, G546A, C567A, G606T, T617C, G618A, T630C, G648A, G670A, T675C, A693G, A702G, T712C, A750T, A796G, A801G, C819T, G821A, T835C, A852G, C855T, C867T, G894A, C981T, T984C, A1029G, C1032T, G1051A, A1054C, A1056G, T1077C, T1098C, G1101A, G1106A, C1117A, A1122G, A1131G, T1143C, A1155G, C1161T, A1165C, C1170T, T1171C, A1179G, T1216C, T1223A, G1230A, C1236T, T1242A, C1269A, C1275T, A1279G, C1287T, G1290A, A1308G, G1330A, G1334A, A1336G, A1344G, T1351C, T1356C, G1362A, C1403T, A1419G, T1422C, C1425T, G1428A, A1434G, C1437T, G1440T, G1445A, T1456C, G1458A, C1462T, A1467G, A1470G, A1472G, C1473T, A1474G, A1475G, A1480G, G1495A, A1503G, G1504A, C1510T, A1525G, C1527T, A1536G, A1542G, C1554T, C1566T, G1567A	Россия, Омская обл, Кормиловский р-н	Vulpes vulpes	14.02.2011	G1
onii004778	A11T, G12A, C14T, C18T, C19T, T53C, T54C, G87A, C96T, C120T, C126T, A144T, C183A, A223G, G255A, T261A, T273C, C279T, A294C, C303T, A305G, C321G, A384G, T390C, C417T, T465C, G497A, G523A, C525T, G528A, T531G, C536T, A540G, G541A, G544A, G546A, C567A, G606T, T617C, G618A, T630C, G648A, G670A, T675C, A693G, A702G, T712C, A750T, A796G, A801G, C819T, G821A, T835C, A852G, C855T, C867T, G894A, C981T, T984C, A1029G, C1032T, G1051A, A1054C, A1056G, T1077C, T1098C, G1101A, G1106A, C1117A, A1122G, A1131G, T1143C, A1155G, C1161T, A1165C, C1170T, T1171C, A1179G, T1216C, T1223A, G1230A, C1236T, T1242A, C1269A, C1275T, A1279G, C1287T, G1290A, A1308G, G1330A, G1334A, A1336G, A1344G, T1351C, T1356C, G1362A, C1403T, A1419G, T1422C, C1425T, G1428A, A1434G, C1437T, G1440T, G1445A, T1456C, G1458A, C1462T, A1467G, A1470G, A1472G, C1473T, A1474G, A1475G, A1480G, G1495A, A1503G, G1504A, C1510T, A1525G, C1527T, A1536G, A1542G, C1554T, C1566T, G1567A	Россия, Омская обл, Кормиловский р-н	Vulpes vulpes	14.01.2011	G1
onii004779	A11T, G12A, C14T, C18T, C19T, T41C, T53C, T54C, G87A, C96T, C120T, A132C, A144T, A163G, C183A, A294C, G300A, C321T, T390C, C417T, T465C, G497A, C521T, G523A, C525T, G528A, T531G, A540G, G541A, G544A, G546A, C567A, C585T, C605T, T617C, G618A, G648A, G670A, T675C, A693G, A696G, A702G, T712C, A750T, A796G, A797G, A801G, C814T, C819T, G821A, T835C, C855T, C867T, G894A, A915G, C981T, T984C, A999G, A1029G, C1032T, A1054C, A1056G, T1077C, T1098A, G1101A, A1122G, C1125T, A1131G, T1143C, A1155G, C1161T, A1165C, T1167C, G1168A, C1170T, T1171C, T1216C, T1223A, G1230A, C1236T, T1242G, C1269A, C1275T, A1279G, C1287T, T1293C, A1308G, T1317C, G1330A, G1334A, A1336G, T1351C, T1356C, G1362A, A1373G, C1403T, A1419G, T1422C, C1425T, G1428A, A1434G, C1437T, G1440T, G1445A, T1456C, G1458A, C1462T, A1467G, A1470G, A1472G, A1475G, A1480G, G1495A, G1497A, A1503G, G1504A, T1505C, C1510T, A1525G, C1527T, A1536G, A1542G, C1548T, C1554T, C1566T, G1567A	Россия, Красноярский край, Каратузский р-н	Vulpes vulpes	10.06.2011	G3.3
onii004780	A11T, G12A, C14T, C18T, C19T, T41C, T53C, T54C, C207T, A223G, A243G, G255A, T261A, C267T, C279T, A294C, G300A, A305G, C321T, T390C, C417T, T465C, T492C, G497A, C521T, G523A, C525T, G528A, T531G, A540G, G541A, G544A, G546A, C567A, C585T, C605T, T617C, G618A, G648A, G670A, T675C, A693G, A696G, A702G, T712C, A750T, A796G, A797G, A801G, C814T, C819T, G821A, T835C, C855T, C867T, G894A, C981T, T984C, A1029G, C1032T, A1054C, A1056G, T1077C, T1098A, G1101A, A1122G, C1125T, A1131G, T1143C, A1155G, C1161T, A1165C, T1167C, G1168A, C1170T, T1171C, T1216C, T1223A, G1230A, C1236T, T1242G, C1269A, C1275T, A1279G, C1287T, T1293C, A1308G, T1317C, G1330A, G1334A, A1336G, T1351C, T1356C, G1362A, A1373G, C1527T, A1536G, A1542G, C1548T, C1554T, C1566T, G1567A	Россия, Красноярский край, Ермаковский р-н	Vulpes vulpes	14.06.2011	G3.4
onii004781	A11T, G12A, C14T, C18T, C19T, T41C, T53C, T54C, C417T, T465C, T492C, G497A, C521T, G523A, C525T, G528A, T531G, A540G, G541A, G544A, G546A, C567A, C585T, C605T, T617C, G618A, G648A, G670A, T675C, A693G, A696G, A702G, T712C, A750T, A796G, A797G, A801G, C814T, C819T, G821A, T835C, C855T, C867T, G894A, C981T, T984C, A1029G, C1032T, A1054C, A1056G, T1077C, T1098A, G1101A, A1122G, C1125T, A1131G, T1143C, A1155G, C1161T, A1165C, T1167C, G1168A, C1170T, T1171C, T1216C, T1223A, G1230A, C1236T, T1242G, C1269A, C1275T, A1279G, C1287T, T1293C, A1308G, T1317C, G1330A, G1334A, A1336G, T1351C, T1356C, G1362A	Россия, Красноярский край, Ермаковский р-н	Vulpes vulpes	10.10.2011	G3.5
onii004782	A11T, G12A, C14T, C18T, C19T, T41C, T53C, T54C, T390C, C417T, T465C, G497A, C521T, G523A, C525T, G528A, T531G, A540G, G541A, G544A, G546A, C567A, C585T, C605T, T617C, G618A, G648A, G670A, T675C, A693G, A696G, A702G, T712C, A750T, A796G, A797G, A801G, C814T, C819T, G821A, T835C, C855T, C867T, G894A, C981T, T984C, A1029G, C1032T, A1054C, A1056G, T1077C, T1098A, G1101A, A1122G, C1125T, A1131G, T1143C, A1155G, C1161T, A1165C, T1167C, G1168A, C1170T, T1171C, T1216C, T1223A, G1230A, C1236T, T1242G, C1269A, C1275T, A1279G, C1287T, T1293C, A1308G, T1317C, G1330A, G1334A, A1336G, T1351C, T1356C, G1362A, A1373G, A1536G, A1542G, C1548T, C1554T, C1566T, G1567A	Россия, Красноярский край, Ермаковский р-н	Vulpes vulpes	12.03.2011	G3.5
onii004794	A11T, G12A, C14T, C18T, C19T, T41C, T53C, T54C, G87A, T90C, A132C, A144T, A163G, C183A, C207T, A223G, A243G, G255A, T261A, C267T, C279T, A294C, G300A, A305G, C321T, T390C, C417T, T465C, G497A, C516T, G523A, C525T, G528A, T531G, A540G, G541A, G544A, G546A, C567A, C585T, C605T, T617C, G618A, G648A, G670A, T675C, A693G, A696G, A702G, T712C, A750T, A796G, A797G, A801G, C814T, C819T, G821A, T835C, C855T, C867T, G894A, C981T, T984C, A1029G, C1032T, A1054C, A1056G, T1077C, T1098A, G1101A, A1122G, C1125T, A1131G, T1143C, A1155G, C1161T, A1165C, T1167C, G1168A, C1170T, T1171C, T1216C, T1223A, G1230A, C1236T, T1242G, C1269A, C1275T, A1279G, C1287T, T1293C, A1308G, T1317C, G1330A, G1334A, A1336G, T1351C, T1356C, G1362A, A1373G, C1403T, A1419G, T1422C, C1425T, G1428A, A1434G, C1437T, G1440T, G1445A, T1456C, G1458A, C1462T, A1467G, A1470G, A1472G, A1475G, A1480G, G1495A, G1497A, A1503G, G1504A	Россия, Респ Хакасия, Боградский р-н	Bos taurus	12.12.2011	G3
onii004796	A11T, G12A, C14T, C18T, C19T, T41C, T53C, T54C, G87A, C96T, A132C, A144T, A163G, C183A, C207T, A223G, A243G, G255A, T261A, C267T, C279T, A294C, G300A, A305G, C321T, T390C, C417T, T465C, G497A, C516T, G523A, C525T, G528A, T531G, A540G, G541A, G544A, G546A, C567A, C605T, T617C, G618A, G648A, G670A, T675C, A693G, A696G, A702G, T712C, A750T, A796G, A797G, A801G, C814T, C819T, G821A, T835C, C855T, C867T, G894A, C981T, T984C, A1029G, C1032T, A1054C, A1056G, T1077C, C1269A, C1275T, A1279G, C1287T, T1293C, A1308G, T1317C, G1330A, G1334A, A1336G, T1351C, T1356C, G1362A, A1373G, C1403T, A1419G, T1422C, C1425T, G1428A, A1434G, C1437T, G1440T, G1445A, T1456C, G1458A, C1462T, A1467G, A1470G, A1472G, A1475G, A1480G, G1495A, G1497A, A1503G, G1504A, C1510T	Россия, Респ Хакасия, Боградский р-н	Bos taurus	12.07.2011	G3.6
onii004798	A11T, G12A, C14T, C18T, C19T, T53C, T54C, A60G, G87A, T90C, C96T, C120T, A144T, C183A, A223G, G231A, A243G, G255A, T261A, C279T, A294C, A305G, C321T, C372T, A384G, T390C, C417T, T465C, G497A, G523A, C525T, G528A, T531G, A540G, G541A, G544A, G546A, C567A, C605T, T617C, G618A, T639C, G648A, G670A, T675C, A693G, A702G, T705C, T712C, A750T, A796G, A801G, C819T, G821A, T834C, T835C, A852G, C855T, C867T, G894A, C981T, T984C, A1029G, C1032T, A1054C, A1056G, T1077C, T1098C, G1101A, A1122G, A1131G, T1143C, A1155G, C1161T, A1165C, C1170T, T1171C, A1173G, A1188G, T1216C, T1223A, G1230A, C1236T, T1242G, C1251T, C1269A, C1275T, A1279G, C1287T, A1308G, C1320A, G1330A, G1334A, A1336G, A1344G, T1351C, T1356C, G1362A, C1403T, A1419G, T1422C, C1425T, G1428A, A1434G, C1437T, G1440T, G1445A, T1456C, C1462T, T1464C, A1467G, A1470G, A1472G, A1475G, A1480G, G1495A, A1503G, G1504A, C1510T, A1525G, C1527T, A1536G, A1542G, C1554T, C1566T, G1567A, C1570T	Россия, Алтайский край	Vulpes vulpes	27.04.2011	G2
onii004799	A11T, G12A, C14T, C18T, C19T, T42C, T53C, T54C, A60G, G87A, T90C, C96T, C120T, A144T, C183A, A223G, G231A, A243G, G255A, G258A, T261A, C279T, A294C, A305G, C321T, G348A, C372T, A384G, T390C, C417T, T465C, G497A, G523A, C525T, G528A, T531G, A540G, G541A, G544A, G546A, C567A, C605T, T617C, G618A, T639C, G648A, G670A, T675C, A693G, A702G, T705C, T712C, A750T, A796G, A801G, C819T, G821A, T834C, T835C, A852G, C855T, C867T, G894A, C981T, T984C, A1054C, A1056G, T1077C, T1098C, G1101A, A1122G, A1131G, T1143C, A1155G, C1161T, A1165C, C1170T, T1171C, A1173G, A1188G, T1216C, T1223A, G1230A, C1236T, T1242G, C1251T, C1269A, C1275T, A1279G, C1287T, A1308G, C1320A, G1330A, G1334A, A1336G, A1344G, T1351C, T1356C, C1403T, A1419G, T1422C, C1425T, G1428A, A1434G, C1437T, G1440T, G1445A, T1456C, G1458A, C1462T, T1464C, A1467G, A1470G, A1472G, A1475G, A1480G, G1495A, A1503G, G1504A, C1510T, A1525G, C1527T	Россия, Алтайский край	Vulpes vulpes	20.02.2011	G2
onii004800	A11T, G12A, C14T, C18T, C19T, T53C, T54C, A305G, C321T, A384G, G387A, T390C, C417T, T465C, G497A, G523A, C525T, G528A, T531G, C534T, A540G, G541A, G544A, G546A, C561T, C567A, C585T, C605T, T617C, G618A, G648A, G670A, T675C, A693G, A702G, T712C, A750T, A796G, A797G, A801G, C819T, G821A, T835C, A852T, C855T, C867T, G894A, A969G, C981T, T984C, A1029G, C1032T, A1054C, A1056G, T1077C, G1086T, T1098C, G1101A, A1122G, A1131G, T1143C, A1155G, C1161T, A1165C, C1170T, T1171C, T1216C, T1223A, G1230A, C1236T, T1242G, G1378A, A1402G, C1403T, A1419G, T1422C, C1425T, G1428A, A1434G, C1437T, G1440T, G1445A, G1447T, T1456C, G1458A, C1462T, A1467G, A1470G, A1472G, A1475G, A1480G, G1495A, G1497A, A1503G, G1504A, T1509A, C1510T, A1516G, A1525G, C1527T, A1536G, A1542G, C1548T, C1554T, C1566T, G1567A	Россия, Респ Тыва	Felis catus	10.02.2011	G6.1
onii004801	A11T, G12A, C14T, C18T, C19T, T53C, T54C, G87A, C96T, C120T, C123T, G142A, A144T, A163G, C180T, C183A, T195C, C207T, A223G, C234T, A243G, T249A, G255A, T261A, C267T, C279T, A294C, A305G, C321T, A384G, T390C, C417T, T450C, T465C, G497A, G523A, C525T, G528A, T531G, C534T, A540G, G541A, G544A, G546A, C561T, C567A, C585T, C605T, T617C, G618A, G648A, G670A, T675C, A693G, A702G, T712C, A750T, A796G, A797G, A801G, C804A, C819T, G821A, T835C, A852G, C855T, C867T, G894A, A969G, C981T, T984C, A1029G, C1032T, A1054C, A1056G, T1077C, G1086T, T1098C, G1101A, A1122G, A1131G, T1143C, A1155G, A1165C, C1170T, T1171C, T1216C, T1223A, G1230A, C1236T, T1242G, C1269A, C1275T, A1279G, C1287T, T1305C, A1308G, G1330A, G1334A, A1336G, T1347C, T1351C, T1356C, G1362A, C1403T, T1412C, A1419G, T1422C, C1425T, G1428A, A1434G, C1437T, G1440T, G1445A, T1456C, G1458A, C1462T, A1467G, A1470G, A1472G, A1475G, A1480G, A1488G, G1495A, A1503G, G1504A, C1510T, A1516G, A1525G, C1527T, A1536G, A1542G, C1548T, C1566T, G1567A	Россия, Респ Тыва	Canis lupus	03.01.2012	G7
onii004802	A11T, G12A, C14T, C18T, C19T, T53C, T54C, G87A, C96T, C120T, C123T, G142A, A144T, A163G, C180T, C183A, T195C, T201C, C207T, A223G, C234T, A243G, T249A, G255A, T261A, C267T, C279T, A294C, A305G, C321T, A384G, T390C, C417T, T465C, G497A, G523A, C525T, G528A, T531G, C534T, A540G, G541A, G544A, G546A, C558T, C561T, C567A, C585T, C605T, T617C, G618A, G648A, G670A, T675C, A693G, A702G, T712C, A750T, A796G, A797G, A801G, C804A, C819T, G821A, T835C, A852G, C855T, C867T, G894A, A969G, C981T, T984C, T1021C, A1029G, C1032T, A1054C, A1056G, T1077C, G1086T, T1098C, G1101A, T1216C, T1223A, G1230A, T1233C, C1236T, T1242G, C1269A, C1275T, A1279G, C1287T, T1305C, A1308G, G1330A, G1334A, A1336G, T1351C, T1356C, G1362A, C1403T, T1412C, A1419G, T1422C, C1425T, G1428A, A1434G, C1437T, G1440T, G1445A, T1456C, G1458A, C1462T, A1467G, A1470G, A1472G, A1475G, A1480G, A1488G, G1495A, A1503G, G1504A, C1510T, A1516G, A1525G, C1527T, A1536G, A1542G, C1548T, C1554T, C1566T, G1567A	Россия, Респ Тыва	Camelus bactrianus	14.07.2012	G7
onii004803	G4A, G12A, C14T, C18T, C19T, T49A, T53C, T54C, T66C, G87A, T93C, C96T, C120T, G141A, A144T, C183A, A223G, A243G, G255A, T261A, T273C, C279T, A294C, A305G, C321T, A384G, T390C, T399C, C414T, C417T, T465C, G497A, G523A, C525T, G528A, T531G, C536T, A540G, G541A, G544A, G546A, C567A, T617C, G618A, T642C, G648A, G670A, T675C, A693G, A702G, T712C, A750T, A759G, T779C, A796G, A801G, C819T, G821A, T835C, A852G, C855T, C867T, G894A, A918G, C936T, T963C, C981T, T984C, A1029G, C1032T, A1054C, A1056G, T1077C, A1080G, T1089C, T1098C, G1101A, A1122G, T1216C, T1223A, G1230A, C1236T, T1242G, T1266C, C1269A, C1275T, A1279G, C1281A, C1287T, C1403T, G1410A, A1419G, T1422C, C1425T, G1428A, G1440T, G1445A, T1456C, G1458A, C1462T, A1467G, A1470G, A1472G, A1475G, A1480G, A1482G, G1495A, A1503G, G1504A, C1510T, A1525G, C1527T, A1536G, A1542G, A1545G, C1548T, C1554T, C1566T, G1567A	Россия, Липецкая обл	Felis catus	10.10.2012	G15.1
onii004804	G12A, C14T, C18T, C19T, T49A, T53C, T54C, T66C, G87A, T93C, C96T, C120T, G141A, A144T, C183A, A223G, A243G, G255A, T261A, C279T, A294C, A305G, C321T, A384G, T390C, C414T, C417T, T465C, G497A, G523A, C525T, G528A, T531G, C536T, A540G, G541A, G544A, G546A, C567A, T617C, G618A, C627T, G648A, G670A, T675C, A693G, A702G, T712C, A750T, A796G, A801G, C819T, G821A, T835C, A852G, C855T, A858G, C867T, G894A, A918G, C936T, C981T, T984C, A1029G, C1032T, A1054C, A1056G, T1077C, T1089C, T1098C, G1101A, T1113C, A1122G, A1131G, C1137T, T1143C, A1152G, A1155G, C1161T, A1165C, C1170T, T1171C, A1173G, T1216C, T1223A, G1230A, C1236T, T1242G, T1266C, C1269A, C1275T, A1279G, C1287T, A1308G, C1320T, G1330A, G1334A, A1336G, A1344G, T1351C, T1356C, G1362A, C1403T, G1410A, A1419G, T1422C, C1425T, G1428A, G1440T, G1445A, T1456C, G1458A, C1462T, C1466T, A1467G, A1470G, A1472G, A1475G, A1480G, A1482G, G1495A, A1503G, G1504A, C1510T, A1515G, A1525G, C1527T	Россия, Липецкая обл	Vulpes vulpes	13.05.2012	G11
onii004805	G12A, C14T, C18T, C19T, T49A, T53C, T54C, T66C, G87A, T93C, C96T, C120T, G141A, A144T, C183A, A223G, A243G, G255A, T261A, T273C, C279T, A294C, A305G, C321T, A384G, T390C, T399C, C414T, C417T, T465C, G497A, G523A, C525T, G528A, T531G, C536T, A540G, G541A, G544A, G546A, C567A, T617C, G618A, T642C, G648A, G670A, T675C, A693G, A702G, T712C, A750T, A759G, A796G, A801G, C819T, G821A, T835C, A852G, C855T, C867T, G894A, A918G, C936T, T963C, C981T, T984C, C1032T, A1054C, A1056G, T1077C, A1080G, T1089C, T1098C, G1101A, T1216C, T1223A, G1230A, C1236T, T1242G, T1266C, C1269A, C1275T, A1279G, C1281A, C1287T	Россия, Липецкая обл	Vulpes vulpes	10.03.2012	G9.2
onii004806	G12A, C14T, C18T, C19T, T49A, T53C, T54C, T66C, G87A, T93C, C96T, C120T, G141A, A144T, C183A, A223G, A243G, G255A, T261A, C279T, A294C, A305G, C321T, A384G, T390C, C414T, C417T, T465C, G497A, G523A, C525T, G528A, T531G, C536T, A540G, G541A, G544A, G546A, C567A, T617C, G618A, C627T, G648A, G670A, T675C, A693G, A702G, T712C, A750T, A796G, A801G, C819T, G821A, T835C, A852G, C855T, A858G, C867T, G894A, A918G, C936T, C981T, T984C, A1029G, C1032T, A1054C, A1056G, T1077C, T1089C, T1098C, G1101A, T1113C, A1122G, A1131G, C1137T, T1143C, A1152G, A1155G, C1161T, A1165C, C1170T, T1171C, A1173G, T1216C, T1223A, G1230A, C1236T, T1242G, T1266C, C1269A, C1275T, A1279G, C1287T, A1308G, C1320T, G1330A, G1334A, A1336G, A1344G, T1351C, T1356C, G1362A, C1403T, G1410A, A1419G, T1422C, C1425T, G1428A, G1440T, G1445A, T1456C, G1458A, C1462T, C1466T, A1467G, A1470G, A1472G, A1475G, A1480G, A1482G, G1495A, A1503G, G1504A, C1510T, A1515G, A1525G, C1527T, A1536G, A1542G, C1548T, C1554T, C1566T, G1567A	Россия, Липецкая обл	Felis catus	13.06.2012	G11
onii004807	G12A, C14T, C18T, C19T, T49A, T53C, T54C, T66C, G87A, T93C, C96T, C120T, G141A, A144T, C183A, A223G, A243G, G255A, T261A, T273C, C279T, A294C, A305G, C321T, T369A, A384G, T390C, C414T, C417T, T465C, G497A, G523A, C525T, G528A, T531G, C536T, A540G, G541A, G544A, G546A, C567A, T617C, G618A, G648A, G670A, T675C, A693G, A702G, T712C, A750T, A796G, A801G, C819T, G821A, G831A, T835C, A852G, C855T, C867T, G894A, A918G, C936T, C981T, T984C, A1029G, C1032T, A1054C, A1056G, T1077C, T1089C, T1098C, G1101A, A1122G, G1128A, A1131G, T1143C, A1155G, C1161T, A1165C, C1170T, T1171C, A1173G, T1216C, T1223A, G1230A, C1236T, T1242G, T1266C, C1269A, C1275T, A1279G, C1287T, A1308G, C1320T, G1330A, G1334A, A1336G, A1344G, T1351C, T1356C, G1362A, C1403T, G1410A, T1414C, A1419G, T1422C, C1425T, G1428A, G1440T, G1445A, T1456C, G1458A, C1462T, A1470G, A1472G, A1475G, C1479A, A1480G, A1482G, G1495A, A1503G, G1504A, C1510T, A1525G, C1527T, A1536G, A1542G, C1548T, C1554T, C1566T, G1567A	Россия, Липецкая обл	Bos taurus	02.07.2012	G11.1
onii004808	G12A, C14T, C18T, C19T, A45G, T49A, T53C, T66C, G87A, T93C, C96T, C120T, G141A, A144T, A174G, C183A, A223G, A243G, T261A, T273C, C279T, T288C, A294C, A305G, A306G, C321T, C366T, A384G, T390C, C414T, C417T, T465C, A489C, G497A, G523A, C525T, G528A, T531G, C536T, A540G, G541A, G544A, G546A, C567G, T617C, G618A, G648A, G670A, T675C, T690C, A693G, A702G, T712C, A750T, C780T, A796G, A801G, C819T, G821A, T835C, A852G, C855T, C867T, G894A, G903A, A918G, C936T, C981T, T984C, A1029G, C1032T, A1054C, A1056G, T1077C, T1098C, G1101A, T1116C, A1122G, A1131G, T1143C, A1155G, C1161T, A1165C, C1170T, T1171C, T1216C, T1223A, G1230A, C1236T, T1242G, T1266C, C1269A, C1275T, A1279G, C1287T, A1308G, C1320T, G1330A, G1334A, A1336G, A1344G, T1351C, T1356C, G1362A, A1363G, C1403T, G1410A, A1419G, T1422C, C1425T, G1428A, G1440T, G1445A, T1456C, G1458A, C1462T, A1467G, A1470G, A1472G, A1475G, A1480G, A1482G, G1495A, A1496G, A1503G, G1504A, T1505C, C1506A, C1510T, A1515G, A1525G, C1527T, A1536G, A1542G, C1548T, C1554T, C1566T, G1567A	Россия, Липецкая обл	Vulpes vulpes	18.11.2012	G1
onii004809	G12A, C14T, C18T, C19T, T49A, T53C, T54C, T66C, G87A, T93C, C96T, C120T, G141A, A144T, C183A, A223G, A243G, G255A, T261A, T273C, C279T, A294C, A305G, C321T, A384G, T390C, T399C, C414T, C417T, T465C, G497A, G523A, C525T, G528A, T531G, C536T, A540G, G541A, G544A, G546A, C567A, T617C, G618A, T642C, G648A, G670A, T675C, A693G, A702G, T712C, A750T, A759G, A796G, A801G, C819T, G821A, T835C, A852G, C855T, C867T, G894A, A918G, C936T, T963C, C981T, T984C, A1029G, C1032T, A1054C, A1056G, T1077C, A1080G, T1089C, T1098C, G1101A, A1122G, A1131G, T1143C, A1155G, C1161T, A1165C, C1170T, T1171C, A1173G, T1216C, T1223A, G1230A, C1236T, T1242G, T1266C, C1269A, C1275T, A1279G, C1281A, C1287T, C1320T, G1330A, G1334A, A1336G, A1344G, T1351C, T1356C, G1362A, A1380G, C1403T, G1410A, A1419G, T1422C, C1425T, G1428A, G1440T, G1445A, T1456C, G1458A, C1462T, A1467G, A1470G, A1472G, A1475G, A1480G, A1482G, G1495A, A1503G, G1504A, C1510T, A1525G, C1527T, A1536G, A1542G, A1545G, C1548T, C1554T, C1566T, G1567A	Россия, Липецкая обл	Bos taurus	05.05.2012	G15
onii004810	C183A, A192G, A223G, A243G, G255A, T261A, T273C, C279T, A294C, A305G, C321T, A384G, T390C, T399C, C414T, C417T, T465C, G497A, G523A, C525T, G528A, T531G, C536T, A540G, G541A, G544A, G546A, C567A, T617C, G618A, T642C, G648A, G670A, T675C, A693G, A702G, T712C, A750T, A759G, A796G, A801G, C819T, G821A, T835C, A852G, C855T, C867T, G894A, A918G, C936T, T963C, C981T, T984C, A1029G, C1032T, A1054C, A1056G, T1077C, A1080G, T1089C, T1098C, G1101A, A1122G, A1131G, T1216C, T1223A, G1230A, C1236T, T1242G, T1266C, C1269A, C1275T, A1279G, C1281A, C1287T, C1320T, G1330A, G1334A, A1336G, A1344G, T1351C, T1356C, G1362A, A1380G, C1403T, G1410A, A1419G, T1422C, C1425T, G1428A, G1440T, G1445A, T1456C, G1458A, C1462T, A1467G, A1470G, A1472G, A1475G, A1480G, A1482G, G1495A, A1503G, G1504A, C1510T, A1525G, C1527T, A1536G, A1542G, A1545G, C1548T, C1554T, C1566T, G1567A	Россия, Липецкая обл	Vulpes vulpes	14.08.2012	G15.2
onii004811	G12A, C14T, C18T, C19T, T49A, T53C, T54C, T66C, G87A, T93C, C96T, C120T, G141A, A144T, C183A, A223G, A243G, G255A, T261A, C279T, A294C, A305G, C321T, A384G, T390C, C414T, C417T, T465C, G497A, G523A, C525T, G528A, T531G, C536T, A540G, G541A, G544A, G546A, C567A, T617C, G618A, C627T, G648A, G670A, T675C, A693G, A702G, T712C, A750T, A796G, A801G, C819T, G821A, T835C, A852G, C855T, A858G, C867T, G894A, A918G, C936T, C981T, T984C, A1029G, C1032T, A1054C, A1056G, T1077C, T1089C, T1098C, G1101A, T1113C, A1122G, A1131G, C1137T, T1143C, A1152G, A1155G, C1161T, A1165C, C1170T, T1171C, A1173G, T1216C, T1223A, G1230A, C1236T, T1242G, T1266C, C1269A, C1275T, A1279G, C1287T, A1308G, C1320T, G1330A, G1334A, A1336G, A1344G, T1351C, T1356C, G1362A, C1403T, G1410A, A1419G, T1422C, C1425T, G1428A, G1440T, G1445A, T1456C, G1458A, C1462T, C1466T, A1467G, A1470G, A1472G, A1475G, A1480G, A1482G, G1495A, A1503G, G1504A, C1510T, A1515G, A1525G, C1527T, A1536G, A1542G, C1548T	Россия, Липецкая обл	Bos taurus	24.04.2012	G11
onii005048	A11T, G12A, C14T, C18T, C19T, T33C, T53C, T54C, G87A, C96T, C120T, C126T, A144T, C183A, A223G, A243G, G255A, T261A, T273C, C279T, A294C, C303T, A305G, C321G, A384G, T390C, C417T, T465C, G497A, G523A, C525T, G528A, T531G, A540G, G541A, G544A, G546A, C567A, T617C, G618A, G648A, G670A, T675C, A693G, A702G, T712C, A750T, A796G, T798C, A801G, C819T, G821A, T835C, A852G, C855T, C867T, G894A, C981T, T984C, A1029G, C1032T, G1051A, A1054C, A1056G, T1077C, T1098C, G1101A, G1106A, A1122G, A1131G, T1143C, A1155G, C1161T, A1165C, C1170T, T1171C, T1216C, T1223A, G1230A, T1233C, C1236T, T1242A, C1269A, C1275T, A1279G, C1287T, G1290A, A1308G, G1330A, G1334A, A1336G, A1344G, T1351C, T1356C, G1362A, C1403T, A1419G, T1422C, C1425T, G1428A, A1434G, C1437T, G1440T, G1445A, T1456C, G1458A, C1462T, A1467G, A1470G, A1472G, C1473T, A1475G, A1480G, G1489A, G1495A, A1503G, G1504A, C1510T, A1525G, C1527T, A1536G, A1542G, C1554T, C1566T, G1567A	Россия, Респ Саха (Якутия)	Mustela sibirica	18.01.1983	G1
onii005050	C18T, C19T, T54C, G75A, G87A, C96T, C120T, A144T, C180T, A223G, C228T, C234T, A243G, G255A, T261A, C279T, A294C, C321T, A324G, G343T, C366T, A384G, C417T, C438T, T465C, T480C, G497A, G523A, C525T, G528A, T531G, G541A, G544A, C567A, C605T, T617C, C635T, G648A, G670C, T675C, G685A, A693G, A702G, T712C, A750T, T756C, T768C, C780T, A796G, A801G, C819T, G821A, T835C, A852G, C855T, C867T, T870A, G894A, T912C, A975G, C981T, C1005T, A1029G, C1032T, A1050G, A1054C, A1056G, T1065C, T1077C, T1089C, G1101A, T1113C, A1122G, A1131G, T1143C, A1155G, C1161A, A1165C, C1170T, T1171C, A1188G, C1194T, T1223A, G1230A, C1236T, C1240T, T1242G, T1266C, C1269A, A1279G, C1281A, T1284C, C1287T, T1299C, G1330A, G1334A, A1336G, A1344G, T1351C, T1356C, G1362A, A1383G, C1398T, C1403T, G1410A, G1428A, A1429C, C1437T, G1440T, T1456C, G1458A, C1462T, A1467G, A1470G, A1475G, C1479T, A1480G, C1487A, G1489A, G1495A, G1497A, A1503G, G1504A, C1510T, A1525G, C1527T, A1542G, C1548T, C1554T, G1563A, C1566T, G1567A, G1574A	Россия, Тульская обл, Плавский р-н	КРС	10.10.1990	G1.26
onii005051	C18T, C19T, T54C, G75A, G87A, C96T, C120T, A144T, C180T, A223G, C228T, C234T, A243G, G255A, T261A, C279T, A294C, C321T, A324G, G343T, C366T, A384G, C417T, C438T, T465C, T480C, G497A, G523A, C525T, G528A, T531G, G541A, G544A, C567A, C605T, T617C, C635T, G648A, G670C, T675C, G685A, A693G, A702G, T712C, A750T, T756C, T768C, A796G, A801G, C819T, G821A, T835C, A852G, C855T, C867T, T870A, G894A, T912C, A975G, C981T, C1005T, A1029G, C1032T, A1050G, A1054C, A1056G, T1065C, T1077C, T1089C, G1101A, T1113C, A1122G, C1125T, A1131G, T1143C, A1155G, C1161A, A1165C, C1170T, T1171C, A1188G, C1194T, T1223A, G1230A, C1236T, C1240T, T1242G, T1266C, C1269A, A1279G, C1281A, T1284C, C1287T, T1299C, G1330A, G1334A, A1336G, A1344G, T1351C, T1356C, G1362A, A1383G, C1398T, C1403T, G1410A, G1428A, A1429C, C1437T, G1440T, T1456C, G1458A, C1462T, A1467G, A1470G, A1475G, C1479T, A1480G, C1487A, G1489A, G1495A, G1497A, A1503G, G1504A, C1510T, A1525G, C1527T, A1542G, C1548T, C1554T, G1563A, C1566T, G1567A, G1574A	Россия, Тульская обл, Арсеньевский р-н	Vulpes vulpes	11.07.1990	G1.26
onii005052	G12A, G13A, C14T, C18T, C19T, T42C, G48T, T53C, T54C, G87A, C96T, C111T, C120T, A144T, C183A, T195C, A223G, A243G, G255A, T261A, C279T, A294C, A305G, C321T, T362C, A384G, T390C, C417T, A435G, C440T, T465C, G497A, G523A, C525T, G528A, T531G, A540G, G541A, G544A, G546A, C567A, C576T, T617C, G618A, G648A, G670A, T675C, A693G, A702G, T712C, A729G, A750T, A796G, A801G, C819T, G821A, T835C, A852G, C855T, C867T, G894A, C981T, T984C, A1029G, C1032T, A1054C, A1056G, T1077C, T1098C, G1101A, A1122G, A1131G, T1143C, A1155G, C1161T, A1165C, C1170T, T1171C, A1173G, G1215A, T1216C, T1223A, G1230A, C1236T, T1242G, C1269A, C1275T, A1279G, C1287T, G1296A, A1308G, G1330A, G1334A, A1336G, A1344G, T1351C, T1356C, C1359T, G1362A, C1403T, A1419G, T1422C, C1425T, G1428A, C1437T, G1440T, G1445A, C1449T, T1456C, G1458A, C1462T, A1467G, A1470G, A1472G, A1475G, A1480G, G1495A, A1503G, G1504A, C1510T, A1525G, C1527T, A1536G, A1542G, C1548T, C1554T, C1566T, G1567A	Россия, Тульская обл, Богородицкий р-н	КРС	10.11.1990	G1.27
onii005054	A11T, G12A, C14T, C18T, C19T, T53C, T54C, G87A, T90C, C120T, A144T, C183A, A223G, G231A, A243G, T249C, G255A, T261A, C279T, A294C, A305G, C321T, A384G, T390C, C417T, T465C, G497A, G523A, C525T, G528A, T531G, A540G, G541A, G544A, G546A, C567A, C597T, T617C, G618A, G648A, G670A, T675C, A693G, A702G, T712C, A714G, A750T, T762C, A796G, A801G, C819T, G821A, T834C, T835C, A852G, C855T, C867T, G894A, C981T, T984C, A1029G, C1032T, A1054C, A1056G, T1077C, T1098C, G1101A, A1122G, A1131G, T1143C, A1155G, C1161T, A1165C, C1170T, T1171C, T1209C, T1216C, T1223A, G1230A, C1236T, T1242G, C1269A, C1275T, A1279G, C1287T, A1308G, G1330A, G1334A, A1336G, A1344G, T1351C, T1356C, G1362A, A1383G, C1403T, A1419G, T1422C, C1425T, G1428A, A1434G, C1437T, G1440T, G1445A, T1456C, G1458A, C1462T, T1464C, A1467G, A1470G, A1472G, A1475G, A1480G, G1495A, A1503G, G1504A, C1510T, A1525G, C1527T, A1536G, A1542G, C1548T, C1554T, C1566T, G1567A, C1570T	Россия, Омская обл, Горьковский р-н	Vulpes vulpes	12.05.1987	G12
onii005055	A11T, G12A, C14T, C18T, C19T, T33C, T53C, T54C, G87A, C96T, C120T, C126T, A144T, C183A, A223G, A243G, G255A, T261A, T273C, C279T, A294C, C303T, A305G, C321G, A384G, T390C, C417T, T465C, G497A, G523A, C525T, G528A, T531G, A540G, G541A, G544A, G546A, C567A, T617C, G618A, G648A, G670A, T675C, A693G, A702G, T712C, A750T, A796G, T798C, A801G, C819T, G821A, T835C, A852G, C855T, C867T, G894A, C981T, T984C, A1029G, C1032T, G1051A, A1054C, T1077C, T1098C, G1101A, G1106A, A1122G, A1131G, T1143C, A1155G, C1161T, A1165C, C1170T, T1171C, T1216C, T1223A, G1230A, T1233C, C1236T, T1242A, C1269A, C1275T, A1279G, C1287T, G1290A, A1308G, G1330A, G1334A, A1336G, A1344G, T1351C, T1356C, G1362A, C1403T, A1419G, T1422C, C1425T, G1428A, A1434G, C1437T, G1440T, G1445A, T1456C, G1458A, C1462T, A1467G, A1470G, A1472G, C1473T, A1475G, A1480G, G1489A, G1495A, A1503G, G1504A, C1510T, A1525G, C1527T, A1536G, A1542G, C1554T, C1566T, G1567A	Россия, Омская обл, Горьковский р-н	Vulpes vulpes	07.08.1987	G1
onii005056	A11T, G12A, C14T, C18T, C19T, T53C, T54C, G87A, T90C, C120T, A144T, C183A, A223G, G231A, A243G, T249C, G255A, T261A, C279T, A294C, A305G, C321T, A384G, T390C, C417T, T465C, G497A, G523A, C525T, G528A, T531G, A540G, G541A, G544A, G546A, C567A, C597T, T617C, G618A, G648A, G670A, T675C, A693G, A702G, T712C, A714G, A750T, T762C, A796G, A801G, C819T, G821A, T834C, T835C, A852G, C855T, C867T, G894A, C981T, T984C, A1029G, C1032T, A1054C, A1056G, T1077C, T1098C, G1101A, A1122G, A1131G, T1143C, A1155G, C1161T, A1165C, C1170T, T1171C, T1209C, T1216C, T1223A, G1230A, C1236T, T1242G, C1269A, C1275T, A1279G, C1287T, A1308G, G1330A, G1334A, A1336G, A1344G, T1351C, T1356C, G1362A, A1383G, C1403T, A1419G, T1422C, C1425T, G1428A, A1434G, C1437T, G1440T, G1445A, T1456C, G1458A, C1462T, T1464C, A1467G, A1470G, A1472G, A1475G, A1480G, G1495A, A1503G, G1504A, C1510T, A1525G, C1527T, A1536G, A1542G, C1548T, C1554T, C1566T, G1567A, C1570T	Россия, Омская обл, Омский р-н	Vulpes vulpes	17.03.1980	G12
onii005057	A11T, G12A, C14T, C18T, C19T, T53C, T54C, G87A, C96T, C120T, A144T, C183A, A223G, A243G, G255A, T261A, T273C, C279T, A294C, A305G, C321T, A384G, T390C, C417T, T465C, G497A, G523A, C525T, G528A, T531G, A540G, G541A, G544A, G546A, C567A, T617C, G618A, G648A, G670A, T675C, A693G, A702G, T712C, A750T, A796G, A801G, C819T, G821A, T835C, A852G, C855T, C867T, G894A, C981T, T984C, A1029G, C1032T, A1054C, A1056G, T1077C, T1098C, G1101A, A1122G, A1131G, T1143C, A1155G, C1161T, A1165C, C1170T, T1171C, T1216C, T1223A, G1230A, C1236T, T1242G, C1269A, C1275T, A1279G, C1287T, A1308G, G1330A, G1334A, A1336G, A1344G, T1351C, T1356C, G1362A, C1403T, A1419G, T1422C, C1425T, G1428A, A1434G, C1437T, G1440T, G1445A, T1456C, G1458A, C1462T, A1467G, A1470G, A1472G, A1475G, A1480G, G1495A, A1503G, G1504A, C1510T, A1525G, C1527T, A1536G, A1542G, C1554T, C1566T, G1567A	Россия, Респ Саха (Якутия), Анабарский улус	Vulpes lagopus	21.03.1992	G1
onii005059	G12A, C14T, C18T, C19T, T42C, T53C, T54C, G87A, C96T, C111T, C120T, A144T, C183A, A223G, A243G, G255A, T261A, C279T, A294C, A305G, C321T, G348A, A384G, T390C, C417T, T465C, G497A, G523A, C525T, G528A, T531G, A540G, G541A, G544A, G546A, C567A, A609G, T617C, G618A, G648A, G670A, T675C, A693G, A702G, T712C, A750C, T762C, A796G, A801G, C819T, G821A, T835C, C849A, A852G, C855T, C867T, G894A, A942G, C981T, T984C, A1029G, C1032T, G1047A, A1054C, A1056G, T1077C, A1083G, T1098C, G1101A, A1122G, A1131G, T1143C, A1155G, C1161T, A1165C, C1170T, T1171C, A1173G, T1216C, T1223A, G1230A, C1236T, T1242G, C1269A, T1272C, C1275T, A1279G, C1287T, A1308G, T1323C, G1330A, G1334A, A1336G, A1344G, T1351C, T1356C, G1362A, C1403T, A1419G, T1422C, C1425T, G1428A, C1437T, G1440T, G1445A, T1456C, G1458A, C1462T, T1464C, A1467G, A1470G, A1472G, A1475G, A1480G, G1495A, A1503G, G1504A, C1510T, A1525G, C1527T, A1528G, A1536G, A1542G, C1548T, C1554T, C1566T, G1567A	Россия, Саратовская обл, Аткарский р-н	Vulpes vulpes	11.01.1993	G8
onii005060	A11T, G12A, C14T, C18T, C19T, T53C, T54C, G87A, C96T, C120T, A144T, C183A, A223G, G255A, T261A, T273C, C279T, A294C, A305G, C321T, A384G, T390C, C417T, T465C, G497A, G523A, C525T, G528A, T531G, A540G, G541A, G544A, G546A, C567A, T617C, G618A, G648A, G670A, T675C, A693G, A702G, T712C, A750T, A796G, A801G, C819T, G821A, T835C, A852G, C855T, C867T, G894A, C981T, T984C, A1029G, C1032T, A1054C, A1056G, T1077C, T1098C, G1101A, A1122G, A1131G, T1143C, A1155G, C1161T, A1165C, C1170T, T1171C, T1216C, T1223A, G1230A, C1236T, T1242G, C1269A, C1275T, A1279G, C1287T, A1308G, G1330A, G1334A, A1336G, A1344G, T1351C, T1356C, G1362A, C1403T, A1419G, T1422C, C1425T, G1428A, A1434G, C1437T, G1440T, G1445A, T1456C, G1458A, C1462T, A1467G, A1470G, A1472G, A1475G, A1480G, G1495A, A1503G, G1504A, C1510T, A1525G, C1527T, A1536G, A1542G, C1554T, C1566T, G1567A	Россия, Респ Саха (Якутия)	Vulpes lagopus	14.11.1980	G1
onii005061	A11T, G12A, C14T, C18T, C19T, T53C, T54C, G87A, T90C, T93C, C96T, G101A, C120T, A144T, C183A, T201C, A223G, G231A, T237C, A243G, T249C, G255A, T261A, C279T, A294C, A305G, C321T, A384G, T390C, C417T, T465C, G497A, G523A, C525T, G528A, T531G, A540G, G541A, G544A, G546A, C567A, T617C, G618A, G648A, G670A, T675C, A693G, A702G, T712C, A750T, A790C, A792G, A796G, A801G, C819T, G821A, T834C, T835C, A852G, C855T, C867T, G894A, C981T, T984C, A1029G, C1032T, A1054C, A1056G, T1077C, T1098C, G1101A, A1122G, A1131G, T1143C, A1155G, C1161T, A1165C, C1170T, T1171C, T1216C, T1223A, G1230A, C1236T, T1242G, C1269A, C1275T, G1278T, A1279G, C1287T, A1308G, G1330A, G1334A, A1336G, A1344G, T1351C, T1356C, G1362A, C1403T, A1419G, T1422C, C1425T, G1428A, A1434G, C1437T, G1440T, G1445A, T1456C, G1458A, C1462T, T1464C, A1467G, A1470G, A1472G, A1475G, C1479T, A1480G, C1487A, A1503G, G1504A, C1510T, A1525G, C1527T, A1536G, A1542G, C1548T, C1554T, C1566T, G1567A, C1570T	Россия, Омская обл, Омский р-н	Canis lupus familiaris	18.06.1988	G12.2
onii005064	A11T, G12A, C14T, C18T, C19T, T53C, T54C, G87A, C96T, C120T, C126T, A144T, C183A, A223G, A243G, G255A, T261A, T273C, C279T, A294C, C303T, A305G, C321G, A384G, T390C, C417T, T465C, G497A, G523A, C525T, G528A, T531G, C536T, A540G, G541A, G544A, G546A, C567A, T617C, G618A, G648A, C660T, G670A, T675C, A693G, A702G, T712C, A750T, A796G, A801G, C819T, G821A, T835C, G848A, A852G, C855T, C867T, C981T, T984C, A1029G, C1032T, G1051A, A1054C, A1056G, T1077C, T1098C, G1101A, G1106A, A1122G, A1131G, T1143C, A1155G, C1161T, A1165C, C1170T, T1171C, T1216C, T1223A, G1230A, T1233C, C1236T, T1242A, C1269A, C1275T, A1279G, C1287T, G1290A, A1308G, G1330A, G1334A, A1336G, A1344G, T1351C, T1356C, G1362A, C1403T, A1419G, T1422C, C1425T, G1428A, A1434G, C1437T, G1440T, G1445A, T1456C, G1458A, C1462T, A1467G, A1470G, A1472G, C1473T, A1475G, A1480G, G1495A, A1503G, G1504A, C1510T, A1525G, C1527T, A1536G, A1542G, C1554T, C1566T, G1567A	Россия, Омская обл, Черлакский р-н	Vulpes vulpes	10.10.1995	G1
onii005065	C7T, C18T, C19T, T54C, G75A, G87A, C96T, C120T, A144T, C153T, C180T, A223G, C228T, C234T, A243G, G255A, T261A, C279T, A294C, C321T, A384G, C417T, C453T, T465C, T480C, G497A, G523A, C525T, G528A, T531G, G541A, G544A, C567A, C605T, T617C, C635T, G648A, G670C, T675C, G685A, A693G, A702G, T712C, A750T, A753G, T756C, T768C, A796G, A801G, C819T, G821A, T835C, A852G, C855T, C867T, G894A, A975G, C981T, C1005T, A1029G, C1032T, A1054C, A1056G, T1065C, T1077C, T1089C, G1101A, T1113C, A1122G, A1131G, T1143C, A1155G, C1161A, A1165C, C1170T, T1171C, C1176T, A1188G, C1200T, T1223A, G1230A, C1236T, T1242G, G1263A, T1266C, C1269A, A1279G, C1281A, C1287T, T1299C, T1323C, G1330A, G1334A, A1336G, A1344G, T1351C, T1356C, G1362A, A1383G, C1398T, C1403T, C1406T, G1428A, A1429C, C1437T, G1440T, T1456C, G1458A, C1462T, A1467G, A1470G, C1471G, A1475G, C1479T, A1480G, C1487A, G1489A, G1495A, G1497A, A1503G, G1504A, C1510T, A1525G, C1527T, A1542G, C1548T, C1554T, G1563A, C1566T, G1567A, G1574A	Россия, Брянская обл	Canis lupus	09.12.1988	G1.28
onii005066	C19T, T54C, G75A, G87A, C96T, C120T, A144T, C180T, A223G, C228T, C234T, A243G, G255A, T261A, C279T, A294C, A306G, C321T, A384G, C417T, T465C, T480C, G497A, C507T, G523A, C525T, G528A, T531G, G541A, G544A, C567A, C605T, T617C, C635T, G648A, G670C, T675C, G685A, A693G, A702G, T712C, A750T, T756C, T768C, A796G, A801G, C819T, G821A, T835C, A852G, C855T, C867T, G894A, A942G, A975G, C981T, C1005T, A1029G, C1032T, A1054C, A1056G, T1065C, T1077C, T1089C, G1101A, T1113C, A1122G, A1131G, T1143C, A1155G, C1161A, A1165C, C1170T, T1171C, A1188G, C1194T, T1223A, G1230A, C1236T, T1242G, T1266C, C1269A, A1279G, C1281A, C1287T, T1299C, G1330A, G1334A, A1336G, A1344G, T1351C, T1356C, G1362A, A1383G, C1398T, C1403T, G1428A, A1429C, C1437T, G1440T, T1456C, G1458A, C1462T, A1467G, A1470G, A1475G, C1479T, A1480G, C1487A, G1489A, G1495A, G1497A, A1503G, G1504A, C1510T, A1525G, C1527T, A1542G, C1548T, C1554T, G1563A, C1566T, G1574A	Россия, Брянская обл, Климовский р-н	Vulpes vulpes	25.06.1988	G1.29
onii005069	A11T, G12A, C14T, C18T, C19T, T53C, T54C, G87A, C96T, C120T, A144T, C183A, A223G, A243G, G255A, T261A, C279T, A294C, A305G, C321T, A384G, T390C, C417T, T465C, G497A, G523A, C525T, G528A, T531G, A540G, G541A, G544A, G546A, C567A, T617C, G618A, G648A, G670A, T675C, A693G, A702G, T712C, A750T, A796G, A801G, C819T, G821A, T835C, A852G, C855T, C867T, G894A, C981T, T984C, A1029G, C1032T, A1054C, A1056G, T1077C, T1098C, G1101A, A1122G, A1131G, T1143C, A1155G, C1161T, A1165C, C1170T, T1171C, T1216C, T1223A, G1230A, C1236T, T1242G, C1269A, C1275T, A1279G, C1287T, A1308G, G1330A, G1334A, A1336G, A1344G, T1351C, T1356C, G1362A, C1403T, A1419G, T1422C, C1425T, G1428A, A1434G, C1437T, G1440T, G1445A, T1456C, G1458A, C1462T, A1467G, A1470G, A1472G, A1475G, A1480G, G1495A, A1503G, G1504A, C1510T, A1525G, C1527T, A1536G, A1542G, C1554T, C1566T, G1567A	Россия, Респ Саха (Якутия)	Vulpes lagopus	05.04.1987	G1
onii005070	G12A, C14T, C18T, C19T, T42C, T53C, T54C, G57T, G87A, C96T, C120T, A144T, C183A, A223G, A243G, G255A, T261A, T273C, C279T, A294C, A305G, C321T, T333C, G348A, G363A, A384G, T390C, C417T, T465C, A477G, G497A, G523A, C525T, G528A, T531G, A540G, G541A, T542C, G544A, G546A, G549C, C567A, T617C, G618A, C627T, A638G, G648A, G670A, T675C, A693G, A702G, T712C, A750T, T762C, A796G, A801G, C819T, G821A, T835C, A852G, C855T, C867T, G894A, A897G, C981T, T984C, A1029G, C1032T, C1044T, A1054C, A1056G, T1077C, T1098C, G1101A, A1122G, A1131G, T1143C, A1155G, C1161T, A1165C, C1170T, T1171C, A1173G, T1216C, T1223A, G1230A, T1233C, C1236T, T1242G, C1269A, C1275T, A1279G, C1287T, A1308G, G1330A, G1334A, A1336G, A1344G, T1351C, T1356C, G1362A, C1403T, A1419G, T1422C, C1425T, G1428A, C1437T, G1440T, G1445A, T1456C, G1458A, C1462T, C1466T, A1467G, A1470G, A1472G, A1475G, A1480G, G1495A, A1503G, G1504A, C1510T, A1525G, C1527T, A1536G, A1542G, C1548T, C1554T, C1566T, G1567A	Россия, Респ Саха (Якутия)	Mustela sibirica	11.03.1982	G1.30
onii005071	A11T, G12A, C14T, C18T, C19T, T33C, T53C, T54C, G87A, C96T, C120T, C126T, A144T, C183A, A223G, A243G, G255A, T261A, T273C, C279T, A294C, C303T, A305G, C321G, A384G, T390C, C417T, T465C, G497A, G523A, C525T, G528A, T531G, A540G, G541A, G544A, G546A, C567A, T617C, G618A, G648A, G670A, T675C, A693G, A702G, T712C, A750T, A796G, T798C, A801G, C819T, G821A, T835C, A852G, C855T, C867T, G894A, C981T, T984C, A1029G, C1032T, G1051A, A1054C, A1056G, T1077C, T1098C, G1101A, G1106A, A1122G, A1131G, T1143C, A1155G, C1161T, A1165C, C1170T, T1171C, T1216C, T1223A, G1230A, T1233C, C1236T, T1242A, C1269A, C1275T, A1279G, C1287T, G1290A, A1308G, G1330A, G1334A, A1336G, A1344G, T1351C, T1356C, G1362A, C1403T, A1419G, T1422C, C1425T, G1428A, A1434G, C1437T, G1440T, G1445A, T1456C, G1458A, C1462T, A1467G, A1470G, A1472G, C1473T, A1475G, A1480G, G1489A, G1495A, A1503G, G1504A, C1510T, A1525G, C1527T, A1536G, A1542G, C1554T, C1566T, G1567A	Россия, Респ Саха (Якутия)	Mustela sibirica	27.08.1982	G1
onii005072	G12A, C14T, C18T, C19T, T53C, T54C, G87A, C96T, C120T, A144T, C183A, A223G, G255A, T261A, C279T, A294C, A305G, C321T, A384G, T390C, C417T, T465C, G497A, G523A, C525T, G528A, T531G, G541A, G544A, G546A, C567A, T617C, G618A, G648A, G670A, T675C, A693G, A702G, T712C, A750T, A796G, A801G, C819T, G821A, T835C, A852G, C855T, C867T, G894A, C981T, T984C, A1029G, C1032T, A1054C, A1056G, T1077C, G1101A, A1122G, A1131G, T1143C, A1155G, C1161T, A1165C, C1170T, T1171C, T1216C, T1223A, G1230A, C1236T, T1242G, C1269A, C1275T, A1279G, C1287T, A1308G, G1330A, G1334A, A1336G, A1344G, T1351C, T1356C, G1362A, C1403T, A1419G, T1422C, C1425T, G1428A, A1434G, C1437T, G1440T, G1445A, T1456C, G1458A, C1462T, A1467G, A1470G, A1472G, A1475G, A1480G, G1495A, A1503G, G1504A, C1510T, A1525G, C1527T, A1536G, A1542G, C1548T, C1554T, C1566T, G1567A	Россия, Респ Саха (Якутия)	Vulpes lagopus	16.03.1988	G1
onii005073	A11T, G12A, C14T, C18T, C19T, T53C, T54C, G87A, C96T, C120T, A144T, C183A, A223G, A243G, G255A, T261A, T273C, C279T, A294C, A305G, C321T, A384G, T390C, C417T, T465C, G497A, G523A, C525T, G528A, T531G, A540G, G541A, G544A, G546A, C567A, T617C, G618A, G648A, G670A, T675C, A693G, A702G, T712C, A750T, A796G, A801G, C819T, G821A, T835C, A852G, C855T, C867T, G894A, C981T, T984C, A1029G, C1032T, A1054C, A1056G, T1077C, T1098C, G1101A, A1122G, A1131G, T1143C, A1155G, C1161T, A1165C, C1170T, T1171C, T1216C, T1223A, G1230A, C1236T, T1242G, C1269A, C1275T, A1279G, C1287T, A1308G, G1330A, G1334A, A1336G, A1344G, T1351C, T1356C, G1362A, C1403T, A1419G, T1422C, C1425T, G1428A, A1434G, C1437T, G1440T, G1445A, T1456C, G1458A, C1462T, A1467G, A1470G, A1472G, A1475G, A1480G, G1495A, A1503G, G1504A, C1510T, A1525G, C1527T, A1536G, A1542G, C1554T, C1566T, G1567A	Россия, Респ Саха (Якутия)	Vulpes lagopus	29.07.1988	G1
onii005076	A11T, G12A, C14T, C18T, C19T, T53C, T54C, G87A, T90C, C120T, A144T, C183A, A223G, G231A, A243G, T249C, G255A, T261A, C279T, A294C, A305G, C321T, A384G, T390C, C417T, T465C, G497A, G523A, C525T, G528A, T531G, A540G, G541A, G544A, G546A, C567A, C597T, T617C, G618A, G648A, G670A, T675C, A693G, A702G, T712C, A714G, A750T, T762C, A796G, A801G, C819T, G821A, T834C, T835C, A852G, C855T, C867T, G894A, C981T, T984C, A1029G, C1032T, A1054C, A1056G, T1077C, T1098C, G1101A, A1122G, A1131G, T1143C, A1155G, C1161T, A1165C, C1170T, T1171C, T1209C, T1216C, T1223A, G1230A, C1236T, T1242G, C1269A, C1275T, A1279G, C1287T, A1308G, G1330A, G1334A, A1336G, A1344G, T1351C, T1356C, G1362A, A1383G, C1403T, A1419G, T1422C, C1425T, G1428A, A1434G, C1437T, G1440T, G1445A, T1456C, G1458A, C1462T, T1464C, A1467G, A1470G, A1472G, A1475G, A1480G, G1495A, A1503G, G1504A, C1510T, A1525G, C1527T, A1536G, A1542G, C1548T, C1554T, C1566T, G1567A, C1570T	Россия, Приморский край, Спасский р-н	Felis euptilura	16.05.1980	G12
onii005078	G12A, C18T, C19T, A27G, T38C, T46A, T54C, T66C, T69C, G75A, G87A, C120T, C129T, C135T, T138C, A144T, G150A, C169T, A174G, G177T, T201G, C210T, A213G, A223G, T237G, C246T, T249G, G252T, G255A, A264G, C267T, C279T, T282C, C291T, A294C, A306G, A340C, C345T, G348T, G360A, G387A, A393T, C396T, C417T, T429C, A432G, C441G, G454A, T456C, T465C, G474A, T480C, T481C, G483A, G497A, C519T, G523A, T531G, C536T, A537G, G541A, G544A, G546A, G547A, G549A, T552A, C567G, C576T, T588C, C605T, C610T, T617C, G618A, T630C, T669C, G670A, C681A, A687T, T690C, C700T, A702G, A714G, A720G, A729G, G735A, A744G, A750G, T768C, A774G, A795G, A796G, A801G, A807G, C813T, C819T, G821A, G831A, T835C, G837A, A852G, A858G, T861C, G864A, C867T, T873C, A876G, G894A, A915C, C933T, A942G, C951T, T963C, T966C, A969G, T1002C, G1017A, T1021C, C1032T, A1056G, T1059C, T1065C, T1077C, A1080C, A1083G, T1090C, A1092G, G1101A, T1116C, G1128A, A1131G, C1137T, T1140C, T1143C, T1150C, A1152G, A1155C, A1165C, C1170T, T1171C, A1173G, C1200T, T1223A, C1227A, G1230A, C1239T, T1242G, C1248T, C1251T, C1252T, G1254A, C1269A, A1279G, C1287T, G1290A, T1293A, A1308G, G1330A, G1334A, A1344G, T1351C, G1362T, G1371A, A1380C, C1384A, G1386A, G1388T, C1397T, C1398A, C1399T, C1403T, T1408A, G1413A, T1418C, T1422C, C1426T, G1428A, C1437T, G1440T, A1441G, T1448G, C1449T, T1456C, G1458C, G1459A, C1462T, T1464C, A1475G, C1479T, A1480G, G1485A, C1487T, G1495A, T1505C, C1510T, A1525G, T1533C, A1536G, A1542G, C1548T, G1551A, G1567A	Россия, Респ Саха (Якутия)	Vulpes lagopus	22.09.1984	G14
onii005079	G12A, C14T, C18T, C19T, T42C, T53C, G87A, C96T, C111T, C120T, A144T, C169T, C183A, A217G, A223G, A243G, G255A, T261A, C279T, A294C, A305G, C321T, G348A, A384G, T390C, C417T, T465C, G497A, G523A, C525T, G528A, T531G, A540G, G541A, G544A, G546A, C567A, A609G, T617C, G618A, G648A, G670A, T675C, A693G, A702G, T712C, A750C, T762C, A796G, A801G, C819T, G821A, T835C, A852G, C855T, C867T, G894A, C981T, T984C, A1029G, C1032T, G1047A, A1054C, A1056G, T1077C, T1098C, G1101A, A1122G, A1131G, T1143C, A1155G, C1161T, A1165C, C1170T, T1171C, A1173G, T1216C, T1223A, G1230A, C1236T, T1242G, C1269A, T1272C, C1275T, A1279G, C1287T, A1308G, T1317C, T1323C, G1330A, G1334A, A1336G, A1344G, T1351C, T1356C, G1362A, C1403T, A1419G, T1422C, C1425T, G1428A, C1437T, G1440T, G1445A, T1456C, G1458A, C1462T, A1467G, A1470G, A1472G, A1475G, A1480G, G1495A, A1503G, G1504A, C1510T, A1525G, C1527T, A1528G, A1536G, A1542G, C1548T, C1554T, C1566T, G1567A	Россия, Саратовская обл, г Красный Кут	Vulpes vulpes	03.04.1989	G8
onii005080	G12A, C14T, C18T, C19T, T42C, T53C, G87A, C96T, C111T, C120T, A144T, C169T, C183A, A223G, A243G, G255A, T261A, C279T, A294C, A305G, C321T, G348A, A384G, T390C, C417T, T465C, G497A, G523A, C525T, G528A, T531G, A540G, G541A, G544A, G546A, C567A, A609G, T617C, G618A, G648A, G670A, T675C, A693G, A702G, T712C, A750C, T762C, A796G, A801G, C819T, G821A, T835C, A852G, C855T, C867T, G894A, C981T, T984C, A1029G, C1032T, G1047A, A1054C, A1056G, T1077C, T1098C, G1101A, A1122G, A1131G, T1143C, A1155G, C1161T, A1165C, C1170T, T1171C, A1173G, T1216C, T1223A, G1230A, C1236T, T1242G, C1269A, T1272C, C1275T, A1279G, C1287T, A1308G, T1317C, T1323C, G1330A, G1334A, A1336G, A1344G, T1351C, T1356C, G1362A, C1403T, A1419G, T1422C, C1425T, G1428A, C1437T, G1440T, G1445A, T1456C, G1458A, A1467G, A1470G, A1472G, A1475G, A1480G, G1495A, A1503G, G1504A, C1510T, A1525G, C1527T, A1528G, A1536G, A1542G, C1548T, C1554T, C1566T, G1567A	Россия, Саратовская обл, г Красный Кут	Vulpes vulpes	22.08.1989	G8
onii005081	G12A, C14T, C18T, C19T, T42C, T53C, G87A, C96T, C111T, C120T, A144T, C169T, C183A, A223G, A243G, G255A, T261A, C279T, A294C, A305G, C321T, G348A, A384G, T390C, C417T, T465C, G497A, G523A, C525T, G528A, T531G, A540G, G541A, G544A, G546A, C567A, A609G, T617C, G618A, G648A, G670A, T675C, A693G, A702G, T712C, A750C, T762C, A796G, A801G, C819T, G821A, T835C, A852G, C855T, C867T, G894A, C981T, T984C, A1029G, C1032T, G1047A, A1054C, A1056G, T1077C, T1098C, G1101A, A1122G, A1131G, T1143C, A1155G, C1161T, A1165C, C1170T, T1171C, A1173G, T1216C, T1223A, G1230A, C1236T, T1242G, C1269A, T1272C, C1275T, A1279G, C1287T, A1308G, T1317C, T1323C, G1330A, G1334A, A1336G, A1344G, T1351C, T1356C, G1362A, C1403T, A1419G, T1422C, C1425T, G1428A, C1437T, G1440T, G1445A, T1456C, G1458A, A1467G, A1470G, A1472G, A1475G, A1480G, G1495A, A1503G, G1504A, C1510T, A1525G, C1527T, A1528G, A1536G, A1542G, C1548T, C1554T, C1566T, G1567A	Россия, Саратовская обл, Саратовский р-н	Vulpes vulpes	10.04.1989	G8
onii005082	A11T, G12A, C14T, C18T, C19T, T53C, T54C, G87A, T90C, C120T, A144T, C183A, A223G, G231A, A243G, T249C, G255A, T261A, C279T, A294C, A305G, C321T, A384G, T390C, C417T, T465C, G497A, G523A, C525T, G528A, T531G, A540G, G541A, G544A, G546A, C567A, C597T, T617C, G618A, G648A, G670A, T675C, A693G, A702G, T712C, A714G, A750T, T762C, A796G, A801G, C819T, G821A, T834C, T835C, A852G, C855T, C867T, G894A, C981T, T984C, A1029G, C1032T, A1054C, A1056G, T1077C, T1098C, G1101A, A1122G, A1131G, T1143C, A1155G, C1161T, A1165C, C1170T, T1171C, T1209C, T1216C, T1223A, G1230A, C1236T, T1242G, C1269A, C1275T, A1279G, C1287T, A1308G, G1330A, G1334A, A1336G, A1344G, T1351C, T1356C, G1362A, A1383G, C1403T, A1419G, T1422C, C1425T, G1428A, A1434G, C1437T, G1440T, G1445A, T1456C, G1458A, C1462T, T1464C, A1467G, A1470G, A1472G, A1475G, A1480G, G1495A, A1503G, G1504A, C1510T, A1525G, C1527T, A1536G, A1542G, C1548T, C1554T, C1566T, G1567A, C1570T	Россия, Забайкальский край, Агинский р-н	Vulpes corsac	13.03.1980	G12
onii005083	G12A, C18T, C19T, A27G, T38C, T46A, T54C, T66C, T69C, G75A, G87A, C120T, C129T, C135T, T138C, A144T, G150A, C169T, A174G, G177T, T201G, C210T, A213G, A223G, T237G, C246T, T249G, G252T, G255A, A264G, C267T, C279T, T282C, C291T, A294C, A306G, A340C, C345T, G348T, G360A, G387A, A393T, C396T, C417T, T429C, A432G, C441G, G454A, T456C, T465C, G474A, T480C, T481C, G483A, G497A, C519T, G523A, T531G, C536T, A537G, G541A, G544A, G546A, G547A, G549A, T552A, C567G, C576T, T588C, C605T, C610T, T617C, G618A, T630C, T669C, G670A, C681A, A687T, T690C, C700T, A702G, A714G, A720G, A729G, G735A, A744G, A750G, T768C, A774G, A795G, A796G, A801G, A807G, C813T, T816C, C819T, G821A, G831A, T835C, G837A, A852G, A858G, T861C, G864A, C867T, T873C, A876G, G894A, A915C, C933T, A942G, C951T, T963C, T966C, A969G, T1002C, G1017A, T1021C, C1032T, A1056G, T1059C, T1065C, T1077C, A1080C, A1083G, T1090C, A1092G, G1101A, T1116C, G1128A, A1131G, C1137T, T1140C, T1143C, T1150C, A1152G, A1155C, A1165C, C1170T, T1171C, A1173G, C1200T, T1223A, C1227A, G1230A, C1239T, T1242G, C1248T, C1251T, C1252T, G1254A, C1269A, A1279G, C1287T, G1290A, T1293A, A1308G, G1330A, G1334A, G1335A, A1344G, T1351C, G1362T, G1371A, A1380C, C1384A, G1386A, G1388T, C1397T, C1398A, C1399T, C1403T, T1408A, G1413A, T1418C, T1422C, C1426T, G1428A, C1437T, G1440T, A1441G, T1448G, C1449T, T1456C, G1458C, G1459A, A1461G, C1462T, T1464C, A1475G, C1479T, A1480G, G1485A, C1487T, G1495A, T1505C, C1510T, A1525G, T1533C, A1536G, A1542G, C1548T, G1551A, G1567A	Россия, Респ Саха (Якутия)	Vulpes lagopus	18.08.1984	G14
onii005084	G12A, C14T, C18T, C19T, T53C, T54C, G87A, C96T, C120T, A144T, C183A, A223G, G255A, T261A, C279T, A294C, A305G, C321T, A384G, T390C, C417T, T465C, G497A, G523A, C525T, G528A, T531G, G541A, G544A, G546A, C567A, T617C, G618A, G648A, G670A, T675C, A693G, A702G, T712C, A750T, A796G, A801G, C819T, G821A, T835C, A852G, C855T, C867T, G894A, C981T, T984C, A1029G, C1032T, A1054C, A1056G, T1077C, G1101A, A1122G, A1131G, T1143C, A1155G, C1161T, A1165C, C1170T, T1171C, T1216C, T1223A, G1230A, C1236T, T1242G, C1269A, C1275T, A1279G, C1287T, A1308G, G1330A, G1334A, A1336G, A1344G, T1351C, T1356C, G1362A, C1403T, A1419G, T1422C, C1425T, G1428A, C1437T, G1440T, G1445A, T1456C, G1458A, C1462T, A1467G, A1470G, A1472G, A1475G, A1480G, G1495A, A1503G, G1504A, C1510T, A1525G, C1527T, A1536G, A1542G, C1548T, C1554T, C1566T, G1567A	Россия, г Чита	Canis lupus familiaris	23.11.1980	G1
onii005085	A11T, G12A, C14T, C18T, C19T, T53C, T54C, A60G, G87A, T90C, C96T, C120T, A144T, C183A, A223G, G231A, A243G, T249C, G255A, T261A, C279T, A294C, A305G, C321T, C372T, A384G, T390C, C417T, T465C, G497A, G523A, C525T, G528A, T531G, A540G, G541A, G544A, G546A, C567A, C605T, T617C, G618A, T639C, G648A, G670A, T675C, A693G, A702G, T705C, T712C, A750T, A796G, A801G, C819T, G821A, T834C, T835C, A852G, C855T, C867T, G894A, G909A, C981T, T984C, A1029G, C1032T, A1054C, A1056G, T1077C, T1098C, G1101A, A1122G, A1131G, T1143C, A1155G, C1161T, A1165C, C1170T, T1171C, A1173G, A1188G, T1216C, T1223A, G1230A, C1236T, T1242G, C1251T, C1269A, C1275T, A1279G, C1287T, A1308G, G1330A, G1334A, A1336G, A1344G, T1351C, T1356C, G1362A, C1403T, A1419G, T1422C, C1425T, G1428A, A1434G, C1437T, G1440T, G1445A, T1456C, G1458A, C1462T, T1464C, A1467G, A1470G, A1472G, A1475G, A1480G, G1495A, A1503G, G1504A, C1510T, A1525G, C1527T, A1536G, A1542G, C1554T, C1566T, G1567A, C1570T	Россия, Алтайский край, Павловский р-н	Vulpes vulpes	27.11.1998	G2
onii005086	A11T, G12A, C14T, C18T, C19T, T53C, T54C, G87A, C96T, C120T, A144T, A163G, C183A, C207T, A223G, A243G, G255A, T261A, C267T, C279T, A294C, A305G, C321T, A384G, T390C, C417T, T465C, G497A, G523A, C525T, G528A, T531G, A540G, G541A, G544A, G546A, C567A, C585T, C605T, T617C, G618A, G648A, G670A, T675C, A693G, A702G, T712C, A750T, A796G, A801G, C819T, G821A, T835C, A852G, C855T, C867T, G894A, C981T, T984C, A1029G, C1032T, A1054C, A1056G, T1077C, T1098C, G1101A, A1122G, A1131G, T1143C, A1155G, C1157A, C1161T, A1165C, C1170T, T1171C, T1216C, T1223A, G1230A, C1236T, T1242G, C1269A, C1275T, A1279G, C1287T, T1293C, A1308G, G1330A, G1334A, A1336G, T1351C, T1356C, G1362A, C1403T, T1415C, A1419G, T1422C, C1425T, G1428A, A1434G, C1437T, G1440T, G1445A, T1456C, G1458A, C1462T, A1467G, A1470G, A1472G, A1475G, A1480G, G1495A, A1503G, G1504A, C1510T, A1525G, C1527T, A1536G, A1542G, C1548T, C1554T, C1566T, G1567A	Россия, Респ Тыва	КРС	11.02.1987	G1
onii005087	A11T, G12A, C14T, C18T, C19T, T53C, T54C, G87A, C96T, C120T, A144T, C183A, A223G, A243G, G255A, T261A, T273C, C279T, A294C, A305G, C321T, A384G, T390C, C417T, T465C, G497A, G523A, C525T, G528A, T531G, A540G, G541A, G544A, G546A, C567A, T617C, G618A, G648A, G670A, T675C, A693G, A702G, T712C, A750T, A796G, A801G, C819T, G821A, T835C, A852G, C855T, C867T, G894A, C981T, T984C, A1029G, C1032T, A1054C, A1056G, T1077C, T1098C, G1101A, A1122G, A1131G, T1143C, A1155G, C1161T, A1165C, C1170T, T1171C, T1216C, T1223A, G1230A, C1236T, T1242G, C1269A, C1275T, A1279G, C1287T, A1308G, G1330A, G1334A, A1336G, A1344G, T1351C, T1356C, G1362A, C1403T, A1419G, T1422C, C1425T, G1428A, A1434G, C1437T, G1440T, G1445A, T1456C, G1458A, C1462T, A1467G, A1470G, A1472G, A1475G, A1480G, G1495A, A1503G, G1504A, C1510T, A1525G, C1527T, A1536G, A1542G, C1554T, C1566T, G1567A	Россия, Алтайский край, Немецкий национальный р-н	Vulpes vulpes	11.08.1998	G1
onii005088	A11T, G12A, C18T, C19T, T20C, T53C, T54C, G75A, G87A, C96T, C120T, A144T, C153T, C183A, A223G, A243G, G252A, G255A, T261A, C279T, A294C, A305G, C321T, A324T, A342G, A350G, A384G, T390C, C391T, C417T, T465C, G497A, G523A, C525T, G528A, T531G, A540G, G541A, G544A, G546A, C567A, T617C, G618A, G648A, G670A, T675C, A693G, A702G, T712C, A750T, A796G, A801G, C819T, G821A, T835C, A852G, C855T, C867T, G894A, C933T, C981T, T984C, A999G, A1029G, C1032T, A1054C, A1056G, T1077C, T1098C, G1101A, A1122G, A1131G, T1143C, A1155G, C1161T, A1165C, C1170T, T1171C, T1216C, T1223A, G1230A, C1236T, T1242G, C1269A, C1275T, A1279G, C1287T, A1308G, G1330A, G1334A, A1344G, T1351C, T1356C, G1362A, A1363G, C1403T, A1419G, T1422C, C1425T, G1428A, A1434G, C1437T, G1440T, G1445A, T1456C, G1458A, C1462T, A1467G, A1470G, A1472G, A1475G, A1480G, G1495A, A1503G, G1504A, C1510T, A1525G, A1536G, A1542G, C1548T, C1554T, G1567A	Россия, Алтайский край, Троицкий р-н	Vulpes vulpes	13.09.1998	G13
onii005089	A11T, G12A, C14T, C18T, C19T, T53C, T54C, A60G, G87A, T90C, C96T, C120T, A144T, C183A, A223G, G231A, A243G, T249C, G255A, T261A, C279T, A294C, A305G, C321T, C372T, A384G, T390C, C417T, T465C, G497A, G523A, C525T, G528A, T531G, A540G, G541A, G544A, G546A, C567A, C605T, T617C, G618A, T639C, G648A, G670A, T675C, A693G, A702G, T705C, T712C, A750T, A796G, A801G, C819T, G821A, T834C, T835C, A852G, C855T, C867T, G894A, G909A, C981T, T984C, A1029G, C1032T, A1054C, A1056G, T1077C, T1098C, G1101A, A1122G, A1131G, T1143C, A1155G, C1161T, A1165C, C1170T, T1171C, A1173G, A1188G, T1216C, T1223A, G1230A, C1236T, T1242G, C1251T, C1269A, C1275T, A1279G, C1287T, A1308G, G1330A, G1334A, A1336G, A1344G, T1351C, T1356C, G1362A, C1403T, A1419G, T1422C, C1425T, G1428A, A1434G, C1437T, G1440T, G1445A, T1456C, G1458A, C1462T, T1464C, A1467G, A1470G, A1472G, A1475G, A1480G, G1495A, A1503G, G1504A, C1510T, A1525G, C1527T, A1536G, A1542G, C1554T, C1566T, G1567A, C1570T	Россия, Алтайский край, Шелаболихинский р-н	Vulpes vulpes	10.12.1998	G2
onii005090	A11T, G12A, C14T, C18T, C19T, T53C, T54C, A60G, G87A, T90C, C96T, C120T, A144T, C183A, A223G, G231A, A243G, T249C, G255A, T261A, C279T, A294C, A305G, C321T, C372T, A384G, T390C, C417T, T465C, G497A, G523A, C525T, G528A, T531G, A540G, G541A, G544A, G546A, C567A, C605T, T617C, G618A, T639C, G648A, G670A, T675C, A693G, A702G, T705C, T712C, A750T, A796G, A801G, C803T, C819T, G821A, T834C, T835C, A852G, C855T, C867T, G894A, C981T, T984C, A1029G, C1032T, A1054C, A1056G, T1077C, T1098C, G1101A, A1122G, A1131G, T1143C, A1155G, C1161T, A1165C, C1170T, T1171C, A1173G, A1188G, T1216C, T1223A, G1230A, C1236T, T1242G, C1251T, C1269A, C1275T, A1279G, C1287T, A1308G, G1330A, G1334A, A1336G, A1344G, T1351C, T1356C, G1362A, C1403T, A1419G, T1422C, C1425T, G1428A, A1434G, C1437T, G1440T, G1445A, T1456C, G1458A, C1462T, T1464C, A1467G, A1470G, A1472G, A1475G, A1480G, G1495A, A1503G, G1504A, C1510T, A1525G, C1527T, A1536G, A1542G, C1554T, C1566T, G1567A, C1570T	Россия, Алтайский край, Крутихинский р-н	Vulpes vulpes	01.10.1998	G2
onii005091	A11T, G12A, C18T, C19T, T53C, T54C, G87A, C96T, C120T, A144T, C153T, C183A, A223G, A243G, G252A, G255A, T261A, C279T, A294C, A305G, C321T, A324T, A342G, A350G, A384G, T390C, C391T, C417T, G447A, T465C, T492C, G497A, G523A, C525T, G528A, T531G, A540G, G541A, G544A, G546A, C567A, T617C, G618A, G648A, G670A, T675C, A693G, A702G, T712C, A750T, A796G, A801G, C819T, G821A, T835C, A852G, C855T, C867T, T870C, G894A, C981T, T984C, A999G, A1029G, C1032T, A1054C, A1056G, T1077C, T1098C, G1101A, G1107A, A1122G, A1131G, T1143C, A1155G, C1161T, A1165C, C1170T, T1171C, T1216C, T1223A, G1230A, C1236T, T1242G, C1269A, C1275T, A1279G, C1287T, A1308G, G1330A, G1334A, A1344G, T1351C, T1356C, G1362A, A1363G, C1403T, T1409C, A1419G, T1422C, C1425T, G1428A, A1434G, C1437T, G1440T, G1445A, T1456C, G1458A, C1462T, A1467G, A1470G, A1472G, A1475G, A1480G, G1495A, A1503G, G1504A, C1510T, A1525G, A1536G, A1542G, C1548T, C1554T, C1566T, G1567A	Россия, Алтайский край, Быстроистокский р-н	Vulpes vulpes	12.02.1998	G13
onii005092	A11T, G12A, C14T, C18T, C19T, T53C, T54C, A60G, G87A, T90C, C96T, C120T, A144T, C183A, A223G, G231A, A243G, T249C, G255A, T261A, C279T, A294C, A305G, C321T, C372T, A384G, T390C, C417T, T465C, G497A, G523A, C525T, G528A, T531G, A540G, G541A, G544A, G546A, C567A, C605T, T617C, G618A, T639C, G648A, G670A, T675C, A693G, A702G, T705C, T712C, A750T, A796G, A801G, C819T, G821A, T834C, T835C, A852G, C855T, C867T, G894A, C981T, T984C, A1029G, C1032T, A1054C, A1056G, T1077C, T1098C, G1101A, A1122G, A1131G, T1143C, A1155G, C1161T, A1165C, C1170T, T1171C, A1173G, A1188G, T1216C, T1223A, G1230A, C1236T, T1242G, C1251T, C1269A, C1275T, A1279G, C1287T, A1308G, G1330A, G1334A, A1336G, A1344G, T1351C, T1356C, G1362A, C1403T, A1419G, T1422C, C1425T, G1428A, A1434G, C1437T, G1440T, G1445A, T1456C, G1458A, C1462T, T1464C, A1467G, A1470G, A1472G, A1475G, A1480G, G1495A, A1503G, G1504A, C1510T, A1525G, C1527T, A1536G, A1542G, C1554T, C1566T, G1567A, C1570T	Россия, Новосибирская обл, Убинский р-н	Vulpes vulpes	11.08.1998	G2
onii005093	A11T, G12A, C18T, C19T, T20C, T53C, T54C, G75A, G87A, C96T, C120T, A144T, C153T, C183A, A223G, A243G, G252A, G255A, T261A, C279T, A294C, A305G, C321T, A324T, A342G, A350G, A384G, T390C, C391T, C417T, T465C, G497A, C516T, G523A, C525T, G528A, T531G, A540G, G541A, G544A, G546A, C567A, T617C, G618A, G648A, G670A, T675C, A693G, A702G, T712C, A750T, G783T, A796G, A801G, C819T, G821A, T835C, A852G, C855T, C867T, G894A, C981T, T984C, A999G, A1029G, C1032T, A1054C, A1056G, T1077C, T1098C, G1101A, T1113C, A1122G, A1131G, T1143C, A1155G, C1161T, A1165C, C1170T, T1171C, T1216C, T1223A, G1230A, C1236T, T1242G, C1269A, C1275T, A1279G, C1287T, A1308G, G1330A, G1334A, A1344G, T1351C, T1356C, G1362A, A1363G, C1403T, A1419G, T1422C, C1425T, G1428A, A1434G, C1437T, G1440T, G1445A, T1456C, G1458A, C1462T, A1467G, A1470G, A1472G, A1475G, A1480G, G1495A, A1503G, G1504A, C1510T, A1525G, A1536G, A1542G, C1548T, C1554T, G1567A	Россия, Новосибирская обл, Тогучинский р-н	КРС	13.08.1998	G13
onii005094	A11T, G12A, C18T, C19T, T53C, T54C, A60G, G87A, T90C, C96T, C120T, A144T, C183A, A192G, A223G, G231A, A243G, T249C, G255A, T261A, C279T, A294C, A305G, C321T, A384G, T390C, C417T, T465C, G497A, G523A, C525T, G528A, T531G, A540G, G541A, G544A, G546A, C567A, T617C, G618A, G648A, G670A, T675C, A693G, A702G, T712C, A750T, A796G, A801G, C819T, G821A, T834C, T835C, A852G, C855T, C867T, T883C, G894A, C981T, T984C, A1029G, C1032T, A1054C, A1056G, T1077C, T1098C, G1101A, A1122G, A1131G, T1143C, A1155G, C1161T, A1165C, C1170T, T1171C, A1173G, T1216C, T1223A, G1230A, C1236T, T1242G, C1269A, C1275T, A1279G, C1287T, A1308G, G1330A, G1334A, A1336G, A1344G, T1351C, T1356C, G1362A, C1403T, A1419G, T1422C, C1425T, G1428A, A1434G, C1437T, G1440T, G1445A, T1456C, G1458A, C1462T, T1464C, A1467G, A1470G, A1472G, A1475G, A1480G, G1495A, A1503G, G1504A, C1510T, A1525G, A1536G, A1542G, C1554T, C1566T, G1567A, C1570T	Россия, Омская обл, Одесский р-н	Vulpes vulpes	10.06.1998	G2
onii005095	A11T, G12A, C14T, C18T, C19T, T53C, T54C, G87A, C96T, C120T, C126T, A144T, C183A, A223G, A243G, G255A, T261A, T273C, C279T, A294C, C303T, A305G, C321G, A384G, T390C, C417T, T465C, G497A, C502A, G523A, C525T, G528A, T531G, A540G, G541A, G544A, G546A, C567A, T617C, G618A, G648A, G670A, T675C, A693G, A702G, T712C, A750T, A796G, A801G, C819T, G821A, T835C, A852G, C855T, C867T, G894A, C981T, T984C, A1029G, C1032T, G1051A, A1054C, A1056G, T1077C, T1098C, G1101A, G1106A, A1122G, A1131G, T1143C, A1155G, C1161T, A1165C, C1170T, T1171C, T1216C, T1223A, G1230A, T1233C, C1236T, T1242A, C1269A, C1275T, A1279G, C1287T, G1290A, A1308G, G1330A, G1334A, A1336G, A1344G, T1351C, T1356C, G1362A, C1403T, A1419G, T1422C, C1425T, G1428A, A1434G, C1437T, G1440T, G1445A, T1456C, G1458A, C1462T, A1467G, A1470G, A1472G, C1473T, A1475G, A1480G, G1495A, A1503G, G1504A, C1510T, A1525G, C1527T, A1536G, A1542G, C1554T, C1566T, G1567A	Россия, Омская обл, Одесский р-н	Vulpes vulpes	08.06.1998	G1
onii005096	A11T, G12A, C14T, C18T, C19T, T53C, T54C, G87A, C96T, C120T, C126T, A144T, C183A, A223G, A243G, G255A, T261A, T273C, C279T, A294C, C303T, A305G, C321G, A384G, T390C, C417T, T465C, G497A, G523A, C525T, G528A, T531G, A540G, G541A, G544A, G546A, C561T, C567A, T617C, G618A, G648A, G670A, T675C, A693G, A702G, T712C, A750T, A796G, A801G, C819T, G821A, T835C, A852G, C855T, C867T, G894A, C981T, T984C, A1029G, C1032T, G1051A, A1054C, A1056G, T1077C, T1098C, G1101A, G1106A, A1122G, A1131G, T1143C, A1155G, C1161T, A1165C, C1170T, T1171C, T1216C, T1223A, G1230A, T1233C, C1236T, T1242A, C1269A, C1275T, A1279G, C1287T, G1290A, T1299C, A1308G, G1330A, G1334A, A1336G, A1344G, T1351C, T1356C, G1362A, C1403T, A1419G, T1422C, C1425T, G1428A, A1434G, C1437T, G1440T, G1445A, T1456C, G1458A, C1462T, A1467G, A1470G, A1472G, C1473T, A1475G, A1480G, G1495A, A1503G, G1504A, C1510T, A1525G, C1527T, A1536G, A1542G, C1554T, C1566T, G1567A	Россия, Омская обл, Саргатский р-н	Vulpes vulpes	20.03.1998	G1
onii005097	A11T, G12A, C14T, C18T, C19T, T53C, T54C, G87A, C96T, C120T, C126T, A144T, C183A, A223G, A243G, G255A, T261A, T273C, C279T, A294C, C303T, A305G, C321G, A384G, T390C, C417T, T465C, G497A, G523A, C525T, G528A, T531G, A540G, G541A, G544A, G546A, C561T, C567A, T617C, G618A, G648A, G670A, T675C, A693G, A702G, T712C, A750T, A796G, A801G, C819T, G821A, T835C, A852G, C855T, C867T, G894A, C981T, T984C, A1029G, C1032T, G1051A, A1054C, A1056G, T1077C, T1098C, G1101A, G1106A, A1122G, A1131G, T1143C, A1155G, C1161T, A1165C, C1170T, T1171C, T1216C, T1223A, G1230A, T1233C, C1236T, T1242A, C1269A, C1275T, A1279G, C1287T, G1290A, T1299C, A1308G, G1330A, G1334A, A1336G, A1344G, T1351C, T1356C, G1362A, C1403T, A1419G, T1422C, C1425T, G1428A, C1433T, A1434G, C1437T, G1440T, G1445A, T1456C, G1458A, C1462T, A1467G, A1470G, A1472G, C1473T, A1475G, A1480G, G1495A, A1503G, G1504A, C1510T, A1525G, A1536G, A1542G, C1554T, C1566T, G1567A	Россия, Омская обл, Омский р-н	Vulpes vulpes	21.06.1998	G1
onii005098	A11T, G12A, C14T, C18T, C19T, T53C, T54C, G87A, C96T, C120T, A144T, C183A, A223G, A243G, G255A, T261A, T273C, C279T, A294C, A305G, C321T, A384G, T390C, C417T, T465C, G497A, G523A, C525T, G528A, T531G, A540G, G541A, G544A, G546A, C567A, T617C, G618A, G648A, G670A, T675C, A693G, A702G, T712C, A750T, A796G, A801G, C819T, G821A, T835C, A852G, C855T, C867T, G894A, C981T, T984C, A1029G, C1032T, A1054C, A1056G, T1077C, T1098C, G1101A, A1122G, A1131G, T1143C, A1155G, C1161T, A1165C, C1170T, T1171C, T1216C, T1223A, G1230A, C1236T, T1242G, C1269A, C1275T, A1279G, C1287T, A1308G, G1330A, G1334A, A1336G, A1344G, T1351C, T1356C, G1362A, C1403T, A1419G, T1422C, C1425T, G1428A, A1434G, C1437T, G1440T, G1445A, T1456C, G1458A, C1462T, A1467G, A1470G, A1472G, A1475G, A1480G, G1495A, A1503G, G1504A, C1510T, A1525G, C1527T, A1536G, A1542G, C1554T, C1566T, G1567A	Россия, Омская обл, Горьковский р-н	Vulpes vulpes	23.08.1998	G1
onii005099	A11T, G12A, C14T, C18T, C19T, T53C, T54C, G87A, C96T, C120T, C126T, A144T, G147A, C183A, A223G, A243G, G255A, T261A, T273C, C279T, A294C, C303T, A305G, C321G, A384G, T390C, C417T, T465C, G497A, G523A, C525T, G528A, T531G, C536T, A540G, G541A, G544A, G546A, C567A, T617C, G618A, G648A, C660T, G670A, T675C, A693G, A702G, T712C, A750T, A796G, A801G, C819T, G821A, T835C, G848A, A852G, C855T, C867T, A928G, C981T, T984C, A1029G, C1032T, G1051A, A1054C, A1056G, T1077C, T1098C, G1101A, G1106A, A1122G, A1131G, T1143C, A1155G, C1161T, A1165C, C1170T, T1171C, T1216C, T1223A, G1230A, T1233C, C1236T, T1242A, C1269A, C1275T, A1279G, C1287T, G1290A, A1308G, G1330A, G1334A, A1336G, A1344G, T1351C, T1356C, G1362A, C1403T, A1419G, T1422C, C1425T, G1428A, A1434G, C1437T, G1440T, G1445A, T1456C, G1458A, C1462T, A1467G, A1470G, A1472G, C1473T, A1475G, A1480G, G1495A, A1503G, G1504A, C1510T, A1525G, C1527T, A1536G, A1542G, C1554T, C1566T, G1567A	Россия, Омская обл, Оконешниковский р-н	Vulpes corsac	29.09.1999	G1
onii005100	G12A, C14T, C18T, C19T, T42C, T53C, T54C, G87A, C96T, C120T, A144T, C183A, A213G, A223G, G255A, T261A, T273C, C279T, A294C, A305G, C321T, G348A, A384G, T390C, C411T, C417T, T465C, T492C, G497A, G523A, C525T, G528A, T531G, A540G, G541A, G544A, G546A, C567A, T617C, G618A, G648A, G670A, A693G, A702G, T712C, A729G, A750T, T762C, A796G, A801G, C819T, G821A, T835C, A852G, C855T, C867T, G894A, C981T, T984C, A1029G, C1032T, C1053T, A1054C, A1056G, T1077C, T1098C, G1101A, G1104A, A1122G, A1131G, T1143C, A1155G, C1161T, A1165C, C1170T, T1171C, A1173G, T1216C, T1223A, A1224G, G1230A, C1236T, T1242G, C1248T, C1269A, C1275T, A1279G, C1287T, A1308G, G1330A, G1334A, A1336G, A1344G, T1351C, T1356C, G1362A, G1395A, C1403T, A1419G, T1422C, C1425T, G1428A, C1437T, G1440T, G1445A, T1456C, G1458A, C1462T, A1467G, A1470G, A1472G, A1475G, A1480G, A1486G, G1495A, A1503G, G1504A, C1510T, A1525G, C1527T, A1536T, A1542G, C1548T, C1554T, C1566T, G1567A	Россия, Омская обл, Одесский р-н	Vulpes vulpes	30.03.1999	G5
onii005101	A11T, G12A, C14T, C18T, C19T, T53C, T54C, G87A, C96T, C120T, C126T, A144T, C183A, A223G, A243G, G255A, T261A, T273C, C279T, A294C, C303T, A305G, C321G, A384G, T390C, C417T, T465C, G497A, G523A, C525T, G528A, T531G, A540G, G541A, G544A, G546A, C567A, T617C, G618A, G648A, G670A, T675C, A693G, A702G, T712C, A750T, A796G, A801G, C819T, G821A, T835C, A852G, C855T, C867T, G894A, C981T, T984C, A1029G, C1032T, G1051A, A1054C, A1056G, T1077C, T1098C, G1101A, G1106A, A1122G, A1131G, T1143C, A1155G, C1161T, A1165C, C1170T, T1171C, T1216C, T1223A, G1230A, T1233C, C1236T, T1242A, C1269A, C1275T, A1279G, C1287T, G1290A, T1299C, A1308G, G1330A, G1334A, A1336G, A1344G, T1351C, T1356C, G1362A, C1403T, A1419G, T1422C, C1425T, G1428A, A1434G, C1437T, G1440T, G1445A, T1456C, G1458A, C1462T, A1467G, A1470G, A1472G, C1473T, A1475G, A1480G, G1495A, A1503G, G1504A, C1510T, A1525G, C1527T, A1536G, A1542G, C1554T, C1566T, G1567A	Россия, Омская обл, Азовский немецкий национальный р-н	Vulpes vulpes	31.01.1999	G1
onii005102	A11T, G12A, C18T, C19T, T20C, T53C, T54C, G75A, G87A, C96T, C120T, A144T, C153T, C183A, A223G, A243G, G252A, G255A, T261A, C279T, A294C, A305G, C321T, A324T, A342G, A350G, A384G, T390C, C391T, C417T, T465C, G497A, C516T, G523A, C525T, G528A, T531G, A540G, G541A, G544A, G546A, C567A, T617C, G618A, G648A, G670A, T675C, A693G, A702G, T712C, A750T, G783T, A796G, A801G, C819T, G821A, T835C, A852G, C855T, C867T, G894A, C981T, T984C, A999G, A1029G, C1032T, A1054C, A1056G, T1077C, T1098C, G1101A, T1113C, A1122G, A1131G, T1143C, A1155G, C1161T, A1165C, C1170T, T1171C, T1216C, T1223A, G1230A, C1236T, T1242G, C1269A, C1275T, A1279G, C1287T, A1308G, G1330A, G1334A, A1344G, T1351C, T1356C, G1362A, A1363G, C1403T, A1419G, T1422C, C1425T, G1428A, A1434G, C1437T, G1440T, G1445A, T1456C, G1458A, C1462T, A1467G, A1470G, A1472G, A1475G, A1480G, G1495A, A1503G, G1504A, C1510T, A1525G, A1536G, A1542G, C1548T, C1554T, G1567A	Россия, Алтайский край, Поспелихинский р-н	Vulpes vulpes	20.10.2000	G13
onii005103	A11T, G12A, C14T, C18T, C19T, T53C, T54C, A60G, G87A, T90C, C96T, C120T, A144T, C183A, A223G, G231A, A243G, G255A, T261A, C279T, A294C, A305G, C321T, C372T, A384G, T390C, C417T, T465C, G497A, G523A, C525T, G528A, T531G, A540G, G541A, G544A, G546A, C567A, C605T, T617C, G618A, T639C, G648A, G670A, T675C, A693G, A702G, T705C, T712C, A750T, A796G, A801G, C819T, G821A, T834C, T835C, A852G, C855T, C867T, G894A, C981T, T984C, A1029G, C1032T, A1054C, A1056G, T1077C, T1098C, G1101A, A1122G, A1131G, T1143C, A1155G, C1161T, A1165C, C1170T, T1171C, A1173G, A1188G, T1216C, T1223A, G1230A, C1236T, T1242G, C1251T, C1269A, C1275T, A1279G, C1287T, A1308G, G1330A, G1334A, A1336G, A1344G, T1351C, T1356C, G1362A, C1403T, A1419G, T1422C, C1425T, G1428A, A1434G, C1437T, G1440T, G1445A, T1456C, G1458A, C1462T, T1464C, A1467G, A1470G, A1472G, A1475G, A1480G, G1495A, A1503G, G1504A, C1510T, A1525G, C1527T, A1536G, A1542G, C1554T, C1566T, G1567A, C1570T	Россия, Алтайский край, Угловский р-н	Canis lupus	03.06.2000	G2
onii005104	A11T, G12A, C14T, C18T, C19T, T53C, T54C, A60G, G87A, T90C, C96T, C120T, A144T, C183A, A223G, G231A, A243G, T249C, G255A, T261A, C279T, A294C, A305G, C321T, C372T, A384G, T390C, C417T, T429G, G447A, T465C, G497A, G523A, C525T, G528A, T531G, A540G, G541A, G544A, G546A, C567A, C605T, T617C, G618A, T639C, G648A, G670A, T675C, A693G, A702G, T705C, T712C, A750T, A796G, A801G, C819T, G821A, T834C, T835C, A852G, C855T, C867T, G894A, C981T, T984C, A1029G, C1032T, A1054C, A1056G, T1077C, T1098C, G1101A, A1122G, A1131G, T1143C, A1155G, C1161T, A1165C, C1170T, T1171C, A1173G, A1188G, T1216C, T1223A, G1230A, C1236T, T1242G, C1251T, C1269A, C1275T, A1279G, C1287T, A1308G, G1330A, G1334A, A1336G, A1344G, T1351C, T1356C, G1362A, C1403T, A1419G, T1422C, C1425T, G1428A, A1434G, C1437T, G1440T, G1445A, T1456C, G1458A, C1462T, T1464C, A1467G, A1470G, A1472G, A1475G, A1480G, G1495A, A1503G, G1504A, C1510T, A1525G, C1527T, A1536G, A1542G, C1554T, C1566T, G1567A, C1570T	Россия, Алтайский край, Романовский р-н	Meles meles	07.03.2000	G2
onii005105	A11T, G12A, C14T, C18T, C19T, T53C, T54C, A60G, G87A, T90C, C96T, C120T, A144T, C183A, A223G, G231A, A243G, T249C, G255A, T261A, C279T, A294C, A305G, C321T, A330G, C372T, A384G, T390C, C417T, T465C, G497A, G523A, C525T, G528A, T531G, A540G, G541A, G544A, G546A, C567A, C605T, T617C, G618A, T639C, G648A, G670A, T675C, A693G, A702G, T705C, T712C, A750T, A796G, A801G, C819T, G821A, T834C, T835C, A852G, C855T, C867T, G894A, C981T, T984C, A1029G, C1032T, A1054C, A1056G, T1077C, T1098C, G1101A, A1122G, A1131G, T1143C, A1155G, C1161T, A1165C, C1170T, T1171C, A1173G, A1188G, T1216C, T1223A, G1230A, C1236T, T1242G, C1251T, C1269A, C1275T, A1279G, C1287T, A1308G, G1330A, G1334A, A1336G, A1344G, T1351C, T1356C, G1362A, C1403T, A1419G, T1422C, C1425T, G1428A, A1434G, C1437T, G1440T, G1445A, T1456C, G1458A, C1462T, T1464C, A1467G, A1470G, A1472G, A1475G, A1480G, G1495A, A1503G, G1504A, C1510T, A1525G, C1527T, A1536G, A1542G, C1554T, C1566T, G1567A, C1570T	Россия, Омская обл, Кормиловский р-н	Meles meles	08.09.2001	G2
onii005106	G12A, C14T, C18T, C19T, A27C, T42C, T53C, T54C, G87A, C96T, C120T, A144T, C183A, A213G, A223G, G255A, T261A, T273C, C279T, A294C, A305G, C321T, T333C, G348A, A384G, T390C, C411T, C417T, T465C, G497A, G523A, C525T, G528A, T531G, A540G, G541A, G544A, G546A, C567A, T617C, G618A, G648A, G670A, T675C, A693G, A702G, T712C, A750T, T762C, A789G, A796G, A801G, C819T, G821A, T835C, A852G, C855T, C867T, G894A, G921A, C981T, T984C, A1029G, C1032T, C1053T, A1054C, A1056G, T1077C, T1098C, G1101A, G1104A, A1122G, A1131G, T1143C, A1152G, A1155G, C1161T, A1165C, C1170T, T1171C, A1173G, T1216C, T1223A, A1224G, G1230A, C1236T, T1242G, C1269A, C1275T, A1279G, C1287T, A1308G, G1330A, G1334A, A1336G, A1344G, T1351C, T1356C, G1362A, G1395A, C1403T, A1419G, T1422C, C1425T, G1428A, C1437T, G1440T, G1445A, T1456C, G1458A, C1462T, A1467G, A1470G, A1472G, A1475G, A1480G, G1495A, A1503G, G1504A, C1510T, A1525G, C1527T, A1536G, A1542G, C1548T, C1554T, C1566T, G1567A	Россия, Омская обл, Черлакский р-н	Vulpes corsac	09.07.2001	G5
onii005107	A11T, G12A, C14T, C18T, C19T, T53C, T54C, A60G, G87A, T90C, C96T, C120T, A144T, C183A, A223G, G231A, A243G, T249C, G255A, T261A, C279T, A294C, A305G, C321T, C372T, A384G, T390C, C417T, T465C, G497A, G523A, C525T, G528A, T531G, A540G, G541A, G544A, G546A, C567A, C605T, T617C, G618A, T639C, G648A, G670A, T675C, A693G, A702G, T705C, T712C, A714G, A750T, A796G, A801G, C819T, G821A, T834C, T835C, A852G, C855T, C867T, G894A, C981T, T984C, A1029G, C1032T, A1054C, A1056G, T1077C, T1098C, G1101A, A1122G, A1131G, T1143C, A1155G, C1161T, A1165C, C1170T, T1171C, A1173G, A1188G, T1216C, T1223A, G1230A, C1236T, T1242G, C1251T, C1269A, C1275T, A1279G, C1287T, A1308G, G1330A, G1334A, A1336G, A1344G, T1351C, T1356C, G1362A, A1419G, T1422C, C1425T, G1428A, A1434G, C1437T, G1440T, G1445A, T1456C, G1458A, C1462T, T1464C, A1467G, A1470G, A1472G, A1475G, A1480G, G1495A, A1503G, G1504A, C1510T, A1525G, C1527T, A1536G, A1542G, C1554T, C1566T, G1567A, C1570T	Россия, Алтайский край, Хабарский р-н	Vulpes vulpes	03.06.1995	G2
onii005109	A11T, G12A, C14T, C18T, C19T, T53C, T54C, G87A, C96T, C120T, A144T, C183A, A223G, G255A, T261A, T273C, C279T, A294C, A305G, C321T, A384G, T390C, C417T, T465C, G497A, G523A, C525T, G528A, T531G, A540G, G541A, G544A, G546A, C567A, T617C, G618A, G648A, G670A, T675C, A693G, A702G, T712C, A750T, A796G, A801G, C819T, G821A, T835C, A852G, C855T, C867T, G894A, C981T, T984C, A1029G, C1032T, A1054C, A1056G, T1077C, T1098C, G1101A, A1122G, A1131G, T1143C, A1155G, C1161T, A1165C, C1170T, T1171C, T1216C, T1223A, G1230A, C1236T, T1242G, C1269A, C1275T, A1279G, C1287T, A1308G, G1330A, G1334A, A1336G, A1344G, T1351C, T1356C, G1362A, C1403T, A1419G, T1422C, C1425T, G1428A, A1434G, C1437T, G1440T, G1445A, T1456C, G1458A, C1462T, A1467G, A1470G, A1472G, A1475G, A1480G, G1495A, A1503G, G1504A, C1510T, A1525G, C1527T, A1536G, A1542G, C1554T, C1566T, G1567A	Россия, Респ Саха (Якутия), Анабарский улус	Vulpes lagopus	09.05.2002	G1
onii005110	A11T, G12A, C14T, C18T, C19T, T53C, T54C, A60G, G87A, T90C, C96T, C120T, A144T, C183A, A223G, G231A, A243G, G255A, T261A, C279T, A294C, A305G, C321T, C372T, A384G, T390C, C417T, T465C, G497A, G523A, C525T, G528A, T531G, A540G, G541A, G544A, G546A, C567A, C605T, T617C, G618A, T639C, G648A, G670A, T675C, A693G, A702G, T705C, T712C, A750T, A796G, A801G, C819T, G821A, T834C, T835C, A852G, C855T, C867T, G894A, C981T, T984C, A1029G, C1032T, A1054C, A1056G, T1077C, T1098C, G1101A, A1122G, A1131G, T1143C, A1155G, C1161T, A1165C, C1170T, T1171C, A1173G, A1188G, T1216C, T1223A, G1230A, C1236T, T1242G, C1269A, C1275T, A1279G, C1287T, A1308G, G1330A, G1334A, A1336G, A1344G, T1351C, T1356C, G1362A, C1403T, A1419G, T1422C, C1425T, G1428A, A1434G, C1437T, G1440T, G1445A, T1456C, G1458A, C1462T, T1464C, A1467G, A1470G, A1472G, A1475G, A1480G, G1495A, A1503G, G1504A, C1510T, A1525G, C1527T, A1536G, A1542G, C1554T, C1566T, G1567A, C1570T	Россия, Алтайский край	Vulpes vulpes	08.08.2003	G2
onii005111	A11T, G12A, C14T, C18T, C19T, T53C, T54C, A60G, G87A, T90C, C96T, C120T, A144T, C183A, A223G, G231A, A243G, G255A, T261A, C279T, A294C, A305G, C321T, C372T, A384G, T390C, C417T, T465C, G497A, G523A, C525T, G528A, T531G, A540G, G541A, G544A, G546A, C567A, C605T, T617C, G618A, T639C, G648A, G670A, T675C, A693G, A702G, T705C, T712C, A750T, A796G, A801G, C819T, G821A, T834C, T835C, A852G, C855T, C867T, G894A, C981T, T984C, A1029G, C1032T, A1054C, A1056G, T1077C, T1098C, G1101A, A1122G, A1131G, T1143C, A1155G, C1161T, A1165C, C1170T, T1171C, A1173G, A1188G, T1216C, T1223A, G1230A, C1236T, T1242G, C1251T, C1269A, C1275T, A1279G, C1287T, A1308G, G1330A, G1334A, A1336G, A1344G, T1351C, T1356C, G1362A, C1403T, A1419G, T1422C, C1425T, G1428A, A1434G, C1437T, G1440T, G1445A, T1456C, G1458A, C1462T, T1464C, A1467G, A1470G, A1472G, A1475G, A1480G, G1495A, A1503G, G1504A, C1510T, A1525G, C1527T, A1536G, A1542G, C1554T, C1566T, G1567A, C1570T	Россия, Алтайский край	Vulpes vulpes	07.09.2003	G2
onii005113	A11T, G12A, C14T, C18T, C19T, T53C, T54C, G87A, C96T, C120T, C126T, A144T, C183A, A223G, G255A, T261A, T273C, C279T, T282G, A294C, C303T, A305G, C321G, A384G, T390C, C417T, T465C, G497A, G523A, C525T, G528A, T531G, C536T, A540G, G541A, G544A, G546A, C567A, G606T, T617C, G618A, T630C, G648A, G670A, T675C, A693G, A702G, T712C, A750T, A796G, A801G, C819T, G821A, T835C, A852G, C855T, C867T, G894A, C981T, T984C, A1029G, C1032T, G1051A, A1054C, A1056G, T1077C, T1098C, G1101A, G1106A, C1117A, A1122G, A1131G, T1143C, A1155G, C1161T, A1165C, C1170T, T1171C, A1179G, T1216C, T1223A, G1230A, C1236T, T1242A, C1269A, C1275T, A1279G, C1287T, G1290A, A1308G, G1330A, G1334A, A1336G, A1344G, T1351C, T1356C, G1362A, C1403T, A1419G, T1422C, C1425T, G1428A, A1434G, C1437T, G1440T, G1445A, T1456C, G1458A, C1462T, A1467G, A1470G, A1472G, C1473T, A1475G, A1480G, G1495A, A1503G, G1504A, C1510T, A1525G, C1527T, A1536G, A1542G, C1554T, C1566T, G1567A	Россия, Омская обл, Крутинский р-н	Homo sapiens	03.03.2004	G1
onii005115	A11T, G12A, C14T, C18T, C19T, T53C, T54C, G87A, C96T, C120T, C126T, A144T, C183A, A223G, G255A, T261A, T273C, C279T, A294C, C303T, A305G, C321G, A384G, T390C, C417T, T465C, G497A, G523A, C525T, G528A, T531G, C536T, A540G, G541A, G544A, G546A, C567A, G606T, T617C, G618A, T630C, G648A, G670A, T675C, A693G, A702G, T712C, A750T, A796G, A801G, C819T, G821A, T835C, A852G, C855T, C867T, G894A, A895C, C981T, T984C, A1029G, C1032T, G1051A, A1054C, A1056G, T1077C, T1098C, G1101A, G1106A, C1117A, A1122G, A1131G, T1143C, A1155G, C1161T, A1165C, C1170T, T1171C, A1179G, T1216C, T1223A, G1230A, C1236T, T1242A, C1269A, C1275T, A1279G, C1287T, G1290A, A1308G, G1330A, G1334A, A1336G, A1344G, T1351C, T1356C, G1362A, C1403T, A1419G, T1422C, C1425T, G1428A, A1434G, C1437T, G1440T, G1445A, T1456C, G1458A, C1462T, A1467G, A1470G, A1472G, C1473T, A1475G, A1480G, G1495A, A1503G, G1504A, C1510T, A1525G, C1527T, A1536G, A1542G, C1554T, C1566T, G1567A	Россия, Омская обл, Исилькульский р-н	Vulpes vulpes	29.04.2007	G1
onii005116	A11T, G12A, C14T, C18T, C19T, T53C, T54C, G87A, C96T, C120T, C126T, A144T, C183A, A223G, G255A, T261A, T273C, C279T, A294C, C303T, A305G, C321G, A384G, T390C, C417T, T465C, G497A, G523A, C525T, G528A, T531G, C536T, A540G, G541A, G544A, G546A, C567A, G606T, T617C, G618A, T630C, G648A, G670A, T675C, A693G, A702G, T712C, A750T, A796G, A801G, C819T, G821A, T835C, A852G, C855T, C867T, G894A, C981T, T984C, A1029G, C1032T, G1051A, A1054C, A1056G, T1077C, T1098C, G1101A, G1106A, C1117A, A1122G, A1131G, T1143C, A1155G, C1161T, A1165C, C1170T, T1171C, A1179G, T1216C, T1223A, G1230A, C1236T, T1242A, C1269A, C1275T, A1279G, C1287T, G1290A, A1308G, G1330A, G1334A, A1336G, A1344G, T1351C, T1356C, G1362A, C1403T, A1419G, T1422C, C1425T, G1428A, A1434G, C1437T, G1440T, G1445A, T1456C, G1458A, C1462T, A1467G, A1470G, A1472G, C1473T, A1475G, A1480G, G1495A, A1503G, G1504A, C1510T, A1525G, C1527T, A1536G, A1542G, C1554T, C1566T, G1567A	Россия, Омская обл, Большереченский р-н	Vulpes vulpes	24.06.2008	G1
onii005117	G12A, C14T, C18T, C19T, A27C, T42C, T53C, T54C, G87A, C96T, C120T, A144T, C183A, A213G, A223G, G255A, T261A, T273C, C279T, A294C, A305G, C321T, T333C, G348A, A353G, A384G, T390C, C411T, C417T, T465C, G497A, G523A, C525T, G528A, T531G, A540G, G541A, G544A, G546A, C567A, T617C, G618A, G648A, G670A, T675C, A693G, A702G, T712C, A750T, T762C, A796G, A801G, C819T, G821A, T835C, A852G, C855T, C867T, G894A, G921A, C981T, T984C, A1029G, C1032T, C1053T, A1054C, A1056G, T1077C, T1098C, G1101A, G1104A, A1122G, A1131G, T1143C, T1150C, A1152G, A1155G, C1161T, A1165C, C1170T, T1171C, A1173G, T1216C, T1223A, A1224G, G1230A, C1236T, T1242G, C1269A, C1275T, A1279G, C1287T, A1308G, G1330A, G1334A, A1336G, A1344G, T1351C, T1356C, G1362A, G1395A, C1403T, A1419G, T1422C, C1425T, G1428A, C1437T, G1440T, G1445A, T1456C, G1458A, C1462T, A1467G, A1470G, A1472G, A1475G, A1480G, G1495A, A1503G, G1504A, C1510T, G1524A, A1525G, C1527T, A1536G, A1542G, C1548T, C1554T, C1566T, G1567A	Россия, Омская обл, Муромцевский р-н	Vulpes vulpes	24.04.2008	G5
onii005118	A11T, G12A, C14T, C18T, C19T, G48T, T53C, T54C, A60G, G87A, T90C, C96T, C120T, A144T, C183A, A223G, G231A, A243G, T249C, G255A, T261A, C279T, A294C, A305G, C321T, A330G, C372T, A384G, T390C, C417T, T465C, G497A, G523A, C525T, G528A, T531G, A540G, G541A, G544A, G546A, C558T, C567A, C605T, T617C, G618A, T639C, G648A, G670A, T675C, A693G, A702G, T705C, T712C, A750T, A796G, A801G, C819T, G821A, T834C, T835C, A852G, C855T, C867T, G894A, C981T, T984C, A1029G, C1032T, A1054C, A1056G, T1077C, T1098C, G1101A, A1122G, A1131G, T1143C, A1155G, C1161T, A1165C, C1170T, T1171C, A1173G, A1188G, T1216C, T1223A, G1230A, C1236T, T1242G, C1251T, C1269A, C1275T, A1279G, C1287T, A1308G, G1330A, G1334A, A1336G, A1344G, T1351C, T1356C, G1362A, C1403T, A1419G, T1422C, C1425T, G1428A, A1434G, C1437T, G1440T, G1445A, T1456C, G1458A, C1462T, T1464C, A1467G, A1470G, A1472G, A1475G, T1478C, A1480G, G1495A, A1503G, G1504A, C1510T, A1525G, C1527T, A1536G, A1542G, C1554T, C1566T, G1567A, C1570T	Россия, Омская обл, Большереченский р-н	Vulpes vulpes	24.06.2008	G2
onii005119	A11T, G12A, C14T, C18T, C19T, T53C, T54C, G87A, C96T, C120T, C126T, A144T, C183A, A223G, G255A, T261A, T273C, C279T, A294C, C303T, A305G, C321G, A384G, T390C, C417T, T465C, G497A, G523A, C525T, G528A, T531G, C536T, A540G, G541A, G544A, G546A, C567A, G606T, T617C, G618A, T630C, G648A, G670A, G672A, T675C, A693G, A702G, T712C, A750T, A796G, A801G, C819T, G821A, T835C, A852G, C855T, C867T, G894A, C981T, T984C, A1029G, C1032T, G1051A, A1054C, A1056G, T1077C, T1098C, G1101A, G1106A, C1117A, A1122G, A1131G, T1143C, A1155G, C1161T, A1165C, C1170T, T1171C, A1179G, T1216C, T1223A, G1230A, C1236T, T1242A, C1269A, C1275T, A1279G, C1287T, G1290A, A1308G, G1330A, G1334A, A1336G, A1344G, T1351C, T1356C, G1362A, C1403T, A1419G, T1422C, C1425T, G1428A, A1434G, C1437T, G1440T, G1445A, T1456C, G1458A, C1462T, A1467G, A1470G, A1472G, C1473T, A1475G, A1480G, G1495A, A1503G, G1504A, C1510T, A1525G, C1527T, A1536G, A1542G, C1554T, C1566T, G1567A	Россия, Омская обл, Большереченский р-н	Vulpes vulpes	25.07.2008	G1
onii005120	G12A, C14T, C18T, C19T, A27C, T42C, T53C, T54C, G87A, C96T, C120T, A144T, C183A, A213G, A223G, G255A, T261A, T273C, C279T, A294C, A305G, C321T, T333C, G348A, A353G, A384G, T390C, C411T, C417T, T465C, G497A, G523A, C525T, G528A, T531G, A540G, G541A, G544A, G546A, C567A, T617C, G618A, G648A, G670A, T675C, A693G, A702G, T712C, A750T, T762C, A796G, A801G, C819T, G821A, T835C, A852G, C855T, C867T, G894A, G921A, C981T, T984C, A1029G, C1032T, C1053T, A1054C, A1056G, T1077C, T1098C, G1101A, G1104A, A1122G, A1131G, T1143C, T1150C, A1152G, A1155G, C1161T, A1165C, C1170T, T1171C, A1173G, T1216C, T1223A, A1224G, G1230A, C1236T, T1242G, C1269A, C1275T, A1279G, C1287T, A1308G, G1330A, G1334A, A1336G, A1344G, T1351C, T1356C, G1362A, G1395A, C1403T, A1419G, T1422C, C1425T, G1428A, C1437T, G1440T, G1445A, T1456C, G1458A, C1462T, A1467G, A1470G, A1472G, A1475G, A1480G, G1495A, A1503G, G1504A, C1510T, G1524A, A1525G, C1527T, A1536G, A1542G, C1548T, C1554T, C1566T, G1567A	Россия, Омская обл, Большереченский р-н	Vulpes vulpes	26.04.2008	G5
onii005121	G12A, C14T, C18T, C19T, A27C, T42C, A45G, T53C, T54C, C96T, C120T, A144T, C183A, A213G, A223G, G255A, T261A, T273C, C279T, A294C, A305G, C318T, C321T, T333C, G348A, A350T, A384G, T390C, C411T, C417T, T465C, G497A, G523A, C525T, G528A, T531G, A540G, G541A, G544A, G546A, C567A, T617C, G618A, G648A, G670A, T675C, A693G, A702G, T712C, A750T, T762C, A796G, A801G, C819T, G821A, T835C, A852G, C855T, C867T, G894A, G921A, C981T, T984C, A1029G, C1032T, C1053T, A1054C, A1056G, T1077C, T1098C, G1101A, G1104A, A1122G, A1131G, T1143C, A1152G, A1155G, C1161T, A1165C, C1170T, T1171C, A1173G, T1216C, T1223A, A1224G, G1230A, C1236T, T1242G, C1269A, C1275T, A1279G, C1287T, A1308G, T1325C, G1330A, G1334A, A1336G, A1344G, T1351C, T1356C, G1362A, G1395A, C1403T, A1419G, T1422C, C1425T, G1428A, C1437T, G1440T, T1456C, G1458A, C1462T, A1467G, A1470G, A1472G, A1475G, A1480G, G1495A, A1503G, G1504A, C1510T, A1525G, C1527T, A1536G, A1542G, C1548T, C1554T, C1566T, G1567A	Россия, Омская обл, Тюкалинский р-н	Vulpes vulpes	29.08.2008	G5
onii005122	A11T, G12A, C14T, C18T, C19T, G48T, T53C, T54C, A60G, G87A, T90C, C96T, C120T, T139C, A144T, C183A, A223G, G231A, A243G, T249C, G255A, T261A, C279T, A294C, A305G, C321T, A330G, C372T, A384G, T390C, C417T, T465C, G497A, G523A, C525T, G528A, T531G, A540G, G541A, G544A, G546A, C558T, C567A, C605T, T617C, G618A, T639C, G648A, G670A, T675C, A693G, A702G, T705C, T712C, A750T, A796G, A801G, C819T, G821A, T834C, T835C, A852G, C855T, C867T, G894A, C981T, T984C, A1029G, C1032T, A1054C, A1056G, T1077C, T1098C, G1101A, A1122G, A1131G, T1143C, A1155G, C1161T, A1165C, C1170T, T1171C, A1173G, A1188G, T1216C, T1223A, G1230A, C1236T, T1242G, C1251T, C1269A, C1275T, A1279G, C1287T, A1308G, G1330A, G1334A, A1336G, A1344G, T1351C, T1356C, G1362A, C1403T, A1419G, T1422C, C1425T, G1428A, A1434G, C1437T, G1440T, G1445A, T1456C, G1458A, C1462T, T1464C, A1467G, A1470G, A1472G, A1475G, A1480G, G1495A, A1503G, G1504A, C1510T, A1525G, C1527T, A1536G, A1542G, C1554T, C1566T, G1567A, C1570T	Россия, Омская обл, Большереченский р-н	КРС	24.09.2008	G2
onii005124	A11T, G12A, C14T, C18T, C19T, T53C, T54C, C63T, G87A, C96T, C120T, C126T, A144T, C183A, A223G, G255A, T261A, T273C, C279T, A294C, C303T, A305G, C321G, A384G, T390C, C417T, T465C, G497A, G523A, C525T, G528A, T531G, C536T, A540G, G541A, G544A, G546A, C558T, C567A, G606T, T617C, G618A, T630C, G648A, G670A, G672A, T675C, A693G, A702G, T712C, A750T, A796G, A801G, C819T, G821A, T835C, A852G, C855T, C867T, G894A, C981T, T984C, A1029G, C1032T, G1051A, A1054C, A1056G, A1064G, T1077C, T1098C, G1101A, G1106A, C1117A, A1122G, A1131G, T1143C, A1155G, C1161T, A1165C, C1170T, T1171C, A1179G, T1216C, T1223A, G1230A, C1236T, T1242A, A1267G, C1269A, C1275T, A1279G, C1287T, G1290A, A1308G, G1330A, G1334A, A1336G, A1344G, T1351C, T1356C, G1362A, C1403T, A1419G, T1422C, C1425T, G1428A, A1434G, C1437T, G1440T, G1445A, T1456C, G1458A, C1462T, A1467G, A1470G, A1472G, C1473T, A1475G, A1480G, G1495A, A1503G, G1504A, C1510T, A1525G, C1527T, A1536G, A1542G, C1554T, C1566T, G1567A	Россия, Омская обл, Знаменский р-н	Vulpes vulpes	23.09.2008	G1
onii005125	G12A, C14T, C18T, C19T, A27C, T42C, T53C, T54C, G87A, C96T, C120T, A144T, C183A, A213G, A223G, G255A, T261A, T273C, C279T, A294C, A305G, C321T, T333C, G348A, A353G, A384G, T390C, C411T, C417T, T465C, G497A, G523A, C525T, G528A, T531G, A540G, G541A, G544A, G546A, C567A, T617C, G618A, G648A, G670A, T675C, A693G, A702G, T712C, A750T, T762C, A796G, A801G, C819T, G821A, T835C, A852G, C855T, C867T, G894A, G921A, C981T, T984C, A1029G, C1032T, C1053T, A1054C, A1056G, T1077C, T1098C, G1101A, G1104A, A1122G, A1131G, T1143C, T1150C, A1152G, A1155G, C1161T, A1165C, C1170T, T1171C, A1173G, T1216C, T1223A, A1224G, G1230A, C1236T, T1242G, C1269A, C1275T, A1279G, C1287T, A1308G, G1330A, G1334A, A1336G, A1344G, T1351C, T1356C, G1362A, G1395A, C1403T, A1419G, T1422C, C1425T, G1428A, C1437T, G1440T, G1445A, T1456C, G1458A, C1462T, A1467G, A1470G, A1472G, A1475G, A1480G, G1495A, A1503G, G1504A, C1510T, G1524A, A1525G, C1527T, A1536G, A1542G, C1548T, C1554T, C1566T, G1567A	Россия, Омская обл, Муромцевский р-н	Vulpes vulpes	25.09.2008	G5
onii005126	A11T, G12A, C14T, C18T, C19T, T53C, T54C, G87A, C96T, C120T, C126T, A144T, C183A, A223G, G255A, T261A, T273C, C279T, A294C, C303T, A305G, C321G, A384G, T390C, C417T, T465C, G497A, G523A, C525T, G528A, T531G, C536T, A540G, G541A, G544A, G546A, C567A, G606T, T617C, G618A, T630C, G648A, G670A, T675C, A693G, A702G, T712C, A750T, A796G, A801G, C819T, G821A, T835C, A852G, C855T, C867T, G894A, C981T, T984C, A1029G, C1032T, G1051A, A1054C, A1056G, T1077C, T1098C, G1101A, G1106A, C1117A, A1122G, A1131G, T1143C, A1155G, C1161T, A1165C, C1170T, T1171C, A1179G, T1216C, T1223A, G1230A, C1236T, T1242A, C1269A, C1275T, A1279G, C1287T, G1290A, A1308G, G1330A, G1334A, A1336G, A1344G, T1351C, T1356C, G1362A, C1403T, A1419G, T1422C, C1425T, G1428A, A1434G, C1437T, G1440T, G1445A, T1456C, G1458A, C1462T, A1467G, A1470G, A1472G, C1473T, A1475G, A1480G, G1495A, A1503G, G1504A, C1510T, A1525G, C1527T, A1536G, A1542G, C1554T, C1566T, G1567A	Россия, Омская обл, Большереченский р-н	Vulpes vulpes	15.05.2008	G1
onii005127	A11T, G12A, C14T, C18T, C19T, T53C, T54C, G87A, C96T, C120T, C126T, A144T, C183A, A223G, G255A, T261A, A264G, T273C, C279T, A294C, C303T, A305G, C321G, A384G, T390C, C417T, T465C, G497A, G523A, C525T, G528A, T531G, C536T, A540G, G541A, G544A, G546A, C567A, G606T, T617C, G618A, T630C, G648A, G670A, T675C, A693G, A702G, T712C, A750T, A796G, A801G, C819T, G821A, T835C, A852G, C855T, C867T, G894A, C981T, T984C, A999C, G1023A, A1029G, C1032T, G1051A, A1054C, A1056G, T1077C, T1098C, G1101A, G1106A, C1117A, A1122G, A1131G, T1143C, A1155G, C1161T, A1165C, C1170T, T1171C, T1216C, T1223A, G1230A, C1236T, T1242A, C1269A, C1275T, A1279G, C1287T, G1290A, A1308G, G1330A, G1334A, A1336G, A1344G, T1351C, T1356C, G1362A, C1403T, A1419G, T1422C, C1425T, G1428A, A1434G, C1437T, G1440T, G1445A, T1456C, G1458A, C1462T, A1467G, A1470G, A1472G, C1473T, A1475G, A1480G, G1495A, A1503G, G1504A, C1510T, A1525G, C1527T, A1536G, A1542G, C1554T, C1566T, G1567A	Россия, Омская обл, Одесский р-н	КРС	26.05.2008	G1
onii005128	G12A, C14T, C18T, C19T, T42C, T53C, T54C, G87A, C96T, C120T, C135T, A144T, C183A, A213G, A223G, G255A, T261A, T273C, C279T, A294C, A305G, C321T, T333C, G348A, A384G, T390C, C411T, C417T, T465C, G497A, G523A, C525T, G528A, T531G, A540G, G541A, G544A, G546A, C567A, T617C, G618A, G648A, G670A, T675C, A693G, A702G, T712C, A750T, T762C, A796G, A801G, C819T, G821A, T835C, A852G, C855T, C867T, G894A, G921A, C981T, T984C, A1029G, C1032T, C1053T, A1054C, A1056G, T1077C, T1098C, G1101A, G1104A, A1122G, A1131G, T1143C, A1152G, A1155G, C1161T, A1165C, C1170T, T1171C, A1173G, T1216C, T1223A, A1224G, G1230A, C1236T, T1242G, C1269A, C1275T, A1279G, C1287T, A1308G, G1330A, G1334A, A1336G, A1344G, T1351C, T1356C, G1362A, G1395A, C1403T, A1419G, T1422C, C1425T, G1428A, C1437T, G1440T, G1445A, T1456C, G1458A, C1462T, A1467G, A1470G, A1472G, A1475G, A1480G, G1495A, A1503G, G1504A, C1510T, G1524A, A1525G, C1527T, A1536G, A1542G, C1548T, C1554T, C1566T, G1567A	Россия, Омская обл, Саргатский р-н	Vulpes vulpes	27.05.2008	G5
onii005130	G12A, C14T, C18T, C19T, T42C, T53C, T54C, G87A, C96T, C120T, C135T, A144T, C183A, A213G, A223G, G255A, T261A, T273C, C279T, A294C, A305G, C321T, T333C, G348A, A384G, T390C, C411T, C417T, T465C, G497A, G523A, C525T, G528A, T531G, A540G, G541A, G544A, G546A, C567A, T617C, G618A, G648A, G670A, T675C, A693G, A702G, T712C, A750T, T762C, A796G, A801G, C819T, G821A, T835C, A852G, C855T, C867T, G894A, G921A, C981T, T984C, A1029G, C1032T, C1053T, A1054C, A1056G, T1077C, T1098C, G1101A, G1104A, A1122G, A1131G, T1143C, A1152G, A1155G, C1161T, A1165C, C1170T, T1171C, A1173G, T1216C, T1223A, A1224G, G1230A, C1236T, T1242G, C1269A, C1275T, A1279G, C1287T, A1308G, G1330A, G1334A, A1336G, A1344G, T1351C, T1356C, G1362A, G1395A, C1403T, A1419G, T1422C, C1425T, G1428A, C1437T, G1440T, G1445A, T1456C, G1458A, C1462T, A1467G, A1470G, A1472G, A1475G, A1480G, G1495A, A1503G, G1504A, C1510T, G1524A, A1525G, C1527T, A1536G, A1542G, C1548T, C1554T, C1566T, G1567A	Россия, Омская обл, Саргатский р-н	Canis lupus familiaris	29.05.2008	G5
onii005131	G12A, C14T, C18T, C19T, A27C, T42C, T53C, T54C, G87A, C96T, C120T, A144T, C183A, A213G, A223G, G255A, T261A, T273C, C279T, A294C, A305G, C321T, T333C, G348A, A353G, A384G, T390C, C411T, C417T, T465C, G497A, G523A, C525T, G528A, T531G, A540G, G541A, G544A, G546A, C567A, T617C, G618A, G648A, G670A, T675C, A693G, A702G, T712C, A750T, T762C, A796G, A801G, C819T, G821A, T835C, A852G, C855T, C867T, G894A, G921A, C981T, T984C, A1029G, C1032T, C1053T, A1054C, A1056G, T1077C, T1098C, G1101A, G1104A, A1122G, A1131G, T1143C, T1150C, A1152G, A1155G, C1161T, A1165C, C1170T, T1171C, A1173G, T1216C, T1223A, A1224G, G1230A, C1236T, T1242G, C1269A, C1275T, A1279G, C1287T, A1308G, G1330A, G1334A, A1336G, A1344G, T1351C, T1356C, G1362A, G1395A, C1403T, A1419G, T1422C, C1425T, G1428A, C1437T, G1440T, G1445A, T1456C, G1458A, C1462T, A1467G, A1470G, A1472G, A1475G, A1480G, G1495A, A1503G, G1504A, C1510T, G1524A, A1525G, C1527T, A1536G, A1542G, C1548T, C1554T, C1566T, G1567A	Россия, Омская обл, Колосовский р-н	Vulpes vulpes	30.05.2008	G5
onii005132	A11T, G12A, C14T, C18T, C19T, T53C, T54C, A60G, G87A, T90C, C96T, C120T, A144T, C183A, A223G, G231A, A243G, T249C, G255A, T261A, C279T, A294C, A305G, C321T, A330G, C372T, A384G, T390C, C417T, T465C, G497A, G523A, C525T, G528A, T531G, A540G, G541A, G544A, G546A, C567A, C605T, T617C, G618A, T639C, G648A, G670A, T675C, A693G, A702G, T705C, T712C, A750T, A796G, A801G, C819T, G821A, T834C, T835C, A852G, C855T, C867T, G894A, C981T, T984C, A1029G, C1032T, A1054C, A1056G, T1077C, T1098C, G1101A, A1122G, A1131G, T1143C, A1155G, C1161T, A1165C, C1170T, T1171C, A1173G, A1188G, T1216C, T1223A, G1230A, C1236T, T1242G, C1251T, C1269A, C1275T, A1279G, C1287T, A1308G, C1314T, G1330A, G1334A, A1336G, A1344G, T1351C, T1356C, G1362A, C1403T, A1419G, T1422C, C1425T, G1428A, A1434G, C1437T, G1440T, G1445A, T1456C, G1458A, C1462T, T1464C, A1467G, A1470G, A1472G, A1475G, A1480G, G1495A, A1503G, G1504A, C1510T, A1525G, C1527T, A1536G, A1542G, C1554T, C1566T, G1567A, C1570T	Россия, Омская обл, Нижнеомский р-н	Vulpes vulpes	31.05.2008	G2
onii005133	A11T, G12A, C14T, C18T, C19T, T53C, T54C, A60G, G87A, T90C, C96T, C120T, A144T, C183A, A223G, G231A, A243G, G255A, T261A, C279T, A294C, A305G, C321T, C372T, A384G, T390C, C417T, T465C, G497A, G523A, C525T, G528A, T531G, A540G, G541A, G544A, G546A, C567A, C605T, T617C, G618A, T639C, G648A, G670A, T675C, A693G, A702G, T705C, T712C, A750T, A796G, A801G, C819T, G821A, T834C, T835C, A852G, C855T, C867T, G894A, C981T, T984C, A1029G, C1032T, A1054C, A1056G, T1077C, T1098C, G1101A, A1122G, A1131G, T1143C, A1155G, C1161T, A1165C, C1170T, T1171C, A1173G, A1188G, T1216C, T1223A, G1230A, C1236T, T1242G, C1251T, C1269A, C1275T, A1279G, C1287T, A1308G, C1320A, G1330A, G1334A, A1336G, A1344G, T1351C, T1356C, G1362A, C1403T, A1419G, T1422C, C1425T, G1428A, A1434G, C1437T, G1440T, G1445A, T1456C, G1458A, C1462T, T1464C, A1467G, A1470G, A1472G, A1475G, A1480G, G1495A, A1503G, G1504A, C1510T, A1525G, C1527T, A1536G, A1542G, C1554T, C1566T, G1567A, C1570T	Россия, Алтайский край	КРС	26.07.2008	G2
onii005134	A11T, G12A, C14T, C18T, C19T, C28T, T53C, T54C, G87A, C96T, C120T, C126T, A144T, C183A, A223G, G255A, T261A, T273C, C279T, A294C, C303T, A305G, C321G, A384G, T390C, C417T, T465C, T481C, G497A, G523A, C525T, G528A, T531G, C536T, A540G, G541A, G544A, G546A, C567A, G606T, T617C, G618A, T630C, G648A, G670A, T675C, A693G, A702G, T712C, A750T, A796G, A801G, C819T, G821A, T835C, A852G, C855T, C867T, G894A, C981T, C1005T, A1029G, C1032T, G1051A, A1054C, A1056G, T1065C, T1077C, T1098C, G1101A, G1106A, C1117A, A1122G, A1131G, T1143C, A1155G, C1161T, A1165C, C1170T, T1171C, T1216C, T1223A, G1230A, C1236T, T1242A, C1252T, C1269A, C1275T, A1279G, C1287T, G1290A, A1308G, G1330A, G1334A, A1336G, A1344G, T1351C, T1356C, G1362A, C1403T, A1419G, T1422C, C1425T, G1428A, A1434G, C1437T, G1440T, G1445A, T1456C, G1458A, G1459A, C1462T, A1467G, A1470G, A1472G, C1473T, A1475G, A1480G, G1495A, A1503G, G1504A, C1510T, A1525G, C1527T, A1536G, A1542G, C1554T, C1566T, G1567A	Россия, Алтайский край	Canis lupus familiaris	26.08.2008	G1
onii005135	A11T, G12A, C14T, C18T, C19T, T53C, T54C, A60G, G87A, T90C, C96T, C120T, A144T, C183A, A223G, G231A, A235T, A243G, G255A, T261A, C279T, A294C, A305G, C321T, C372T, A384G, T390C, C417T, T465C, G497A, G523A, C525T, G528A, T531G, A540G, G541A, G544A, G546A, C567A, C605T, T617C, G618A, T639C, G648A, G670A, T675C, A693G, A702G, T705C, T712C, A750T, A771G, A796G, A801G, C819T, G821A, T834C, T835C, A852G, C855T, C867T, G894A, C981T, T984C, A1029G, C1032T, A1054C, A1056G, T1077C, T1098C, G1101A, A1122G, A1131G, T1143C, A1155G, C1161T, A1165C, C1170T, T1171C, A1173G, A1188G, T1209C, T1216C, T1223A, G1230A, C1236T, T1242G, C1251T, C1269A, C1275T, A1279G, C1287T, A1308G, C1320A, G1330A, G1334A, A1336G, A1344G, T1351C, T1356C, G1362A, C1403T, A1419G, T1422C, C1425T, G1428A, A1434G, C1437T, G1440T, G1445A, T1456C, G1458A, C1462T, T1464C, A1467G, A1470G, A1472G, A1475G, A1480G, G1495A, A1503G, G1504A, C1510T, A1525G, C1527T, A1536G, A1542G, C1554T, C1566T, G1567A, C1570T	Россия, Алтайский край	Vulpes vulpes	19.06.2008	G2
onii005136	A11T, G12A, C14T, C18T, C19T, T53C, T54C, A60G, G87A, T90C, C96T, C120T, A144T, C183A, A223G, G231A, A243G, G255A, G258A, T261A, C279T, A294C, A305G, C321T, C372T, A384G, T390C, C417T, T465C, G497A, G523A, C525T, G528A, T531G, A540G, G541A, G544A, G546A, C567A, C605T, T617C, G618A, T639C, G648A, G670A, T675C, A693G, A702G, T705C, T712C, A750T, A796G, A801G, C819T, G821A, T834C, T835C, A852G, C855T, C867T, G894A, C981T, T984C, A1029G, C1032T, A1054C, A1056G, T1077C, T1098C, G1101A, A1122G, A1131G, T1143C, A1155G, C1161T, A1165C, C1170T, T1171C, A1173G, A1188G, T1216C, T1223A, G1230A, C1236T, T1242G, C1251T, C1269A, C1275T, A1279G, C1287T, A1308G, C1320A, G1330A, G1334A, A1336G, A1344G, T1351C, T1356C, G1362A, C1403T, A1419G, T1422C, C1425T, G1428A, A1434G, C1437T, G1440T, G1445A, T1456C, G1458A, C1462T, T1464C, A1467G, A1470G, A1472G, A1475G, A1480G, G1495A, A1503G, G1504A, C1510T, A1525G, C1527T, A1536G, A1542G, C1554T, C1566T, G1567A, C1570T	Россия, Алтайский край	КРС	27.05.2008	G2
onii005137	A11T, G12A, C14T, C18T, C19T, T53C, T54C, A60G, G87A, T90C, C96T, C120T, A144T, C183A, A223G, G231A, A243G, G255A, G258A, T261A, C279T, A294C, A305G, C321T, C372T, A384G, T390C, C417T, T465C, G497A, G523A, C525T, G528A, T531G, A540G, G541A, G544A, G546A, C567A, C605T, T617C, G618A, T639C, G648A, G670A, T675C, A702G, T705C, T712C, A750T, A796G, A801G, C819T, G821A, T834C, T835C, A852G, C855T, C867T, G894A, C981T, T984C, A1029G, C1032T, A1054C, A1056G, T1077C, T1098C, G1101A, A1122G, A1131G, T1143C, A1155G, C1161T, A1165C, C1170T, T1171C, A1173G, A1188G, T1216C, T1223A, G1230A, C1236T, T1242G, C1251T, C1269A, C1275T, A1279G, C1287T, A1308G, C1320A, G1330A, G1334A, A1336G, A1344G, T1351C, T1356C, G1362A, C1403T, A1419G, T1422C, C1425T, G1428A, A1434G, C1437T, G1440T, G1445A, T1456C, G1458A, C1462T, T1464C, A1467G, A1470G, A1472G, A1475G, A1480G, G1495A, A1503G, G1504A, C1510T, A1525G, C1527T, A1536G, A1542G, C1554T, C1566T, G1567A, C1570T	Россия, Алтайский край	Vulpes vulpes	21.07.2008	G2
onii005138	A11T, G12A, C14T, C18T, C19T, T53C, T54C, G87A, C96T, C120T, C126T, A144T, C183A, A223G, G255A, T261A, T273C, C279T, A294C, C303T, A305G, C321G, A384G, T390C, C417T, T465C, G497A, G523A, C525T, G528A, T531G, C536T, A540G, G541A, G544A, G546A, C567A, G606T, T617C, G618A, T630C, G648A, G670A, G672A, T675C, A693G, A702G, T712C, A750T, A796G, A801G, C819T, G821A, T835C, A852G, C855T, C867T, G894A, C981T, T984C, A1029G, C1032T, G1051A, A1054C, A1056G, T1077C, T1098C, G1101A, G1106A, C1117A, A1122G, A1131G, T1143C, A1155G, C1161T, A1165C, C1170T, T1171C, A1179G, T1216C, T1223A, G1230A, C1236T, T1242A, C1269A, C1275T, A1279G, C1287T, G1290A, A1308G, G1330A, G1334A, A1336G, A1344G, T1351C, T1356C, G1362A, C1403T, A1419G, T1422C, C1425T, G1428A, A1434G, C1437T, G1440T, G1445A, T1456C, G1458A, C1462T, A1467G, A1470G, A1472G, C1473T, A1475G, A1480G, G1495A, A1503G, G1504A, C1510T, A1525G, C1527T, A1536G, A1542G, C1554T, C1566T, G1567A	Россия, Омская обл, Саргатский р-н	Canis lupus familiaris	27.08.2009	G1
onii005139	A11T, G12A, C14T, C18T, C19T, T53C, T54C, G87A, C96T, C120T, C126T, A144T, C183A, A223G, G255A, T261A, A264G, T273C, C279T, A294C, C303T, A305G, C321G, A384G, T390C, C417T, T465C, G497A, G523A, C525T, G528A, T531G, C536T, A540G, G541A, G544A, G546A, C567A, G606T, T617C, G618A, T630C, G648A, G670A, T675C, A693G, A702G, T712C, A750T, A796G, A801G, C819T, G821A, T835C, A852G, C855T, C867T, G894A, C981T, T984C, A999C, G1023A, A1029G, C1032T, G1051A, A1054C, A1056G, T1077C, T1098C, G1101A, G1106A, C1117A, A1122G, A1131G, T1143C, A1155G, C1161T, A1165C, C1170T, T1171C, T1216C, T1223A, G1230A, C1236T, T1242A, C1269A, C1275T, A1279G, C1287T, G1290A, A1308G, G1330A, G1334A, A1336G, A1344G, T1351C, T1356C, G1362A, C1403T, A1419G, T1422C, C1425T, G1428A, A1434G, C1437T, G1440T, G1445A, T1456C, G1458A, C1462T, A1467G, A1470G, A1472G, C1473T, A1475G, A1480G, G1495A, A1503G, G1504A, C1510T, A1525G, C1527T, A1536G, A1542G, C1554T, C1566T, G1567A	Россия, Омская обл, Азовский немецкий национальный р-н	Vulpes vulpes	28.08.2009	G1
onii005141	A11T, G12A, C14T, C18T, C19T, T53C, T54C, G87A, C96T, C120T, C126T, A144T, C183A, A223G, G255A, T261A, T273C, C279T, A294C, C303T, A305G, C321G, A384G, T390C, C417T, T465C, G497A, G523A, C525T, G528A, T531G, C536T, A540G, G541A, G544A, G546A, C567A, G606T, T617C, G618A, T630C, G648A, G670A, G672A, T675C, A693G, A702G, T712C, A750T, A796G, A801G, C819T, G821A, T835C, A852G, C855T, C867T, G894A, C981T, T984C, A1029G, C1032T, G1051A, A1054C, A1056G, T1077C, T1098C, G1101A, G1106A, C1117A, A1122G, A1131G, T1143C, A1155G, C1161T, A1165C, C1170T, T1171C, A1179G, T1216C, T1223A, G1230A, C1236T, T1242A, C1269A, C1275T, A1279G, C1287T, G1290A, A1308G, G1330A, G1334A, A1336G, A1344G, T1351C, T1356C, G1362A, C1403T, A1419G, T1422C, C1425T, G1428A, A1434G, C1437T, G1440T, G1445A, T1456C, G1458A, C1462T, A1467G, A1470G, A1472G, C1473T, A1475G, A1480G, G1495A, A1503G, G1504A, C1510T, A1525G, C1527T, A1536G, A1542G, C1554T, C1566T, G1567A	Россия, Омская обл, Большереченский р-н	Vulpes vulpes	09.10.2009	G1
onii005142	A11T, G12A, C14T, C18T, C19T, T53C, T54C, G87A, C96T, C120T, C126T, A144T, C183A, A223G, G255A, T261A, T273C, C279T, A294C, C303T, A305G, C321G, A384G, T390C, C417T, T465C, G497A, G523A, C525T, G528A, T531G, C536T, A540G, G541A, G544A, G546A, C567A, G606T, T617C, G618A, T630C, G648A, G670A, G672A, T675C, A693G, A702G, T712C, A750T, A796G, A801G, C819T, G821A, T835C, A852G, C855T, A858G, C867T, G894A, C981T, T984C, A1029G, C1032T, G1051A, A1054C, A1056G, T1077C, T1098C, G1101A, G1106A, C1117A, A1122G, A1131G, T1143C, A1155G, C1161T, A1165C, C1170T, T1171C, A1179G, T1216C, T1223A, G1230A, C1236T, T1242A, C1269A, C1275T, A1279G, C1287T, G1290A, A1308G, G1330A, G1334A, A1336G, A1344G, T1351C, T1356C, G1362A, C1403T, A1419G, T1422C, C1425T, G1428A, A1434G, C1437T, G1440T, G1445A, T1456C, G1458A, A1461G, C1462T, A1467G, A1470G, A1472G, C1473T, A1475G, A1480G, G1495A, A1503G, G1504A, C1510T, A1525G, C1527T, A1536G, A1542G, C1554T, C1566T, G1567A	Россия, Омская обл, Тюкалинский р-н	Vulpes vulpes	29.11.2009	G1
onii005300	A11T, G12A, C14T, T17C, C18T, C19T, T53C, T54C, G87A, C120T, C123T, A144T, A163G, C183A, C207T, A223G, C234T, A243G, G255A, T261A, C267T, T273G, C279T, A294C, A305G, T315C, C321T, A384G, T390C, C417T, T465C, G497A, C519T, G523A, C525T, G528A, T531G, C534T, A540G, G541A, G544A, G546A, C561T, C567A, C585T, C605T, T617C, G618A, G648A, A663G, G670A, T675C, A693G, A702G, T712C, A750T, A796G, A797G, A801G, C819T, G821A, T835C, A852T, C855T, C867T, G894A, T967C, A969G, C981T, T984C, A1029G, C1032T, A1054C, A1056G, T1077C, G1086T, T1098C, G1101A, A1122G, A1131G, T1143C, A1152G, A1155G, C1161T, A1165C, C1170T, T1171C, T1209C, T1219C, T1223A, G1230A, C1236T, T1242G, C1269A, C1275T, A1279G, C1287T, A1308G, G1330A, G1334A, A1336G, T1351C, T1356C, G1362A, A1364G, T1377C, G1378A, C1403T, A1419G, T1422C, C1425T, G1428A, A1434G, C1437T, T1438C, G1440T, G1442A, G1445A, G1447T, C1449T, T1456C, G1458A, C1462T, A1467G, A1470G, A1472G, A1475G, A1480G, G1495A, A1503G, G1504A, C1510T, A1516G, A1525G, C1527T, A1536G, A1542G, C1548T, C1554T, C1566T, G1567A	Россия, Респ Бурятия, Тарбагатайский р-н	Vulpes vulpes	01.02.2025	G4
onii005301	A11T, G12A, C14T, T17C, C18T, C19T, T53C, T54C, G87A, C120T, C123T, A144T, A163G, C183A, C207T, A223G, C234T, A243G, G255A, T261A, C267T, T273G, C279T, A294C, A305G, T315C, C321T, A384G, T390C, C417T, T465C, G497A, C519T, G523A, C525T, G528A, T531G, C534T, A540G, G541A, G544A, G546A, C561T, C567A, C585T, C605T, T617C, G618A, G648A, A663G, G670A, T675C, A693G, A702G, T712C, A750T, A796G, A797G, A801G, C819T, G821A, T835C, A852T, C855T, C867T, G894A, T967C, A969G, C981T, T984C, A1029G, C1032T, A1054C, A1056G, T1077C, G1086T, T1098C, G1101A, A1122G, A1131G, T1143C, A1152G, A1155G, C1161T, A1165C, C1170T, T1171C, T1209C, T1219C, T1223A, G1230A, C1236T, T1242G, C1269A, C1275T, A1279G, C1287T, A1308G, G1330A, G1334A, A1336G, T1351C, T1356C, G1362A, T1377C, G1378A, C1403T, A1419G, T1422C, C1425T, G1428A, A1434G, C1437T, T1438C, G1440T, G1442A, G1445A, G1447T, C1449T, T1456C, G1458A, C1462T, A1467G, A1470G, A1472G, A1475G, A1480G, G1495A, A1503G, G1504A, C1510T, A1516G, A1525G, C1527T, A1536G, A1542G, C1548T, C1554T, C1566T, G1567A	Россия, Респ Бурятия, Тарбагатайский р-н	Vulpes vulpes	10.02.2025	G4
onii005336	A11T, G12A, C14T, C18T, C19T, C28T, T53C, T54C, A60G, G87A, T90C, C96T, C120T, A144T, C183A, T195C, A223G, G231A, T237G, A243G, T249C, G255A, T261A, C279T, A294C, G300A, A305G, C321T, A324G, C372T, A384G, T390C, C417T, T465C, G497A, G523A, C525T, G528A, T531G, A540G, G541A, G544A, G546A, C567A, C605T, T617C, G618A, T639C, G648A, G670A, T675C, A693G, A702G, T705C, T712C, A750T, G783A, A796G, A801G, C819T, G821A, T834C, T835C, A852G, C855T, C867T, G894A, C981T, T984C, A1029G, C1032T, A1054C, A1056G, T1077C, T1098C, G1101A, A1122G, A1131G, T1143C, A1155G, C1161T, A1165C, C1170T, T1171C, A1173G, A1188G, T1216C, T1223A, G1230A, C1236T, T1242G, C1251T, C1269A, C1275T, A1279G, C1287T, A1308G, G1330A, G1334A, A1336G, A1344G, T1351C, T1356C, G1362A, C1403T, A1419G, T1422C, C1425T, G1428A, C1437T, G1440T, G1445A, T1456C, G1458A, C1462T, T1464C, A1467G, A1470G, A1472G, A1475G, A1480G, G1495A, A1503G, G1504A, C1510T, A1525G, C1527T, A1536G, A1542G, C1554T, C1566T, G1567A, C1570T	Россия, Алтайский край, г Барнаул	Vulpes vulpes	26.08.2013	G2
onii005338	G12A, C14T, C18T, C19T, T53C, T54C, T66C, G87A, C96T, C120T, A144T, C183A, A223G, A243G, G255A, T261A, C279T, A294C, A305G, C321T, A384G, T390C, C417T, T465C, G497A, G523A, C525T, G528A, T531G, C536T, A540G, G541A, G544A, G546A, C567A, T617C, G618A, G648A, G670A, T675C, A693G, A702G, T712C, A750T, A796G, A801G, C819T, G821A, T835C, A852G, C855T, C867T, G894A, A918G, C981T, T984C, A1029G, C1032T, A1054C, A1056G, T1077C, T1098C, G1101A, A1122G, A1131G, T1143C, A1155G, C1161T, A1165C, C1170T, T1171C, T1216C, T1223A, G1230A, C1236T, T1242G, T1266C, C1269A, C1275T, A1279G, C1287T, A1308G, C1320T, G1330A, G1334A, A1336G, A1344G, T1351C, T1356C, G1362A, C1403T, G1410A, A1419G, T1422C, C1425T, G1428A, G1440T, G1445A, T1456C, G1458A, C1462T, A1467G, A1470G, A1472G, A1475G, A1480G, A1482G, G1495A, A1503G, G1504A, C1510T, A1525G, C1527T, A1536G, A1542G, C1548T, C1554T, C1566T, G1567A	Россия, Алтайский край, г Барнаул	Vulpes vulpes	26.08.2013	G1
onii005339	G12A, C14T, C18T, C19T, T42C, T53C, T54C, G87A, T90C, C96T, C111T, C120T, T139C, A144T, A156G, C183A, A223G, A243G, T261A, C279T, A294C, A305G, C321T, G348A, A384G, T390C, C417T, T465C, G497A, G523A, C525T, G528A, T531G, A540G, G541A, G544A, G546A, C567A, A609G, T617C, G618A, G648A, G670A, T675C, A693G, A702G, T712C, A714G, A750C, T762C, A796G, A801G, A802G, C819T, G821A, T835C, A852G, C855T, C867T, G885A, G894A, A915G, A942G, C981T, T984C, T990C, A996G, A1029G, C1032T, G1047A, A1054C, A1056G, T1059C, T1077C, T1098C, G1101A, A1122G, A1131G, T1143C, A1155G, C1161T, A1165C, C1170T, T1171C, A1173G, T1216C, T1223A, G1230A, C1236T, T1242G, C1248T, C1269A, T1272C, C1275T, A1279G, C1287T, T1305C, A1308G, G1330A, G1334A, A1336G, A1344G, T1351C, T1356C, G1362A, C1403T, A1419G, T1422C, C1425T, G1428A, C1437T, G1440T, G1445A, T1456C, G1458A, C1462T, A1467G, A1470G, A1472G, A1475G, A1480G, G1495A, A1503G, G1504A, C1510T, A1525G, C1527T, A1536G, A1542G, C1548T, C1554T, C1566T, G1567A	Россия, Челябинская область, г Челябинск	Canis lupus familiaris	05.12.2025	G16
onii005341	G12A, C14T, C18T, C19T, T53C, T66C, G87A, C96T, C120T, A144T, C183A, A223G, A243G, G255A, T261A, C279T, A294C, A305G, C321T, A384G, T390C, C417T, T465C, G497A, G523A, C525T, G528A, T531G, A540G, G541A, G544A, G546A, C567A, T617C, G618A, G648A, G670A, T675C, A693G, A702G, T712C, A750T, A796G, A801G, C819T, G821A, T835C, A852G, C855T, C867T, G894A, C981T, T984C, A1029G, C1032T, A1054C, A1056G, T1077C, T1098C, G1101A, A1122G, A1131G, T1143C, A1155G, C1161T, A1165C, C1170T, T1171C, T1216C, T1223A, G1230A, C1236T, T1242G, C1269A, C1275T, A1279G, C1287T, A1308G, G1330A, G1334A, A1336G, A1344G, T1351C, T1356C, G1362A, C1403T, A1419G, T1422C, C1425T, G1428A, G1440T, G1445A, T1456C, G1458A, C1462T, A1467G, A1470G, A1472G, A1475G, A1480G, G1495A, A1503G, G1504A, C1510T, A1525G, C1527T, A1536G, A1542G, C1548T, C1554T, C1566T, G1567A	Россия, Челябинская область, г Челябинск	Vulpes vulpes	05.12.2025	G1
onii005342	G12A, C14T, C18T, C19T, T49A, T53C, T66C, G87A, T93C, C96T, C120T, G141A, A144T, A174G, C183A, A223G, A243G, G255A, T261A, C279T, T288C, A294C, A305G, C321T, A384G, T390C, C414T, C417T, T465C, A489C, G497A, G523A, C525T, G528A, T531G, C536T, A540G, G541A, G544A, G546A, C567G, T617C, G618A, T630C, G648A, G670A, T675C, A693G, A702G, T712C, A750T, C780T, A796G, A801G, C819T, G821A, T835C, C840T, A852G, C855T, C867T, G894A, G903A, A918G, C936T, G939A, C981T, T984C, A1029G, C1032T, A1054C, A1056G, T1098C, G1101A, T1116C, A1122G, A1131G, C1137T, T1143C, A1155G, C1161T, A1165C, C1170T, T1171C, T1209C, T1216C, T1223A, G1230A, C1236T, T1242G, T1266C, C1269A, C1275T, A1279G, C1287T, A1308G, C1320T, G1330A, G1334A, A1336G, A1344G, T1351C, T1356C, G1362A, A1363G, C1403T, G1410A, A1419G, T1422C, C1425T, G1428A, G1440T, G1445A, T1456C, G1458A, C1462T, A1467G, A1470G, A1472G, A1475G, A1480G, A1482G, G1495A, A1503G, G1504A, C1506A, C1510T, A1525G, C1527T, A1536G, A1542G, C1548T, C1554T, G1563A, C1566T, G1567A	Россия, Челябинская область, г Челябинск	Nyctereutes procyonoides	09.11.2025	G1
onii005346	G12A, C14T, C18T, C19T, T49A, T53C, T66C, G87A, T93C, C96T, C120T, G141A, A144T, A174G, C183A, A223G, A243G, G255A, T261A, C279T, T288C, A294C, A305G, C321T, A384G, T390C, C414T, C417T, T465C, G497A, G523A, C525T, G528A, T531G, C536T, A540G, G541A, G544A, G546A, C567G, T617C, G618A, T630C, G648A, G670A, T675C, A693G, A702G, T712C, A750T, C780T, A796G, A801G, C819T, G821A, T835C, A852G, C855T, C867T, G894A, G903A, A918G, C936T, C981T, T984C, A1029G, C1032T, A1054C, A1056G, T1077C, G1101A, T1116C, A1122G, A1131G, T1143C, A1155G, C1161T, A1165C, C1170T, T1171C, T1216C, T1223A, G1230A, C1236T, T1242G, T1266C, C1269A, C1275T, A1279G, C1287T, A1308G, C1320T, G1330A, G1334A, A1336G, A1344G, T1351C, T1356C, G1362A, C1403T, G1410A, A1419G, T1422C, C1425T, G1428A, G1440T, G1445A, T1456C, G1458A, C1462T, A1467G, A1470G, A1472G, A1475G, A1480G, A1482G, G1495A, A1503G, G1504A, C1506A, C1510T, A1525G, C1527T, A1536G, A1542G, C1548T, C1554T, C1566T, G1567A	Россия, Московская область, г Раменское	Vulpes vulpes	03.12.2025	G1
onii005347	G12A, C14T, C18T, C19T, T49A, T53C, T66C, G87A, T93C, C96T, C120T, G141A, A144T, A174G, C183A, A223G, A243G, G255A, T261A, C279T, A294C, A305G, C321T, A384G, T390C, C414T, C417T, T465C, G497A, G523A, C525T, G528A, T531G, C536T, A540G, G541A, G544A, G546A, C567A, T617C, G618A, G648A, G670A, T675C, A693G, A702G, T712C, A750T, C780T, A796G, A801G, C819T, G821A, T835C, A852G, C855T, C867T, G894A, G903A, A918G, C936T, C981T, T984C, A1029G, C1032T, A1054C, A1056G, T1077C, G1101A, A1122G, A1131G, T1143C, A1155G, C1161T, A1165C, C1170T, T1171C, T1216C, T1223A, G1230A, C1236T, T1242G, T1266C, C1269A, C1275T, A1279G, C1287T, A1308G, C1320T, G1330A, G1334A, A1336G, A1344G, T1351C, T1356C, G1362A, C1403T, G1410A, A1419G, T1422C, C1425T, G1428A, G1440T, G1445A, T1456C, G1458A, C1462T, A1467G, A1470G, A1472G, A1475G, A1480G, A1482G, G1495A, A1503G, G1504A, C1510T, A1525G, C1527T, A1536G, A1542G, C1548T, C1554T, C1566T, G1567A	Россия, Московская область, г Ступино	Vulpes vulpes	03.12.2025	G1
onii005348	G12A, C14T, C18T, C19T, T49A, T53C, T66C, C72T, G87A, T93C, C96T, C120T, G141A, A144T, A174G, C183A, A223G, A243G, G255A, T261A, C279T, T288C, A294C, A305G, C321T, T339C, T369G, A384G, T390C, C414T, C417T, A435G, T465C, A489C, G497A, G523A, C525T, G528A, T531G, C536T, A540G, G541A, G544A, G546A, C567G, T579C, T617C, G618A, T630C, G648A, G670A, T675C, A687G, A693G, A702G, T712C, A750T, C780T, A796G, A801G, C819T, G821A, T835C, A852G, C855T, C867T, G894A, G903A, A918G, G921A, C936T, C981T, T984C, A1029G, C1032T, A1054C, A1056G, T1077C, T1098C, G1101A, T1116C, A1122G, A1131G, T1143C, A1155G, C1161T, A1165C, C1170T, T1171C, T1216C, T1223A, G1230A, C1236T, T1242G, T1266C, C1269A, C1275T, A1279G, C1287T, A1308G, C1320T, G1330A, G1334A, A1336G, A1344G, T1351C, T1356C, G1362A, A1363G, A1392G, C1403T, G1410A, A1419G, T1422C, C1425T, G1428A, G1440T, G1445A, T1456C, G1458A, C1462T, A1467G, A1470G, A1472G, A1475G, A1480G, A1482G, G1495A, A1496G, A1503G, G1504A, C1506A, C1510T, A1525G, C1527T, A1536G, A1542G, C1548T, C1554T, C1566T, G1567A	Россия, Республика Татарстан, г Елабуга	Vulpes vulpes	28.11.2025	G1
onii005349	G12A, C14T, C18T, C19T, T49A, T53C, T66C, G87A, T93C, C96T, C120T, G141A, A144T, C183A, A223G, A243G, G255A, T261A, C279T, A294C, A305G, C321T, A384G, T390C, C414T, C417T, T465C, G497A, G523A, C525T, G528A, T531G, C536T, A540G, G541A, G544A, G546A, C567G, T617C, G618A, G648A, G670A, T675C, A693G, A702G, T712C, A750T, C780T, A796G, A801G, C819T, G821A, T835C, A852G, C855T, C867T, G894A, G903A, A918G, C936T, C981T, T984C, A1029G, C1032T, A1054C, A1056G, T1077C, T1098C, G1101A, A1122G, A1131G, T1143C, A1155G, C1161T, A1165C, C1170T, T1171C, T1216C, T1223A, G1230A, C1236T, T1242G, T1266C, C1269A, C1275T, A1279G, C1287T, A1308G, C1320T, G1330A, G1334A, A1336G, A1344G, T1351C, T1356C, G1362A, C1403T, G1410A, A1419G, T1422C, C1425T, G1428A, G1440T, T1456C, G1458A, C1462T, A1467G, A1470G, A1472G, A1475G, A1480G, G1495A, A1503G, G1504A, C1510T, A1525G, C1527T, A1536G, A1542G, C1548T, C1554T, C1566T, G1567A	Россия, Челябинская область, г Челябинск	Nyctereutes procyonoides	12.11.2025	G1
onii005350	G12A, C14T, C18T, C19T, T49A, T53C, T66C, G87A, T93C, C120T, G141A, A144T, A174G, C183A, A223G, A243G, G255A, T261A, C279T, T288C, A294C, A305G, C321T, A384G, T390C, C414T, C417T, T465C, G497A, G523A, C525T, G528A, T531G, C536T, A540G, G541A, G544A, G546A, C567G, T617C, G618A, T630C, G648A, G670A, T675C, A693G, A702G, T712C, A750T, C780T, A796G, A801G, C819T, G821A, T835C, A852G, C855T, C867T, G894A, G903A, A918G, C936T, C981T, T984C, A1029G, C1032T, A1054C, A1056G, T1077C, T1098C, G1101A, A1122G, A1131G, T1143C, A1155G, C1161T, A1165C, C1170T, T1171C, T1216C, T1223A, G1230A, C1236T, T1242G, T1266C, C1269A, C1275T, A1279G, C1287T, A1308G, C1320T, G1330A, G1334A, A1336G, A1344G, T1351C, T1356C, G1362A, C1403T, G1410A, A1419G, T1422C, C1425T, G1428A, G1440T, G1445A, T1456C, G1458A, C1462T, A1467G, A1470G, A1472G, A1475G, A1480G, G1495A, A1503G, G1504A, C1510T, A1525G, C1527T, A1536G, A1542G, C1548T, C1554T, C1566T, G1567A	Россия, Челябинская область, г Челябинск	Felis catus	12.11.2025	G1
onii005351	G12A, C14T, C18T, C19T, T49A, T53C, T66C, G87A, T93C, C96T, C120T, G141A, A144T, A174G, C183A, A187G, A223G, A243G, G255A, T261A, C279T, T288C, A294C, A305G, C321T, A384G, T390C, C414T, C417T, T465C, A489C, G497A, G523A, C525T, G528A, T531G, C536T, A540G, G541A, G544A, G546A, C567G, T617C, G618A, T630C, G648A, G670A, T675C, A693G, A702G, T712C, A750T, C780T, A796G, A801G, C819T, G821A, T835C, C840T, A852G, C855T, C867T, G894A, G903A, A918G, C936T, G939A, C981T, T984C, A1029G, C1032T, A1054C, A1056G, T1098C, G1101A, T1116C, A1122G, A1131G, C1137T, T1143C, A1155G, C1161T, A1165C, C1170T, T1171C, T1209C, T1216C, T1223A, G1230A, C1236T, T1242G, T1266C, C1269A, C1275T, A1279G, C1287T, A1308G, C1320T, G1330A, G1334A, A1336G, A1344G, T1351C, T1356C, G1362A, A1363G, C1403T, G1410A, A1419G, T1422C, C1425T, G1428A, G1440T, G1445A, T1456C, G1458A, C1462T, A1467G, A1470G, A1472G, A1475G, A1480G, A1482G, G1495A, A1496G, A1503G, G1504A, C1506A, C1510T, A1525G, C1527T, A1536G, A1542G, C1548T, C1554T, G1563A, C1566T, G1567A	Россия, Челябинская область, г Челябинск	Vulpes vulpes	12.11.2025	G1
onii005354	A11T, G12A, C14T, C18T, T53C, T54C, G87A, T90G, C96T, C120T, C123T, A144T, A163G, C183A, C207T, A223G, C234T, A243G, G255A, G258A, T261A, C267T, C279T, A294C, A305G, C321T, T369C, A384G, T390C, C417T, T465C, G497A, G523A, C525T, G528A, T531G, C534T, A540G, G541A, G544A, G546A, C561T, C567A, C585T, C605T, T617C, G618A, G648A, A667G, G670A, T675C, A693G, A702G, T712C, A714G, A750T, A796G, A797G, A801G, C819T, G821A, T835C, A852T, C855T, C867T, G894A, G903A, A969G, C981T, T984C, A1029G, C1032T, A1054C, A1056G, T1077C, G1086T, T1098C, G1101A, G1104A, A1122G, A1131G, T1143C, A1155G, C1161T, A1165C, C1170T, T1171C, T1216C, T1223A, G1230A, C1236T, T1242G, C1269A, C1275T, A1279G, C1287T, A1308G, G1326A, G1330A, G1334A, A1336G, T1347C, T1351C, T1356C, G1362A, G1378A, A1402G, C1403T, T1408C, A1419G, T1422C, C1425T, G1428A, A1434G, C1437T, G1440T, G1445A, G1447T, T1456C, G1458A, C1462T, A1467G, A1470G, A1472G, A1475G, A1480G, G1495A, G1497A, A1503G, G1504A, T1509A, C1510T, A1516G, A1525G, C1527T, A1536G, A1542G, A1545T, C1548T, C1554T, C1566T, G1567A	Россия, Красноярский край, г Минусинск	Vulpes vulpes	22.10.2025	G6
onii005355	A11T, G12A, C14T, C18T, C19T, T53C, T54C, G87A, T90G, C96T, C120T, C123T, A144T, A163G, C183A, C207T, A223G, C234T, A243G, G255A, G258A, T261A, C267T, C279T, A294C, A305G, C321T, T369C, A384G, T390C, C417T, T465C, G497A, G523A, C525T, G528A, T531G, C534T, A540G, G541A, G544A, G546A, C561T, C567A, C585T, C605T, T617C, G618A, G648A, A667G, G670A, T675C, A693G, A702G, T712C, A714G, A750T, A796G, A797G, A801G, C819T, G821A, T835C, A852T, C855T, C867T, G894A, G903A, A969G, C981T, T984C, A1029G, C1032T, A1054C, A1056G, T1077C, G1086T, T1098C, G1101A, G1104A, A1122G, A1131G, T1143C, A1155G, C1161T, A1165C, T1171C, T1216C, T1223A, G1230A, C1236T, T1242G, C1260T, C1269A, C1275T, A1279G, C1287T, A1308G, G1326A, G1330A, G1334A, A1336G, T1351C, T1356C, G1362A, G1378A, A1402G, C1403T, T1408C, A1419G, T1422C, C1425T, G1428A, A1434G, C1437T, G1440T, G1445A, G1447T, T1456C, G1458A, C1462T, A1467G, A1470G, A1472G, A1475G, A1480G, G1495A, G1497A, A1503G, G1504A, T1509A, C1510T, A1516G, A1525G, C1527T, A1536G, A1542G, A1545T, C1548T, C1554T, C1566T, G1567A	Россия, Красноярский край, г Железногорск	Vulpes vulpes	22.10.2025	G6
onii005356	A11T, G12A, C14T, C18T, C19T, T41C, T53C, G87A, C96T, C120T, A132C, A144T, A163G, C183A, C207T, A223G, A243G, G255A, T261A, C267T, C279T, A294C, G300A, A305G, C321T, C326T, T390C, C417T, T465C, G497A, C521T, G523A, C525T, G528A, T531G, A540G, G541A, G544A, G546A, C567A, C585T, C605T, T617C, G618A, G648A, G670A, T675C, A693G, A696G, A702G, T712C, A729G, A750T, A796G, A797G, A801G, C814T, C819T, G821A, T835C, C867T, G894A, C981T, T984C, A1029G, C1032T, A1054C, A1056G, T1077C, T1098A, G1101A, A1122G, A1131G, T1143C, A1155G, C1161T, A1165C, T1167C, G1168A, C1170T, T1171C, T1216C, T1223A, G1230A, C1236T, T1242G, C1269A, C1275T, A1279G, C1287T, T1293C, A1308G, G1330A, G1334A, A1336G, T1351C, T1356C, G1362A, A1373G, C1403T, A1419G, T1422C, C1425T, C1426T, G1428A, A1434G, C1437T, G1440T, G1445A, T1456C, G1458A, C1462T, A1467G, A1470G, A1472G, A1475G, A1480G, G1495A, G1497A, A1503G, G1504A, T1505C, C1510T, A1525G, C1527T, A1536G, A1542G, C1548T, C1554T, C1566T, G1567A	Россия, Красноярский край, г Артемовск	Vulpes vulpes	22.10.2025	G3
onii005360	A11T, G12A, C14T, C18T, C19T, T53C, T54C, G87A, T90G, C96T, C120T, C123T, A144T, A163G, C183A, C207T, A223G, C234T, A243G, G255A, G258A, T261A, C267T, C279T, A294C, A305G, C321T, T369C, A384G, T390C, C417T, T465C, G497A, G523A, C525T, G528A, T531G, C534T, A540G, G541A, G544A, G546A, C561T, C567A, C585T, C605T, T617C, G618A, G648A, A667G, G670A, T675C, A693G, A702G, T712C, A714G, A750T, A796G, A797G, A801G, C819T, G821A, T835C, A852T, C855T, C867T, G894A, G903A, A969G, C981T, T984C, A1029G, C1032T, A1054C, A1056G, T1077C, G1086T, T1098C, G1101A, G1104A, A1122G, A1131G, T1143C, A1155G, C1161T, A1165C, C1170T, T1171C, T1216C, T1223A, G1230A, C1236T, T1242G, C1269A, C1275T, A1279G, C1287T, A1308G, G1326A, G1330A, G1334A, A1336G, T1351C, T1356C, G1362A, G1378A, A1402G, C1403T, T1408C, A1419G, T1422C, C1425T, G1428A, A1434G, C1437T, G1440T, G1445A, G1447T, T1456C, G1458A, C1462T, A1467G, A1470G, A1472G, A1475G, A1480G, G1495A, G1497A, A1503G, G1504A, T1509A, C1510T, A1516G, A1525G, C1527T, A1536G, A1542G, A1545T, C1548T, C1554T, C1566T, G1567A	Россия, Красноярский край, г Минусинск	Vulpes vulpes	22.10.2025	G6
onii005362	A11T, G12A, C14T, C18T, C19T, T41C, T53C, T54C, G87A, C96T, C120T, A132C, A144T, C183A, C207T, C210T, A223G, A243G, G255A, T261A, A264G, C267T, C279T, A294C, G300A, A305G, C321T, T390C, C417T, T465C, G497A, C521T, G523A, C525T, G528A, T531G, A540G, G541A, G544A, G546A, C567A, C585T, C605T, T617C, G618A, G648A, G670A, T675C, A693G, A696G, A702G, T712C, A729G, A750T, A796G, A797G, A801G, C814T, C819T, G821A, T835C, C867T, G894A, C924T, C981T, T984C, A1029G, C1032T, A1054C, A1056G, T1077C, T1098A, G1101A, A1122G, C1125T, A1131G, T1143C, A1155G, C1161T, A1165C, T1167C, G1168A, C1170T, T1171C, T1216C, T1223A, G1230A, C1236T, T1242G, C1269A, C1275T, A1279G, C1287T, T1293C, A1308G, G1330A, G1334A, A1336G, A1344G, T1351C, T1356C, G1362A, A1373G, C1403T, A1419G, T1422C, C1425T, G1428A, A1434G, C1437T, G1440T, G1445A, T1456C, G1458A, C1462T, A1467G, A1470G, A1472G, A1475G, A1480G, G1495A, G1497A, A1503G, G1504A, T1505C, C1510T, A1525G, C1527T, A1536G, A1542G, C1548T, C1554T, C1566T, G1567A	Россия, Красноярский край, г Канск	Vulpes vulpes	22.10.2025	G3
onii005363	A11T, G12A, C14T, C18T, C19T, T53C, T54C, G87A, T90G, C96T, C120T, C123T, A144T, A163G, C183A, C207T, A223G, C234T, A243G, G255A, G258A, T261A, C267T, C279T, A294C, A305G, C321T, T369C, A384G, T390C, C417T, T465C, G497A, G523A, C525T, G528A, T531G, C534T, A540G, G541A, G544A, G546A, C561T, C567A, C585T, C605T, T617C, G618A, G648A, A667G, G670A, T675C, A693G, A702G, T712C, A714G, A750T, A796G, A797G, A801G, C819T, G821A, T835C, A852T, C855T, C867T, G894A, G903A, A969G, C981T, T984C, A1029G, C1032T, A1054C, A1056G, T1077C, G1086T, T1098C, G1101A, G1104A, A1122G, A1131G, T1143C, A1155G, C1161T, A1165C, C1170T, T1171C, T1216C, T1223A, G1230A, C1236T, T1242G, C1260T, C1269A, C1275T, A1279G, C1287T, A1308G, G1326A, G1330A, G1334A, A1336G, T1351C, T1356C, G1362A, G1378A, A1402G, C1403T, T1408C, A1419G, T1422C, C1425T, G1428A, A1434G, C1437T, G1440T, G1445A, G1447T, T1456C, G1458A, C1462T, A1467G, A1470G, A1472G, A1475G, A1480G, G1495A, G1497A, A1503G, G1504A, T1509A, C1510T, A1516G, A1525G, C1527T, A1536G, A1542G, A1545T, C1548T, C1554T, C1566T, G1567A	Россия, Красноярский край, г Уяр	Canis lupus	22.10.2025	G6
onii005364	G12A, C14T, C18T, C19T, G25A, T49A, T53C, T66C, G87A, T93C, C96T, C120T, G141A, A144T, A174G, C183A, A223G, A243G, G255A, T261A, C279T, T288C, A294C, A305G, C321T, A384G, T390C, T408A, C414T, C417T, T465C, A489C, G497A, G523A, C525T, G528A, T531G, C536T, A540G, G541A, G544A, G546A, C567G, T617C, G618A, T630C, G648A, G670A, T675C, A693G, A702G, T712C, A750T, C780T, A796G, A801G, C819T, G821A, T835C, C840T, A852G, C855T, C867T, G894A, G903A, A918G, C936T, T984C, A1029G, C1032T, A1054C, A1056G, T1077C, T1098C, G1101A, T1116C, A1122G, A1131G, C1137T, T1143C, A1155G, C1161T, A1165C, C1170T, T1171C, T1216C, T1223A, G1230A, C1236T, T1242G, T1266C, C1269A, C1275T, A1279G, C1287T, A1308G, C1320T, G1330A, G1334A, A1336G, A1344G, T1351C, T1356C, G1362A, A1363G, C1403T, G1410A, A1419G, T1422C, C1425T, G1428A, G1440T, G1445A, T1456C, G1458A, C1462T, A1467G, A1470G, A1472G, A1475G, A1482G, G1495A, A1496G, A1503G, G1504A, C1506A, C1510T, A1525G, C1527T, A1536G, A1542G, C1548T, C1554T, C1566T, G1567A	Россия, Республика Башкортостан, Стерлитамак	Homo sapiens	17.10.2025	G1
onii005365	G12A, C14T, C18T, C19T, T49A, T53C, T66C, G87A, T93C, C96T, C120T, G141A, A144T, A174G, C183A, A223G, A243G, G255A, T261A, C279T, T288C, A294C, A305G, C321T, A384G, T390C, C414T, C417T, T465C, A489C, G497A, G523A, C525T, G528A, T531G, C536T, A540G, G541A, G544A, G546A, C567G, T617C, G618A, T630C, G648A, G670A, T675C, A693G, A702G, T712C, A750T, C780T, A796G, A801G, C819T, G821A, T835C, C840T, A852G, C855T, C867T, G894A, G903A, A918G, C936T, G939A, C981T, T984C, A1029G, C1032T, A1054C, A1056G, T1098C, G1101A, T1116C, A1122G, A1131G, C1137T, T1143C, A1155G, C1161T, A1165C, C1170T, T1171C, T1209C, T1216C, T1223A, G1230A, C1236T, T1242G, T1266C, C1269A, C1275T, A1279G, C1287T, A1308G, C1320T, G1330A, G1334A, A1336G, A1344G, T1351C, T1356C, G1362A, A1363G, C1403T, G1410A, A1419G, T1422C, C1425T, G1428A, G1440T, G1445A, T1456C, G1458A, C1462T, A1467G, A1470G, A1472G, A1475G, A1480G, A1482G, G1495A, A1496G, A1503G, G1504A, C1506A, C1510T, A1525G, C1527T, A1536G, A1542G, C1548T, C1554T, G1563A, C1566T, G1567A	Россия, Челябинская область, г Челябинск	КРС	09.10.2025	G1
onii005366	G12A, C14T, C18T, C19T, T42C, T53C, T54C, G87A, C96T, C111T, C120T, A144T, A156G, C183A, A223G, A243G, T261A, C279T, A294C, A305G, C321T, G348A, A384G, T390C, C417T, T465C, G497A, G523A, C525T, G528A, T531G, A540G, G541A, G544A, G546A, C567A, A609G, T617C, G618A, G648A, G670A, T675C, A693G, A702G, T712C, A714G, A750C, T762C, A796G, A801G, A802G, C819T, G821A, T835C, A852G, C855T, C867T, G894A, A915G, A942G, C981T, T984C, T990C, A996G, A1029G, C1032T, G1047A, A1054C, A1056G, T1059C, T1077C, T1098C, G1101A, A1122G, A1131G, T1143C, A1155G, C1161T, A1165C, C1170T, T1171C, A1173G, T1216C, T1223A, G1230A, C1236T, T1242G, C1269A, T1272C, C1275T, A1279G, C1287T, T1305C, A1308G, G1330A, G1334A, A1336G, A1344G, T1351C, T1356C, G1362A, C1403T, A1419G, T1422C, C1425T, G1428A, C1437T, G1440T, G1445A, T1456C, G1458A, C1462T, A1467G, A1470G, A1472G, A1475G, A1480G, G1495A, A1503G, G1504A, C1510T, A1525G, C1527T, A1536G, A1542G, C1548T, C1554T, C1566T, G1567A	Россия, Челябинская область, г Челябинск	Canis lupus familiaris	09.10.2025	G16
onii005368	G12A, C14T, T15C, C18T, C19T, T49A, T53C, T66C, G87A, T93C, C96T, C120T, G141A, A144T, A174G, C183A, A223G, A243G, G252A, G255A, T261A, T273C, C279T, T288C, A294C, A305G, C321T, C366T, A384G, T390C, C414T, C417T, T465C, A489C, G497A, G523A, C525T, G528A, T531G, C536T, A540G, G541A, G544A, G546A, C567G, G615A, T617C, G618A, G648A, G670A, T675C, A693G, A702G, T712C, A750T, C780T, A796G, A801G, C819T, G821A, G831A, T835C, A852G, C855T, C867T, G894A, G903A, A918G, C936T, C981T, T984C, A1029G, C1032T, A1054C, A1056G, T1077C, T1098C, G1101A, T1116C, A1122G, A1131G, T1143C, A1155G, C1161T, A1165C, C1170T, T1171C, T1216C, T1223A, G1230A, C1236T, T1242G, T1266C, C1269A, C1275T, A1279G, C1287T, A1308G, C1320T, G1330A, G1334A, A1336G, A1344G, T1351C, T1356C, G1362A, A1363G, C1403T, G1410A, A1419G, T1422C, C1425T, G1428A, G1440T, G1445A, T1456C, G1458A, C1462T, A1467G, A1470G, A1472G, A1475G, A1480G, A1482G, G1495A, A1496G, A1503G, G1504A, C1506A, C1510T, A1525G, C1527T, A1536G, A1542G, C1548T, C1554T, C1566T, G1567A	Россия, Воронежская область, г Воронеж	Vulpes vulpes	09.10.2025	G1
onii005371	G12A, C14T, C18T, C19T, T49A, T53C, T54C, T66C, G87A, T93C, C96T, C120T, G141A, A144T, C183A, A223G, A243G, G255A, T261A, T273C, C279T, A294C, A305G, C321T, A384G, T390C, T399C, C414T, C417T, T465C, G497A, G523A, C525T, G528A, T531G, C536T, A540G, G541A, G544A, G546A, C567A, T617C, G618A, T642C, G648A, G670A, T675C, A693G, A702G, T712C, A750T, A759G, A796G, A801G, C819T, G821A, T835C, A852G, C855T, C867T, A918G, C936T, T963C, C981T, T984C, A1029G, C1032T, A1054C, A1056G, T1077C, T1098C, G1101A, A1122G, A1131G, T1143C, A1155G, C1161T, A1165C, C1170T, T1171C, A1173G, T1216C, T1223A, G1230A, C1236T, T1242G, T1266C, C1269A, C1275T, A1279G, C1281A, C1287T, C1320T, G1330A, G1334A, A1336G, A1344G, T1351C, T1356C, G1362A, A1380G, C1403T, G1410A, T1412C, A1419G, T1422C, C1425T, G1428A, G1440T, G1445A, T1456C, G1458A, C1462T, A1467G, A1470G, A1472G, A1475G, A1480G, A1482G, G1495A, A1503G, G1504A, C1510T, A1525G, C1527T, A1536G, A1542G, A1545G, C1548T, C1554T, C1566T, G1567A	Россия, Республика Татарстан, Елабуга	Canis lupus familiaris	05.09.2025	G15
onii005374	G12A, C14T, C18T, C19T, G25A, T49A, T53C, T66C, G87A, T93C, C96T, C120T, G141A, A144T, A174G, C183A, A223G, T237C, A243G, T261A, C279T, T288C, A294C, A305G, C321T, A384G, T390C, C414T, C417T, T465C, A489C, G497A, G523A, C525T, G528A, T531G, C536T, A540G, G541A, G544A, G546A, C567G, C576T, T617C, G618A, T630C, G648A, G670A, T675C, A693G, A702G, T712C, A750T, C780T, A796G, A801G, C819T, G821A, T835C, C840T, A852G, C855T, C867T, G894A, G903A, A918G, C936T, C981T, T984C, A993G, A1029G, C1032T, A1054C, A1056G, T1077C, T1098C, G1101A, T1116C, A1122G, A1131G, C1137T, T1143C, A1155G, T1158G, C1161T, A1165C, C1170T, T1171C, T1216C, T1223A, G1230A, C1236T, T1242G, T1266C, C1269A, C1275T, A1279G, C1287T, A1308G, C1320T, G1330A, G1334A, A1336G, A1344G, T1351C, T1356C, G1362A, A1363G, C1403T, G1410A, A1419G, T1422C, C1425T, G1428A, G1440T, G1445A, T1456C, G1458A, C1462T, A1467G, A1470G, A1472G, A1475G, A1480G, A1482G, G1495A, A1496G, A1503G, G1504A, C1506A, C1510T, A1525G, C1527T, A1536G, A1542G, C1548T, C1554T, C1566T, G1567A	Россия, Республика Татарстан, г Заинск	Felis catus	05.09.2025	G1
onii005375	G12A, C14T, C18T, C19T, T42C, T53C, T54C, G87A, T90C, C96T, C111T, C120T, A144T, A156G, C183A, A223G, A243G, T261A, C279T, A294C, A305G, C321T, G348A, A384G, T390C, C417T, T465C, G497A, G523A, C525T, G528A, T531G, A540G, G541A, G544A, G546A, C567A, A609G, T617C, G618A, G648A, G670A, T675C, A693G, A702G, T712C, A714G, A750C, T762C, A796G, A801G, A802G, C819T, G821A, T835C, A852G, C855T, C867T, G885A, G894A, A915G, A942G, C981T, T984C, T990C, A996G, A1029G, C1032T, G1047A, A1054C, A1056G, T1059C, T1077C, T1098C, G1101A, A1122G, A1131G, T1143C, A1155G, C1161T, A1165C, C1170T, T1171C, A1173G, T1216C, T1223A, G1230A, C1236T, T1242G, C1269A, T1272C, C1275T, A1279G, C1287T, T1305C, A1308G, G1330A, G1334A, A1336G, A1344G, T1351C, T1356C, G1362A, C1403T, A1419G, T1422C, C1425T, G1428A, C1437T, G1440T, G1445A, T1456C, G1458A, C1462T, A1467G, A1470G, A1472G, A1475G, A1480G, G1495A, A1503G, G1504A, C1510T, A1525G, T1526C, C1527T, A1536G, A1542G, C1548T, C1554T, C1566T, G1567A	Россия, Челябинская область, г Челябинск	Felis catus	03.09.2025	G16
onii005376	G12A, C14T, C18T, C19T, T49A, T53C, T66C, G87A, T93C, C96T, C120T, G141A, A144T, A174G, C183A, A223G, A243G, G255A, T261A, C279T, T288C, A294C, A305G, C321T, A384G, T390C, C414T, C417T, T465C, A489C, G497A, G523A, C525T, G528A, T531G, C536T, A540G, G541A, G544A, G546A, C567G, T617C, G618A, T630C, G648A, G670A, T675C, A693G, A702G, T712C, A750T, C780T, A796G, A801G, C819T, G821A, T835C, C840T, A852G, C855T, C867T, G894A, G903A, A918G, C936T, G939A, C981T, T984C, A1029G, C1032T, A1054C, A1056G, T1098C, G1101A, T1116C, A1122G, A1131G, C1137T, T1143C, A1155G, C1161T, A1165C, C1170T, T1171C, T1209C, T1216C, T1223A, G1230A, C1236T, T1242G, T1266C, C1269A, C1275T, A1279G, C1287T, A1308G, C1320T, G1330A, G1334A, A1336G, A1344G, T1351C, T1356C, G1362A, A1363G, C1403T, G1410A, A1419G, T1422C, C1425T, G1428A, G1440T, G1445A, T1456C, G1458A, C1462T, A1467G, A1470G, A1472G, A1475G, A1480G, A1482G, G1495A, A1496G, A1503G, G1504A, C1506A, C1510T, A1525G, C1527T, A1536G, A1542G, C1548T, C1554T, G1563A, C1566T, G1567A	Россия, Челябинская область, г Челябинск	Canis lupus familiaris	03.09.2025	G1
onii005377	G12A, C18T, C19T, T49A, T53C, T54C, T66C, G87A, T93C, C96T, C120T, G141A, A144T, C183A, A223G, A243G, G255A, T261A, T273C, C279T, A294C, A305G, C321T, A384G, T390C, C411T, C414T, C417T, T465C, G497A, G523A, C525T, G528A, T531G, C536T, A540G, G541A, G544A, G546A, C567A, C585A, T617C, G618A, G648A, G670A, T675C, A693G, A702G, T712C, A750T, A796G, A801G, C819T, G821A, T835C, A852G, C855T, C867T, A918G, C936T, C981T, T984C, A1029G, C1032T, A1054C, A1056G, T1077C, T1089C, T1098C, G1101A, A1122G, A1131G, T1143C, A1155G, C1161T, A1165C, C1170T, T1171C, T1216C, T1223A, G1230A, C1236T, T1242G, T1266C, C1269A, C1275T, A1279G, C1287T, A1308G, C1320T, G1330A, G1334A, A1336G, A1344G, T1351C, T1356C, G1362A, A1364G, G1374T, C1403T, G1410A, A1419G, T1422C, C1425T, G1428A, G1440T, G1445A, T1456C, G1458A, C1462T, A1467G, A1470G, A1472G, A1475G, A1480G, A1482G, G1483A, G1495A, A1503G, G1504A, C1510T, A1525G, C1527T, A1536G, A1542G, C1548T, C1554T, G1563A, C1566T, G1567A	Россия, Рязанская область, г Скопин	Canis lupus familiaris	29.08.2025	G1.31
onii005379	G12A, C14T, C18T, C19T, T49A, T53C, T54C, T66C, G87A, T93C, C96T, C120T, G141A, A144T, C183A, A223G, A243G, G255A, T261A, T273C, C279T, A294C, A305G, C321T, A384G, T390C, T399C, C414T, C417T, T465C, G497A, G523A, C525T, G528A, T531G, C536T, A540G, G541A, G544A, G546A, C567A, T617C, G618A, T642C, G648A, G670A, T675C, A693G, A702G, T712C, A750T, A759G, A796G, A801G, C819T, G821A, T835C, A852G, C855T, C867T, G894A, A918G, C936T, T963C, C981T, T984C, A1029G, C1032T, A1054C, A1056G, T1077C, T1089C, A1122G, A1131G, T1143C, A1155G, C1161T, A1165C, C1170T, T1171C, A1173G, T1216C, T1223A, G1230A, C1236T, T1242G, T1266C, C1269A, C1275T, A1279G, C1281A, C1287T, C1320T, G1330A, G1334A, A1336G, A1344G, T1351C, T1356C, G1362A, A1380G, C1403T, G1410A, T1412C, A1419G, T1422C, C1425T, G1428A, G1440T, G1445A, T1456C, G1458A, C1462T, A1467G, A1470G, A1472G, A1475G, A1482G, G1495A, A1503G, G1504A, C1510T, A1525G, C1527T, A1536G, A1542G, A1545G, C1548T, C1554T, C1566T, G1567A	Россия, Рязанская область, г Рязань	Canis lupus familiaris	29.08.2025	G15
onii005380	G12A, C14T, C18T, C19T, T42C, T53C, T54C, G87A, C96T, C120T, A144T, C183A, A192G, A223G, C240T, A243G, G255A, T261A, C279T, A294C, A305G, C321T, A324G, G348A, T369A, A384G, T390C, C417T, C453T, T465C, G497A, G523A, C525T, G528A, T531G, A540G, G541A, A543G, G544A, G546A, C567A, A609G, A612G, T617C, G618A, G648A, C660T, G670A, T675C, A693G, A702G, T712C, A720G, G735A, A750C, T762C, A796G, A801G, C819T, G821A, G831A, T835C, C849T, A852G, C855T, C867T, G894A, A975G, C981T, T984C, A1029G, C1032T, G1047A, A1054C, A1056G, T1077C, A1092G, T1098C, G1101A, A1122G, A1131G, T1143C, A1155G, C1161T, A1165C, C1170T, T1171C, A1173G, C1197T, T1216C, T1223A, G1230A, C1236T, T1242G, C1269A, T1272C, C1275T, A1279G, C1287T, G1291A, A1308G, T1323C, G1330A, G1334A, A1336G, A1344G, T1347C, T1351C, T1356C, G1362A, C1403T, T1404C, A1419G, T1422C, C1425T, G1428A, C1437T, G1440T, G1445A, T1456C, G1458T, C1462T, A1467G, A1470G, A1472G, A1475G, A1480G, G1495A, A1503G, G1504A, C1510T, A1525G, C1527T, A1528G, A1536G, A1542G, C1548T, C1554T, C1566T, G1567A	Россия, Московская область, г Долгопрудный	Homo sapiens	27.08.2025	G8.2
prim001231	G12A, C14T, C18T, C19T, T49A, T53C, T66C, G87A, T93C, C96T, C120T, G141A, A144T, A174G, C183A, A223G, A243G, G255A, T261A, C279T, T288C, A294C, A305G, C321T, A384G, T390C, C414T, C417T, T465C, A489C, G497A, G523A, C525T, G528A, T531G, C536T, A540G, G541A, G544A, G546A, C567G, T617C, G618A, T630C, G648A, G670A, T675C, A693G, A702G, T712C, A750T, C780T, A796G, A801G, C819T, G821A, T835C, A852G, C855T, C867T, G894A, G903A, A918G, C936T, C981T, T984C, A1029G, C1032T, A1054C, A1056G, T1077C, T1098C, G1101A, T1116C, A1122G, A1131G, T1143C, A1155G, C1161T, A1165C, C1170T, T1171C, T1216C, T1223A, G1230A, C1236T, T1242G, T1266C, C1269A, C1275T, A1279G, C1287T, A1308G, C1320T, G1330A, G1334A, A1336G, A1344G, T1351C, T1356C, G1362A, A1363G, C1399T, C1403T, G1410A, A1419G, T1422C, C1425T, G1428A, G1440T, G1445A, T1456C, G1458A, C1462T, A1467G, A1470G, A1472G, A1475G, A1480G, A1482G, G1485A, G1495A, A1496G, A1503G, G1504A, C1506A, C1510T, A1525G, C1527T, A1536G, A1542G, C1548T, C1554T, C1566T, G1567A	Россия, Приморский край	Ursus arctos	31.12.2014	G1
