id	region	mutations	cluster	named
Bat-DR	Bat-DR	a27g, t49c, g60a, c66t, t72c, t93g, c96t, t105c, t106c, a111g, t118a, t126c, c127t, g135a, c141t, a147g, c159t, g162a, g166a, a171g, a174t, t175g, g182a, c186a, t195c, t198c, c204t, t213c, c216t, t220c, g225t, g228c, t240c, g249a, a250t, g258t, a261g, c270t, g283c, t288a, a291t, a294g, a297g, a315g, g317a, g324t, g330c, t342c, a348g, g366a, a372g, a381g, c382t, a390g, c396t, c402t, c403t, t405a, g414a, c417t, t418c, a420g, c423t, t426c, c439t, g441a, a459c, c462t, g465a, a468g, g470a, c471t, t474c, t477c, c480t, t483c, t495c, a498g, c501t, g504a, t519c, t531c, t536c, t537a, a540g, c543t, g546a, c552t, c559t, a561g, a567t, t570c, t588c, t597c, c606t, t615c, c621t, a624g, c627t, g654a, c658t, a660g, a669t, c672t, g678a, a702g, t708c, t729a, c735t, a741g, a744g, c747a, c756t, g765a, a769c, c772t, a774g, t777c, g804a, t819c, a825t, g831a, a837t, c849t, c858t, c861t, c864t, c867t, c874t, a876g, t900c, a906c, t912a, c921t, g924a, t930c, a945t, c951t, a963g, c966g, c972t, c973t, a975g, g984a, t987g, t993a, g994a, a996t, t1002c, t1005g, a1011g, a1023t, c1033t, a1038g, a1044g, c1047t, g1053a, g1059a, a1062t, a1071g, t1086c, a1092g, a1101g, c1107t, g1113a, c1120t, g1128a, a1129g, c1134g, g1135a, t1136c, a1140c, t1152c, t1158a, c1164t, c1173t, a1188c, g1189a, a1200g, g1206a, t1212a, t1221a, c1222a, a1230g, c1246t, g1248a, g1257a, c1264a, a1269g, t1284c, c1287t, g1297a, t1302c, a1305t, a1311g, c1314t, c1317t, c1324t, g1332a, t1338c, a1350g, a1352g	Bat-DR	Bat-DR
Cosmopolitan-AF4	Cosmopolitan-AF4	a27g, t106c, t126c, a132g, g135a, t138c, c141t, t144c, t150c, a171g, a174g, t175g, g182a, c183t, a192g, t198c, c204t, t213c, t219c, g225a, t238c, g283c, c292a, t303c, g317a, t321c, g324c, a336g, t342g, a356g, t357c, a387c, a390g, c403t, c417t, g447a, c462a, g470a, c501t, t516a, a525t, t537c, c543t, a567g, t585c, a603g, t615c, c627a, t630c, t639c, g648a, a669g, t708c, a714g, g720a, a723g, t729a, a741g, a744g, c756t, t759a, g765a, t777c, a801g, a813g, t843c, t846c, c861t, c867t, a891g, t897c, t912c, t915c, c921t, g924t, a945g, c972t, a981g, g984a, t999c, a1011g, t1017g, g1035a, a1044g, g1059a, t1065c, a1081c, c1107t, g1113a, g1135t, a1137g, a1146g, t1152c, c1164t, t1167c, c1173t, g1176a, a1188c, g1206a, a1219g, a1230g, t1236c, t1242c, a1245g, g1248a, c1260t, t1299c, c1317g, g1341a	Cosmopolitan-AF4	Cosmopolitan-AF4
Cosmopolitan-AM2a	Cosmopolitan-AM2a	t72c, g87a, c96t, t126c, a132g, g135a, t138c, t144c, t150c, a153g, t175g, g182a, c183t, c186t, t201c, c204t, t213c, t219c, t220c, g225a, g228a, t240c, g258a, t276c, g283c, t303c, c312t, g317a, t318c, g324a, g330a, a336g, t357c, a390g, c403t, t405c, g414a, c417t, a420g, c423t, t429c, t444c, t448c, c462a, g465a, g470a, t483c, c501t, t519c, a540g, g546a, a549g, c552t, t558c, a576g, t585a, c621t, t630c, c645a, a660g, t708c, c715t, g720a, a723g, t729a, a741g, a744g, t759a, g765a, t777c, g804a, a813g, t819c, t843c, c861t, c864t, a891g, a903c, t912c, c921t, a945c, c951t, c972t, t978c, t1002c, a1011g, t1017c, g1026a, c1029t, t1032c, c1033t, g1035a, g1059a, a1083g, c1107t, a1125g, c1134t, a1137g, t1167c, a1188c, g1206a, t1215c, a1230g, c1246t, c1260t, t1299c, c1317a	Cosmopolitan-AM2a	Cosmopolitan-AM2a
Cosmopolitan-AF1b	Cosmopolitan-AF1b	t107c, t126c, a132g, t138c, t144c, t145c, t150c, g162a, t169c, a171g, t175g, g182a, c183t, t195a, c204t, t219c, t220c, g225a, g228a, t240c, g283c, t288c, a291g, c292a, t303c, a315g, g317a, t318c, g324a, g330a, a336g, t342c, g354a, t357c, a367g, a390g, c403t, g414a, c417t, c462a, g465a, g470a, t474c, g486a, c501t, t519c, g535a, a549g, t558c, a603g, c606t, t630c, t663c, c690t, a714g, g720a, a723g, t729a, a741g, a744g, c756t, t759a, g761a, a762g, g765a, c786t, t819c, t840a, t843c, c861t, a891g, t894a, a906g, t912c, c921t, a945t, c951t, t993c, a1011g, t1032c, t1065c, a1137g, a1140t, c1141t, c1173t, a1188c, g1206a, t1215c, t1221c, c1222a, c1227a, a1230g, g1248a, c1260t, c1287t, t1299c, c1317t, c1324t	Cosmopolitan-AF1b	Cosmopolitan-AF1b
Cosmopolitan	Cosmopolitan	c45t, c96t, t126c, a132g, g135a, t138c, t150c, t168c, t175g, c177t, g182a, c183t, c204t, t219c, g225a, g228a, t240c, a252g, g258a, g283c, t303c, a315t, g317a, g330a, a336g, t342c, a356g, c364a, a390g, c403t, c417t, c432a, a456g, c462a, g465a, a468g, g470a, t474c, t477c, c492t, c501t, g513a, t519c, t534c, a567g, a603g, c606t, c621t, c627t, t630c, c690t, g720a, a723g, a741g, a744g, t759a, g765a, t777c, g789a, g798a, t819c, g822a, a837t, c861t, a891g, t912c, c921t, t942c, a945t, c951t, c966t, g984a, t993c, a1011g, t1065c, t1116c, a1119g, a1137g, c1141t, t1152c, a1155g, c1182t, a1188t, a1194g, g1206a, a1230g, g1248a, c1260t, t1299c, c1308t, c1317t	Cosmopolitan	Cosmopolitan
Arctic-related-A	Arctic-related-A	c30t, c96t, c99t, a102g, t105c, a111g, t118a, a123c, t126c, a132g, g135a, t138c, a147g, t150c, a153g, t175g, a178t, g182a, c183t, c186t, a192g, c204t, t207c, t219c, g222a, g225a, g228c, t240c, t243c, a252g, g258c, a279g, g283c, a294g, g317a, a336g, t342a, a344g, c364t, a369g, c375g, a387t, a390g, c402t, t405a, c417t, g447a, t448c, g450a, c462t, g470a, c501t, t519c, t531c, g535a, a540g, a549g, c552t, a561g, a576g, t585c, t588c, t616c, c621a, a624g, t630c, a660g, g678a, c681t, a684g, t687a, t708c, a711g, a714g, g720a, a744g, c747a, c756t, t759a, a762g, g765a, g789a, t795c, g828a, g831a, t852c, c861t, c867t, a876g, a891g, t894c, t912a, c921t, t936c, a945c, t960a, c966g, c972t, a975g, t987c, a1011g, c1021t, g1026a, c1033t, a1038g, a1044g, c1047t, a1056g, g1059a, a1062g, a1071g, c1107t, g1111a, c1120t, g1135a, t1136c, a1137g, c1164t, t1167g, c1170t, a1188c, t1191g, t1203c, g1206t, a1209g, a1219g, t1221c, a1230g, t1236c, a1239g, t1242c, c1243a, g1248a, t1284c, c1287a, t1293c, c1314t, c1317t, c1329t, a1335g, g1341t, a1350g	Arctic-related-A	Arctic-related-A
Arctic-related-A	Arctic-related-A	c30t, c96t, c99t, a102g, t105c, a111g, t118a, a123c, t126c, a132g, g135a, t138c, a147g, t150c, a153g, t175g, a178t, g182a, c183t, c186t, a192g, c204t, t207c, t219c, g222a, g225a, g228c, t240c, t243c, a252g, g258c, a279g, g283c, a294g, g317a, a336g, t342a, a344g, c364t, a369g, c375g, a387t, a390g, c402t, t405a, c417t, g447a, t448c, g450a, c462t, g470a, c501t, t519c, t531c, g535a, a540g, a549g, c552t, a561g, a576g, t585c, t588c, t616c, c621a, a624g, t630c, a660g, g678a, c681t, a684g, t687a, t708c, a711g, a714g, g720a, a744g, c747a, c756t, t759a, a762g, g765a, g789a, t795c, g828a, g831a, t852c, c861t, c867t, a876g, a891g, t894c, t912a, c921t, t936c, a945c, t960a, c966g, c972t, a975g, t987c, a1011g, c1021t, g1026a, c1033t, a1038g, a1044g, c1047t, a1056g, g1059a, a1062g, a1071g, c1107t, g1111a, c1120t, g1135a, t1136c, a1137g, c1164t, t1167g, c1170t, a1188c, t1191g, t1203c, g1206t, a1209g, a1219g, t1221c, a1230g, t1236c, a1239g, t1242c, c1243a, g1248a, t1284c, c1287a, t1293c, c1314t, c1317t, c1329t, a1335g, g1341t, a1350g	Arctic-related-A	Arctic-related-A
Africa-2	Africa-2	c45t, t48c, t57a, g87a, c96t, t105c, t106c, a111g, t118a, t126c, c127t, a132g, g135a, t138c, t150c, t175g, g182a, c183t, a192g, c216t, g225a, g228t, g237a, t238c, t240c, g246a, g258t, c270t, g283t, c292a, a297g, t303c, c312t, g317a, g324t, a333c, a336g, t342g, g354a, t357c, c375t, t399g, c402t, c403t, g408a, g414a, c417t, t429g, g450a, c462g, g465a, g470a, t474a, t477c, t483c, c501t, a502c, t534c, t537c, c543t, c552t, a561g, c573t, t582c, t588c, a603g, a610c, t615c, c627a, t630c, t638a, g654a, a669c, t687a, c705t, t708c, a711t, a714g, a723g, t726c, t729a, a744g, c747a, c753t, c756t, t759a, g765a, t777c, g798a, a801g, a808c, t819c, a837t, t840g, t852c, c861t, t870c, a873g, c874t, a876g, c879t, t880c, t885c, t894c, t897g, a903g, t912g, t915a, c921t, g924a, a945t, c951t, a963g, a969g, c972t, c973t, a981g, t987c, a1011g, t1020c, c1029t, g1035a, a1038g, g1041a, a1044g, c1047t, c1050t, g1053a, g1059c, t1065c, c1080t, t1086c, g1089a, t1098c, c1107t, g1113a, c1120t, a1125g, c1134t, a1137g, t1152c, t1158c, c1170t, c1173t, c1179t, c1185t, a1188c, a1200g, g1206t, t1212c, a1224g, a1230g, t1236c, t1242g, g1248a, g1257t, c1264a, c1275t, t1299c, t1302c, c1314t, c1317t, t1323c, g1332a, g1341t, c1347t	Africa-2	Africa-2
IndianSubcontinent	IndianSubcontinent	c30t, t48c, t57c, t63c, c66t, g69a, a75g, g87a, t93g, t105c, t106c, a111g, g114a, c117t, t118a, t120c, t126c, a132g, c141t, t144c, t150c, a153g, g162a, a165t, a171g, a174g, t175g, g182a, c183t, c186t, a192g, t198c, c204t, a210g, t213c, g222a, g225a, g228t, g237a, t243c, g249a, a250t, a252c, g258t, a261g, c270t, c282a, g283c, t288c, c292a, a294g, a300g, t303c, c312t, g317a, g324c, g327a, g330t, a336g, t339c, a351g, t363c, a369c, c375a, c382t, g384a, a387g, a390g, c402t, c403t, c417t, t418c, a445c, a456g, c462g, g470a, t474c, t477c, c480t, t483c, c501t, a540g, c543t, c559t, a561g, a576g, t597c, a603g, t615c, g618a, c621t, c627a, t630c, t639c, a660g, a666c, c672t, g678a, c690t, a702g, t708c, a714g, a723g, t729a, a741g, c747a, c753t, c756t, t759a, g765a, a768g, a774g, a801g, a810g, g828t, t840c, c849t, t852c, c861t, c867t, c874t, a876g, t880c, g882a, t885c, g888t, a891g, t894c, t897g, t912a, t918c, t936c, a945t, c951t, c972t, a975t, t1002c, a1011g, a1023c, c1029a, g1035a, g1041a, a1044g, c1047t, c1050t, g1053a, a1056g, a1068g, a1125g, g1135a, a1137t, c1141t, a1146t, t1152c, t1158c, c1170t, c1179t, c1185t, a1200g, g1206t, a1230g, c1246t, g1251a, g1257a, c1264a, a1269g, c1275t, t1302c, c1317a, a1326c, a1335g, g1341t	IndianSubcontinent	IndianSubcontinent
Bat-DR	Bat-DR	a27g, t49c, g60a, c66t, t72c, t93g, c96t, t105c, t106c, a111g, t118a, t126c, c127t, g135a, c141t, a147g, c159t, g162a, g166a, a171g, a174t, t175g, g182a, c186a, t195c, t198c, c204t, t213c, c216t, t220c, g225t, g228c, t240c, g249a, a250t, g258t, a261g, c270t, g283c, t288a, a291t, a294g, a297g, a315g, g317a, g324t, g330c, t342c, a348g, g366a, a372g, a381g, c382t, a390g, c396t, c402t, c403t, t405a, g414a, c417t, t418c, a420g, c423t, t426c, c439t, g441a, a459c, c462t, g465a, a468g, g470a, c471t, t474c, t477c, c480t, t483c, t495c, a498g, c501t, g504a, t519c, t531c, t536c, t537a, a540g, c543t, g546a, c552t, c559t, a561g, a567t, t570c, t588c, t597c, c606t, t615c, c621t, a624g, c627t, g654a, c658t, a660g, a669t, c672t, g678a, a702g, t708c, t729a, c735t, a741g, a744g, c747a, c756t, g765a, a769c, c772t, a774g, t777c, g804a, t819c, a825t, g831a, a837t, c849t, c858t, c861t, c864t, c867t, c874t, a876g, t900c, a906c, t912a, c921t, g924a, t930c, a945t, c951t, a963g, c966g, c972t, c973t, a975g, g984a, t987g, t993a, g994a, a996t, t1002c, t1005g, a1011g, a1023t, c1033t, a1038g, a1044g, c1047t, g1053a, g1059a, a1062t, a1071g, t1086c, a1092g, a1101g, c1107t, g1113a, c1120t, g1128a, a1129g, c1134g, g1135a, t1136c, a1140c, t1152c, t1158a, c1164t, c1173t, a1188c, g1189a, a1200g, g1206a, t1212a, t1221a, c1222a, a1230g, c1246t, g1248a, g1257a, c1264a, a1269g, t1284c, c1287t, g1297a, t1302c, a1305t, a1311g, c1314t, c1317t, c1324t, g1332a, t1338c, a1350g, a1352g	Bat-DR	Bat-DR
Cosmopolitan-AM2a	Cosmopolitan-AM2a	t72c, g87a, c96t, t126c, a132g, g135a, t138c, t144c, t150c, a153g, t175g, g182a, c183t, c186t, t201c, c204t, t213c, t219c, t220c, g225a, g228a, t240c, g258a, t276c, g283c, t303c, c312t, g317a, t318c, g324a, g330a, a336g, t357c, a390g, c403t, t405c, g414a, c417t, a420g, c423t, t429c, t444c, t448c, c462a, g465a, g470a, t483c, c501t, t519c, a540g, g546a, a549g, c552t, t558c, a576g, t585a, c621t, t630c, c645a, a660g, t708c, c715t, g720a, a723g, t729a, a741g, a744g, t759a, g765a, t777c, g804a, a813g, t819c, t843c, c861t, c864t, a891g, a903c, t912c, c921t, a945c, c951t, c972t, t978c, t1002c, a1011g, t1017c, g1026a, c1029t, t1032c, c1033t, g1035a, g1059a, a1083g, c1107t, a1125g, c1134t, a1137g, t1167c, a1188c, g1206a, t1215c, a1230g, c1246t, c1260t, t1299c, c1317a	Cosmopolitan-AM2a	Cosmopolitan-AM2a
Cosmopolitan-AM2a	Cosmopolitan-AM2a	t72c, g87a, c96t, t126c, a132g, g135a, t138c, t144c, t150c, a153g, t175g, g182a, c183t, c186t, t201c, c204t, t213c, t219c, t220c, g225a, g228a, t240c, g258a, t276c, g283c, t303c, c312t, g317a, t318c, g324a, g330a, a336g, t357c, a390g, c403t, t405c, g414a, c417t, a420g, c423t, t429c, t444c, t448c, c462a, g465a, g470a, t483c, c501t, t519c, a540g, g546a, a549g, c552t, t558c, a576g, t585a, c621t, t630c, c645a, a660g, t708c, c715t, g720a, a723g, t729a, a741g, a744g, t759a, g765a, t777c, g804a, a813g, t819c, t843c, c861t, c864t, a891g, a903c, t912c, c921t, a945c, c951t, c972t, t978c, t1002c, a1011g, t1017c, g1026a, c1029t, t1032c, c1033t, g1035a, g1059a, a1083g, c1107t, a1125g, c1134t, a1137g, t1167c, a1188c, g1206a, t1215c, a1230g, c1246t, c1260t, t1299c, c1317a	Cosmopolitan-AM2a	Cosmopolitan-AM2a
Cosmopolitan-AM2a	Cosmopolitan-AM2a	t72c, g87a, c96t, t126c, a132g, g135a, t138c, t144c, t150c, a153g, t175g, g182a, c183t, c186t, t201c, c204t, t213c, t219c, t220c, g225a, g228a, t240c, g258a, t276c, g283c, t303c, c312t, g317a, t318c, g324a, g330a, a336g, t357c, a390g, c403t, t405c, g414a, c417t, a420g, c423t, t429c, t444c, t448c, c462a, g465a, g470a, t483c, c501t, t519c, a540g, g546a, a549g, c552t, t558c, a576g, t585a, c621t, t630c, c645a, a660g, t708c, c715t, g720a, a723g, t729a, a741g, a744g, t759a, g765a, t777c, g804a, a813g, t819c, t843c, c861t, c864t, a891g, a903c, t912c, c921t, a945c, c951t, c972t, t978c, t1002c, a1011g, t1017c, g1026a, c1029t, t1032c, c1033t, g1035a, g1059a, a1083g, c1107t, a1125g, c1134t, a1137g, t1167c, a1188c, g1206a, t1215c, a1230g, c1246t, c1260t, t1299c, c1317a	Cosmopolitan-AM2a	Cosmopolitan-AM2a
Cosmopolitan-CE	Cosmopolitan-CE	a31c, t57a, c96t, t126c, a132g, g135a, t138c, t144c, t150c, t168c, t175g, c177t, g182a, c183t, c186a, c204t, c216t, t219c, g222a, g225a, g228a, t240c, a252g, g258a, c269t, a279g, g283t, t288c, g293a, a302c, t303c, a315g, g317a, g330a, a336g, g354a, a390g, c403t, g408a, c417t, c423t, c462a, g465a, g470a, g486a, t495c, c501t, t519c, a525g, c528t, c559t, a603g, c606t, a624g, t630c, t663c, a684g, c690t, a714t, g720a, a741g, a744g, c756t, t759a, a762g, g765a, t777c, g804a, t819c, t843c, t852c, c861t, c879t, a891g, a906g, t912c, c921t, a945c, g984a, t993c, a1011g, g1026a, g1035a, g1059a, t1065c, a1074g, a1137g, c1141t, c1173t, a1188c, g1189a, g1206a, t1218c, a1230g, g1248a, g1257t, c1260t, g1266a, c1287a, c1314t, a1326g, g1343a, t1344c, a1352g	Cosmopolitan-CE	Cosmopolitan-CE
Cosmopolitan-CE	Cosmopolitan-CE	a31c, t57a, c96t, t126c, a132g, g135a, t138c, t144c, t150c, t168c, t175g, c177t, g182a, c183t, c186a, c204t, c216t, t219c, g222a, g225a, g228a, t240c, a252g, g258a, c269t, a279g, g283t, t288c, g293a, a302c, t303c, a315g, g317a, g330a, a336g, g354a, a390g, c403t, g408a, c417t, c423t, c462a, g465a, g470a, g486a, t495c, c501t, t519c, a525g, c528t, c559t, a603g, c606t, a624g, t630c, t663c, a684g, c690t, a714t, g720a, a741g, a744g, c756t, t759a, a762g, g765a, t777c, g804a, t819c, t843c, t852c, c861t, c879t, a891g, a906g, t912c, c921t, a945c, g984a, t993c, a1011g, g1026a, g1035a, g1059a, t1065c, a1074g, a1137g, c1141t, c1173t, a1188c, g1189a, g1206a, t1218c, a1230g, g1248a, g1257t, c1260t, g1266a, c1287a, c1314t, a1326g, g1343a, t1344c, a1352g	Cosmopolitan-CE	Cosmopolitan-CE
Cosmopolitan-CE	Cosmopolitan-CE	a31c, t57a, c96t, t126c, a132g, g135a, t138c, t144c, t150c, t168c, t175g, c177t, g182a, c183t, c186a, c204t, c216t, t219c, g222a, g225a, g228a, t240c, a252g, g258a, c269t, a279g, g283t, t288c, g293a, a302c, t303c, a315g, g317a, g330a, a336g, g354a, a390g, c403t, g408a, c417t, c423t, c462a, g465a, g470a, g486a, t495c, c501t, t519c, a525g, c528t, c559t, a603g, c606t, a624g, t630c, t663c, a684g, c690t, a714t, g720a, a741g, a744g, c756t, t759a, a762g, g765a, t777c, g804a, t819c, t843c, t852c, c861t, c879t, a891g, a906g, t912c, c921t, a945c, g984a, t993c, a1011g, g1026a, g1035a, g1059a, t1065c, a1074g, a1137g, c1141t, c1173t, a1188c, g1189a, g1206a, t1218c, a1230g, g1248a, g1257t, c1260t, g1266a, c1287a, c1314t, a1326g, g1343a, t1344c, a1352g	Cosmopolitan-CE	Cosmopolitan-CE
Cosmopolitan-CE	Cosmopolitan-CE	a31c, t57a, c96t, t126c, a132g, g135a, t138c, t144c, t150c, t168c, t175g, c177t, g182a, c183t, c186a, c204t, c216t, t219c, g222a, g225a, g228a, t240c, a252g, g258a, c269t, a279g, g283t, t288c, g293a, a302c, t303c, a315g, g317a, g330a, a336g, g354a, a390g, c403t, g408a, c417t, c423t, c462a, g465a, g470a, g486a, t495c, c501t, t519c, a525g, c528t, c559t, a603g, c606t, a624g, t630c, t663c, a684g, c690t, a714t, g720a, a741g, a744g, c756t, t759a, a762g, g765a, t777c, g804a, t819c, t843c, t852c, c861t, c879t, a891g, a906g, t912c, c921t, a945c, g984a, t993c, a1011g, g1026a, g1035a, g1059a, t1065c, a1074g, a1137g, c1141t, c1173t, a1188c, g1189a, g1206a, t1218c, a1230g, g1248a, g1257t, c1260t, g1266a, c1287a, c1314t, a1326g, g1343a, t1344c, a1352g	Cosmopolitan-CE	Cosmopolitan-CE
Cosmopolitan-CE	Cosmopolitan-CE	a31c, t57a, c96t, t126c, a132g, g135a, t138c, t144c, t150c, t168c, t175g, c177t, g182a, c183t, c186a, c204t, c216t, t219c, g222a, g225a, g228a, t240c, a252g, g258a, c269t, a279g, g283t, t288c, g293a, a302c, t303c, a315g, g317a, g330a, a336g, g354a, a390g, c403t, g408a, c417t, c423t, c462a, g465a, g470a, g486a, t495c, c501t, t519c, a525g, c528t, c559t, a603g, c606t, a624g, t630c, t663c, a684g, c690t, a714t, g720a, a741g, a744g, c756t, t759a, a762g, g765a, t777c, g804a, t819c, t843c, t852c, c861t, c879t, a891g, a906g, t912c, c921t, a945c, g984a, t993c, a1011g, g1026a, g1035a, g1059a, t1065c, a1074g, a1137g, c1141t, c1173t, a1188c, g1189a, g1206a, t1218c, a1230g, g1248a, g1257t, c1260t, g1266a, c1287a, c1314t, a1326g, g1343a, t1344c, a1352g	Cosmopolitan-CE	Cosmopolitan-CE
Cosmopolitan-CE	Cosmopolitan-CE	a31c, t57a, c96t, t126c, a132g, g135a, t138c, t144c, t150c, t168c, t175g, c177t, g182a, c183t, c186a, c204t, c216t, t219c, g222a, g225a, g228a, t240c, a252g, g258a, c269t, a279g, g283t, t288c, g293a, a302c, t303c, a315g, g317a, g330a, a336g, g354a, a390g, c403t, g408a, c417t, c423t, c462a, g465a, g470a, g486a, t495c, c501t, t519c, a525g, c528t, c559t, a603g, c606t, a624g, t630c, t663c, a684g, c690t, a714t, g720a, a741g, a744g, c756t, t759a, a762g, g765a, t777c, g804a, t819c, t843c, t852c, c861t, c879t, a891g, a906g, t912c, c921t, a945c, g984a, t993c, a1011g, g1026a, g1035a, g1059a, t1065c, a1074g, a1137g, c1141t, c1173t, a1188c, g1189a, g1206a, t1218c, a1230g, g1248a, g1257t, c1260t, g1266a, c1287a, c1314t, a1326g, g1343a, t1344c, a1352g	Cosmopolitan-CE	Cosmopolitan-CE
Cosmopolitan-CE	Cosmopolitan-CE	a31c, t57a, c96t, t126c, a132g, g135a, t138c, t144c, t150c, t168c, t175g, c177t, g182a, c183t, c186a, c204t, c216t, t219c, g222a, g225a, g228a, t240c, a252g, g258a, c269t, a279g, g283t, t288c, g293a, a302c, t303c, a315g, g317a, g330a, a336g, g354a, a390g, c403t, g408a, c417t, c423t, c462a, g465a, g470a, g486a, t495c, c501t, t519c, a525g, c528t, c559t, a603g, c606t, a624g, t630c, t663c, a684g, c690t, a714t, g720a, a741g, a744g, c756t, t759a, a762g, g765a, t777c, g804a, t819c, t843c, t852c, c861t, c879t, a891g, a906g, t912c, c921t, a945c, g984a, t993c, a1011g, g1026a, g1035a, g1059a, t1065c, a1074g, a1137g, c1141t, c1173t, a1188c, g1189a, g1206a, t1218c, a1230g, g1248a, g1257t, c1260t, g1266a, c1287a, c1314t, a1326g, g1343a, t1344c, a1352g	Cosmopolitan-CE	Cosmopolitan-CE
Cosmopolitan-CE	Cosmopolitan-CE	a31c, t57a, c96t, t126c, a132g, g135a, t138c, t144c, t150c, t168c, t175g, c177t, g182a, c183t, c186a, c204t, c216t, t219c, g222a, g225a, g228a, t240c, a252g, g258a, c269t, a279g, g283t, t288c, g293a, a302c, t303c, a315g, g317a, g330a, a336g, g354a, a390g, c403t, g408a, c417t, c423t, c462a, g465a, g470a, g486a, t495c, c501t, t519c, a525g, c528t, c559t, a603g, c606t, a624g, t630c, t663c, a684g, c690t, a714t, g720a, a741g, a744g, c756t, t759a, a762g, g765a, t777c, g804a, t819c, t843c, t852c, c861t, c879t, a891g, a906g, t912c, c921t, a945c, g984a, t993c, a1011g, g1026a, g1035a, g1059a, t1065c, a1074g, a1137g, c1141t, c1173t, a1188c, g1189a, g1206a, t1218c, a1230g, g1248a, g1257t, c1260t, g1266a, c1287a, c1314t, a1326g, g1343a, t1344c, a1352g	Cosmopolitan-CE	Cosmopolitan-CE
Cosmopolitan-CE	Cosmopolitan-CE	a31c, t57a, c96t, t126c, a132g, g135a, t138c, t144c, t150c, t168c, t175g, c177t, g182a, c183t, c186a, c204t, c216t, t219c, g222a, g225a, g228a, t240c, a252g, g258a, c269t, a279g, g283t, t288c, g293a, a302c, t303c, a315g, g317a, g330a, a336g, g354a, a390g, c403t, g408a, c417t, c423t, c462a, g465a, g470a, g486a, t495c, c501t, t519c, a525g, c528t, c559t, a603g, c606t, a624g, t630c, t663c, a684g, c690t, a714t, g720a, a741g, a744g, c756t, t759a, a762g, g765a, t777c, g804a, t819c, t843c, t852c, c861t, c879t, a891g, a906g, t912c, c921t, a945c, g984a, t993c, a1011g, g1026a, g1035a, g1059a, t1065c, a1074g, a1137g, c1141t, c1173t, a1188c, g1189a, g1206a, t1218c, a1230g, g1248a, g1257t, c1260t, g1266a, c1287a, c1314t, a1326g, g1343a, t1344c, a1352g	Cosmopolitan-CE	Cosmopolitan-CE
Cosmopolitan-CE	Cosmopolitan-CE	a31c, t57a, c96t, t126c, a132g, g135a, t138c, t144c, t150c, t168c, t175g, c177t, g182a, c183t, c186a, c204t, c216t, t219c, g222a, g225a, g228a, t240c, a252g, g258a, c269t, a279g, g283t, t288c, g293a, a302c, t303c, a315g, g317a, g330a, a336g, g354a, a390g, c403t, g408a, c417t, c423t, c462a, g465a, g470a, g486a, t495c, c501t, t519c, a525g, c528t, c559t, a603g, c606t, a624g, t630c, t663c, a684g, c690t, a714t, g720a, a741g, a744g, c756t, t759a, a762g, g765a, t777c, g804a, t819c, t843c, t852c, c861t, c879t, a891g, a906g, t912c, c921t, a945c, g984a, t993c, a1011g, g1026a, g1035a, g1059a, t1065c, a1074g, a1137g, c1141t, c1173t, a1188c, g1189a, g1206a, t1218c, a1230g, g1248a, g1257t, c1260t, g1266a, c1287a, c1314t, a1326g, g1343a, t1344c, a1352g	Cosmopolitan-CE	Cosmopolitan-CE
Cosmopolitan-CE	Cosmopolitan-CE	a31c, t57a, c96t, t126c, a132g, g135a, t138c, t144c, t150c, t168c, t175g, c177t, g182a, c183t, c186a, c204t, c216t, t219c, g222a, g225a, g228a, t240c, a252g, g258a, c269t, a279g, g283t, t288c, g293a, a302c, t303c, a315g, g317a, g330a, a336g, g354a, a390g, c403t, g408a, c417t, c423t, c462a, g465a, g470a, g486a, t495c, c501t, t519c, a525g, c528t, c559t, a603g, c606t, a624g, t630c, t663c, a684g, c690t, a714t, g720a, a741g, a744g, c756t, t759a, a762g, g765a, t777c, g804a, t819c, t843c, t852c, c861t, c879t, a891g, a906g, t912c, c921t, a945c, g984a, t993c, a1011g, g1026a, g1035a, g1059a, t1065c, a1074g, a1137g, c1141t, c1173t, a1188c, g1189a, g1206a, t1218c, a1230g, g1248a, g1257t, c1260t, g1266a, c1287a, c1314t, a1326g, g1343a, t1344c, a1352g	Cosmopolitan-CE	Cosmopolitan-CE
Cosmopolitan-CE	Cosmopolitan-CE	a31c, t57a, c96t, t126c, a132g, g135a, t138c, t144c, t150c, t168c, t175g, c177t, g182a, c183t, c186a, c204t, c216t, t219c, g222a, g225a, g228a, t240c, a252g, g258a, c269t, a279g, g283t, t288c, g293a, a302c, t303c, a315g, g317a, g330a, a336g, g354a, a390g, c403t, g408a, c417t, c423t, c462a, g465a, g470a, g486a, t495c, c501t, t519c, a525g, c528t, c559t, a603g, c606t, a624g, t630c, t663c, a684g, c690t, a714t, g720a, a741g, a744g, c756t, t759a, a762g, g765a, t777c, g804a, t819c, t843c, t852c, c861t, c879t, a891g, a906g, t912c, c921t, a945c, g984a, t993c, a1011g, g1026a, g1035a, g1059a, t1065c, a1074g, a1137g, c1141t, c1173t, a1188c, g1189a, g1206a, t1218c, a1230g, g1248a, g1257t, c1260t, g1266a, c1287a, c1314t, a1326g, g1343a, t1344c, a1352g	Cosmopolitan-CE	Cosmopolitan-CE
Cosmopolitan-WE	Cosmopolitan-WE	t57a, c96t, t126c, a132g, g135a, t138c, t144c, t150c, t168c, t175g, g182a, c183t, c186a, c204t, a210g, t219c, g225a, g228a, t240c, a252g, g258a, g283t, t288c, a302c, t303c, a315g, g317a, g327a, g330a, a336g, a348g, g354a, a390g, c403t, g408a, c417t, c423t, g450a, c462a, g465a, g470a, g486a, t495c, c501t, t519c, a525g, t534c, c559t, a603g, c606t, a624g, t630c, g648a, a669g, a684g, c690t, t693c, a714t, g720a, a723g, a741g, a744g, c756t, t759a, g765a, t777c, c792t, t819c, a837t, t843c, c849t, t852c, c861t, a891g, a906g, t912c, c921t, a945c, a981g, g984a, t993c, a1011g, c1029t, g1035a, c1050t, g1059a, t1065c, a1068g, a1074g, a1101g, a1137g, c1141t, t1149c, c1173t, a1188c, g1206a, a1209g, a1230g, g1248a, c1260t, c1287a, c1314t, c1317t, g1320t, g1343a, t1344c, a1352g	Cosmopolitan-WE	Cosmopolitan-WE
Cosmopolitan-WE	Cosmopolitan-WE	t57a, c96t, t126c, a132g, g135a, t138c, t144c, t150c, t168c, t175g, g182a, c183t, c186a, c204t, a210g, t219c, g225a, g228a, t240c, a252g, g258a, g283t, t288c, a302c, t303c, a315g, g317a, g327a, g330a, a336g, a348g, g354a, a390g, c403t, g408a, c417t, c423t, g450a, c462a, g465a, g470a, g486a, t495c, c501t, t519c, a525g, t534c, c559t, a603g, c606t, a624g, t630c, g648a, a669g, a684g, c690t, t693c, a714t, g720a, a723g, a741g, a744g, c756t, t759a, g765a, t777c, c792t, t819c, a837t, t843c, c849t, t852c, c861t, a891g, a906g, t912c, c921t, a945c, a981g, g984a, t993c, a1011g, c1029t, g1035a, c1050t, g1059a, t1065c, a1068g, a1074g, a1101g, a1137g, c1141t, t1149c, c1173t, a1188c, g1206a, a1209g, a1230g, g1248a, c1260t, c1287a, c1314t, c1317t, g1320t, g1343a, t1344c, a1352g	Cosmopolitan-WE	Cosmopolitan-WE
Cosmopolitan-WE	Cosmopolitan-WE	t57a, c96t, t126c, a132g, g135a, t138c, t144c, t150c, t168c, t175g, g182a, c183t, c186a, c204t, a210g, t219c, g225a, g228a, t240c, a252g, g258a, g283t, t288c, a302c, t303c, a315g, g317a, g327a, g330a, a336g, a348g, g354a, a390g, c403t, g408a, c417t, c423t, g450a, c462a, g465a, g470a, g486a, t495c, c501t, t519c, a525g, t534c, c559t, a603g, c606t, a624g, t630c, g648a, a669g, a684g, c690t, t693c, a714t, g720a, a723g, a741g, a744g, c756t, t759a, g765a, t777c, c792t, t819c, a837t, t843c, c849t, t852c, c861t, a891g, a906g, t912c, c921t, a945c, a981g, g984a, t993c, a1011g, c1029t, g1035a, c1050t, g1059a, t1065c, a1068g, a1074g, a1101g, a1137g, c1141t, t1149c, c1173t, a1188c, g1206a, a1209g, a1230g, g1248a, c1260t, c1287a, c1314t, c1317t, g1320t, g1343a, t1344c, a1352g	Cosmopolitan-WE	Cosmopolitan-WE
Cosmopolitan-WE	Cosmopolitan-WE	t57a, c96t, t126c, a132g, g135a, t138c, t144c, t150c, t168c, t175g, g182a, c183t, c186a, c204t, a210g, t219c, g225a, g228a, t240c, a252g, g258a, g283t, t288c, a302c, t303c, a315g, g317a, g327a, g330a, a336g, a348g, g354a, a390g, c403t, g408a, c417t, c423t, g450a, c462a, g465a, g470a, g486a, t495c, c501t, t519c, a525g, t534c, c559t, a603g, c606t, a624g, t630c, g648a, a669g, a684g, c690t, t693c, a714t, g720a, a723g, a741g, a744g, c756t, t759a, g765a, t777c, c792t, t819c, a837t, t843c, c849t, t852c, c861t, a891g, a906g, t912c, c921t, a945c, a981g, g984a, t993c, a1011g, c1029t, g1035a, c1050t, g1059a, t1065c, a1068g, a1074g, a1101g, a1137g, c1141t, t1149c, c1173t, a1188c, g1206a, a1209g, a1230g, g1248a, c1260t, c1287a, c1314t, c1317t, g1320t, g1343a, t1344c, a1352g	Cosmopolitan-WE	Cosmopolitan-WE
Cosmopolitan-WE	Cosmopolitan-WE	t57a, c96t, t126c, a132g, g135a, t138c, t144c, t150c, t168c, t175g, g182a, c183t, c186a, c204t, a210g, t219c, g225a, g228a, t240c, a252g, g258a, g283t, t288c, a302c, t303c, a315g, g317a, g327a, g330a, a336g, a348g, g354a, a390g, c403t, g408a, c417t, c423t, g450a, c462a, g465a, g470a, g486a, t495c, c501t, t519c, a525g, t534c, c559t, a603g, c606t, a624g, t630c, g648a, a669g, a684g, c690t, t693c, a714t, g720a, a723g, a741g, a744g, c756t, t759a, g765a, t777c, c792t, t819c, a837t, t843c, c849t, t852c, c861t, a891g, a906g, t912c, c921t, a945c, a981g, g984a, t993c, a1011g, c1029t, g1035a, c1050t, g1059a, t1065c, a1068g, a1074g, a1101g, a1137g, c1141t, t1149c, c1173t, a1188c, g1206a, a1209g, a1230g, g1248a, c1260t, c1287a, c1314t, c1317t, g1320t, g1343a, t1344c, a1352g	Cosmopolitan-WE	Cosmopolitan-WE
Cosmopolitan-WE	Cosmopolitan-WE	t57a, c96t, t126c, a132g, g135a, t138c, t144c, t150c, t168c, t175g, g182a, c183t, c186a, c204t, a210g, t219c, g225a, g228a, t240c, a252g, g258a, g283t, t288c, a302c, t303c, a315g, g317a, g327a, g330a, a336g, a348g, g354a, a390g, c403t, g408a, c417t, c423t, g450a, c462a, g465a, g470a, g486a, t495c, c501t, t519c, a525g, t534c, c559t, a603g, c606t, a624g, t630c, g648a, a669g, a684g, c690t, t693c, a714t, g720a, a723g, a741g, a744g, c756t, t759a, g765a, t777c, c792t, t819c, a837t, t843c, c849t, t852c, c861t, a891g, a906g, t912c, c921t, a945c, a981g, g984a, t993c, a1011g, c1029t, g1035a, c1050t, g1059a, t1065c, a1068g, a1074g, a1101g, a1137g, c1141t, t1149c, c1173t, a1188c, g1206a, a1209g, a1230g, g1248a, c1260t, c1287a, c1314t, c1317t, g1320t, g1343a, t1344c, a1352g	Cosmopolitan-WE	Cosmopolitan-WE
Cosmopolitan-WE	Cosmopolitan-WE	t57a, c96t, t126c, a132g, g135a, t138c, t144c, t150c, t168c, t175g, g182a, c183t, c186a, c204t, a210g, t219c, g225a, g228a, t240c, a252g, g258a, g283t, t288c, a302c, t303c, a315g, g317a, g327a, g330a, a336g, a348g, g354a, a390g, c403t, g408a, c417t, c423t, g450a, c462a, g465a, g470a, g486a, t495c, c501t, t519c, a525g, t534c, c559t, a603g, c606t, a624g, t630c, g648a, a669g, a684g, c690t, t693c, a714t, g720a, a723g, a741g, a744g, c756t, t759a, g765a, t777c, c792t, t819c, a837t, t843c, c849t, t852c, c861t, a891g, a906g, t912c, c921t, a945c, a981g, g984a, t993c, a1011g, c1029t, g1035a, c1050t, g1059a, t1065c, a1068g, a1074g, a1101g, a1137g, c1141t, t1149c, c1173t, a1188c, g1206a, a1209g, a1230g, g1248a, c1260t, c1287a, c1314t, c1317t, g1320t, g1343a, t1344c, a1352g	Cosmopolitan-WE	Cosmopolitan-WE
Cosmopolitan-WE	Cosmopolitan-WE	t57a, c96t, t126c, a132g, g135a, t138c, t144c, t150c, t168c, t175g, g182a, c183t, c186a, c204t, a210g, t219c, g225a, g228a, t240c, a252g, g258a, g283t, t288c, a302c, t303c, a315g, g317a, g327a, g330a, a336g, a348g, g354a, a390g, c403t, g408a, c417t, c423t, g450a, c462a, g465a, g470a, g486a, t495c, c501t, t519c, a525g, t534c, c559t, a603g, c606t, a624g, t630c, g648a, a669g, a684g, c690t, t693c, a714t, g720a, a723g, a741g, a744g, c756t, t759a, g765a, t777c, c792t, t819c, a837t, t843c, c849t, t852c, c861t, a891g, a906g, t912c, c921t, a945c, a981g, g984a, t993c, a1011g, c1029t, g1035a, c1050t, g1059a, t1065c, a1068g, a1074g, a1101g, a1137g, c1141t, t1149c, c1173t, a1188c, g1206a, a1209g, a1230g, g1248a, c1260t, c1287a, c1314t, c1317t, g1320t, g1343a, t1344c, a1352g	Cosmopolitan-WE	Cosmopolitan-WE
Cosmopolitan-WE	Cosmopolitan-WE	t57a, c96t, t126c, a132g, g135a, t138c, t144c, t150c, t168c, t175g, g182a, c183t, c186a, c204t, a210g, t219c, g225a, g228a, t240c, a252g, g258a, g283t, t288c, a302c, t303c, a315g, g317a, g327a, g330a, a336g, a348g, g354a, a390g, c403t, g408a, c417t, c423t, g450a, c462a, g465a, g470a, g486a, t495c, c501t, t519c, a525g, t534c, c559t, a603g, c606t, a624g, t630c, g648a, a669g, a684g, c690t, t693c, a714t, g720a, a723g, a741g, a744g, c756t, t759a, g765a, t777c, c792t, t819c, a837t, t843c, c849t, t852c, c861t, a891g, a906g, t912c, c921t, a945c, a981g, g984a, t993c, a1011g, c1029t, g1035a, c1050t, g1059a, t1065c, a1068g, a1074g, a1101g, a1137g, c1141t, t1149c, c1173t, a1188c, g1206a, a1209g, a1230g, g1248a, c1260t, c1287a, c1314t, c1317t, g1320t, g1343a, t1344c, a1352g	Cosmopolitan-WE	Cosmopolitan-WE
Cosmopolitan-WE	Cosmopolitan-WE	t57a, c96t, t126c, a132g, g135a, t138c, t144c, t150c, t168c, t175g, g182a, c183t, c186a, c204t, a210g, t219c, g225a, g228a, t240c, a252g, g258a, g283t, t288c, a302c, t303c, a315g, g317a, g327a, g330a, a336g, a348g, g354a, a390g, c403t, g408a, c417t, c423t, g450a, c462a, g465a, g470a, g486a, t495c, c501t, t519c, a525g, t534c, c559t, a603g, c606t, a624g, t630c, g648a, a669g, a684g, c690t, t693c, a714t, g720a, a723g, a741g, a744g, c756t, t759a, g765a, t777c, c792t, t819c, a837t, t843c, c849t, t852c, c861t, a891g, a906g, t912c, c921t, a945c, a981g, g984a, t993c, a1011g, c1029t, g1035a, c1050t, g1059a, t1065c, a1068g, a1074g, a1101g, a1137g, c1141t, t1149c, c1173t, a1188c, g1206a, a1209g, a1230g, g1248a, c1260t, c1287a, c1314t, c1317t, g1320t, g1343a, t1344c, a1352g	Cosmopolitan-WE	Cosmopolitan-WE
Cosmopolitan-EE	Cosmopolitan-EE	t57a, t93a, c96t, g119t, t126c, c127t, a132g, g135a, t138c, t144c, t150c, g166a, t168c, t175g, g182a, c183t, c186a, c204t, a210g, t219c, g225a, g228a, t240c, a252g, g283t, t288c, g301a, t303c, a315g, g317a, g330a, a336g, g354a, a376t, a390g, t405c, g408a, c417t, c423t, c462a, g465a, g470a, g486a, a489g, t495c, c501t, t519c, t570c, a603g, c606t, a624g, t630c, c645t, a684g, c690t, a714t, g720a, a723g, a741g, a744g, t759a, a762g, g765a, t777c, t819c, t852c, c861t, c879t, a891g, a906g, t912c, c921t, a945c, g984a, t987c, a1011g, g1035a, g1053a, g1059a, t1065c, a1068g, a1074g, t1131c, a1137g, c1141t, c1173t, a1188c, g1206a, t1212c, t1215g, c1227t, a1230g, g1248a, c1260t, c1264a, c1287a, c1314t, c1317t, t1339g, g1343a, t1344c, a1352g	Cosmopolitan-EE	Cosmopolitan-EE
Cosmopolitan-EE	Cosmopolitan-EE	t57a, t93a, c96t, g119t, t126c, c127t, a132g, g135a, t138c, t144c, t150c, g166a, t168c, t175g, g182a, c183t, c186a, c204t, a210g, t219c, g225a, g228a, t240c, a252g, g283t, t288c, g301a, t303c, a315g, g317a, g330a, a336g, g354a, a376t, a390g, t405c, g408a, c417t, c423t, c462a, g465a, g470a, g486a, a489g, t495c, c501t, t519c, t570c, a603g, c606t, a624g, t630c, c645t, a684g, c690t, a714t, g720a, a723g, a741g, a744g, t759a, a762g, g765a, t777c, t819c, t852c, c861t, c879t, a891g, a906g, t912c, c921t, a945c, g984a, t987c, a1011g, g1035a, g1053a, g1059a, t1065c, a1068g, a1074g, t1131c, a1137g, c1141t, c1173t, a1188c, g1206a, t1212c, t1215g, c1227t, a1230g, g1248a, c1260t, c1264a, c1287a, c1314t, c1317t, t1339g, g1343a, t1344c, a1352g	Cosmopolitan-EE	Cosmopolitan-EE
Cosmopolitan-EE	Cosmopolitan-EE	t57a, t93a, c96t, g119t, t126c, c127t, a132g, g135a, t138c, t144c, t150c, g166a, t168c, t175g, g182a, c183t, c186a, c204t, a210g, t219c, g225a, g228a, t240c, a252g, g283t, t288c, g301a, t303c, a315g, g317a, g330a, a336g, g354a, a376t, a390g, t405c, g408a, c417t, c423t, c462a, g465a, g470a, g486a, a489g, t495c, c501t, t519c, t570c, a603g, c606t, a624g, t630c, c645t, a684g, c690t, a714t, g720a, a723g, a741g, a744g, t759a, a762g, g765a, t777c, t819c, t852c, c861t, c879t, a891g, a906g, t912c, c921t, a945c, g984a, t987c, a1011g, g1035a, g1053a, g1059a, t1065c, a1068g, a1074g, t1131c, a1137g, c1141t, c1173t, a1188c, g1206a, t1212c, t1215g, c1227t, a1230g, g1248a, c1260t, c1264a, c1287a, c1314t, c1317t, t1339g, g1343a, t1344c, a1352g	Cosmopolitan-EE	Cosmopolitan-EE
Cosmopolitan-EE	Cosmopolitan-EE	t57a, t93a, c96t, g119t, t126c, c127t, a132g, g135a, t138c, t144c, t150c, g166a, t168c, t175g, g182a, c183t, c186a, c204t, a210g, t219c, g225a, g228a, t240c, a252g, g283t, t288c, g301a, t303c, a315g, g317a, g330a, a336g, g354a, a376t, a390g, t405c, g408a, c417t, c423t, c462a, g465a, g470a, g486a, a489g, t495c, c501t, t519c, t570c, a603g, c606t, a624g, t630c, c645t, a684g, c690t, a714t, g720a, a723g, a741g, a744g, t759a, a762g, g765a, t777c, t819c, t852c, c861t, c879t, a891g, a906g, t912c, c921t, a945c, g984a, t987c, a1011g, g1035a, g1053a, g1059a, t1065c, a1068g, a1074g, t1131c, a1137g, c1141t, c1173t, a1188c, g1206a, t1212c, t1215g, c1227t, a1230g, g1248a, c1260t, c1264a, c1287a, c1314t, c1317t, t1339g, g1343a, t1344c, a1352g	Cosmopolitan-EE	Cosmopolitan-EE
Cosmopolitan-EE	Cosmopolitan-EE	t57a, t93a, c96t, g119t, t126c, c127t, a132g, g135a, t138c, t144c, t150c, g166a, t168c, t175g, g182a, c183t, c186a, c204t, a210g, t219c, g225a, g228a, t240c, a252g, g283t, t288c, g301a, t303c, a315g, g317a, g330a, a336g, g354a, a376t, a390g, t405c, g408a, c417t, c423t, c462a, g465a, g470a, g486a, a489g, t495c, c501t, t519c, t570c, a603g, c606t, a624g, t630c, c645t, a684g, c690t, a714t, g720a, a723g, a741g, a744g, t759a, a762g, g765a, t777c, t819c, t852c, c861t, c879t, a891g, a906g, t912c, c921t, a945c, g984a, t987c, a1011g, g1035a, g1053a, g1059a, t1065c, a1068g, a1074g, t1131c, a1137g, c1141t, c1173t, a1188c, g1206a, t1212c, t1215g, c1227t, a1230g, g1248a, c1260t, c1264a, c1287a, c1314t, c1317t, t1339g, g1343a, t1344c, a1352g	Cosmopolitan-EE	Cosmopolitan-EE
Cosmopolitan-EE	Cosmopolitan-EE	t57a, t93a, c96t, g119t, t126c, c127t, a132g, g135a, t138c, t144c, t150c, g166a, t168c, t175g, g182a, c183t, c186a, c204t, a210g, t219c, g225a, g228a, t240c, a252g, g283t, t288c, g301a, t303c, a315g, g317a, g330a, a336g, g354a, a376t, a390g, t405c, g408a, c417t, c423t, c462a, g465a, g470a, g486a, a489g, t495c, c501t, t519c, t570c, a603g, c606t, a624g, t630c, c645t, a684g, c690t, a714t, g720a, a723g, a741g, a744g, t759a, a762g, g765a, t777c, t819c, t852c, c861t, c879t, a891g, a906g, t912c, c921t, a945c, g984a, t987c, a1011g, g1035a, g1053a, g1059a, t1065c, a1068g, a1074g, t1131c, a1137g, c1141t, c1173t, a1188c, g1206a, t1212c, t1215g, c1227t, a1230g, g1248a, c1260t, c1264a, c1287a, c1314t, c1317t, t1339g, g1343a, t1344c, a1352g	Cosmopolitan-EE	Cosmopolitan-EE
Cosmopolitan-EE	Cosmopolitan-EE	t57a, t93a, c96t, g119t, t126c, c127t, a132g, g135a, t138c, t144c, t150c, g166a, t168c, t175g, g182a, c183t, c186a, c204t, a210g, t219c, g225a, g228a, t240c, a252g, g283t, t288c, g301a, t303c, a315g, g317a, g330a, a336g, g354a, a376t, a390g, t405c, g408a, c417t, c423t, c462a, g465a, g470a, g486a, a489g, t495c, c501t, t519c, t570c, a603g, c606t, a624g, t630c, c645t, a684g, c690t, a714t, g720a, a723g, a741g, a744g, t759a, a762g, g765a, t777c, t819c, t852c, c861t, c879t, a891g, a906g, t912c, c921t, a945c, g984a, t987c, a1011g, g1035a, g1053a, g1059a, t1065c, a1068g, a1074g, t1131c, a1137g, c1141t, c1173t, a1188c, g1206a, t1212c, t1215g, c1227t, a1230g, g1248a, c1260t, c1264a, c1287a, c1314t, c1317t, t1339g, g1343a, t1344c, a1352g	Cosmopolitan-EE	Cosmopolitan-EE
Cosmopolitan-EE	Cosmopolitan-EE	t57a, t93a, c96t, g119t, t126c, c127t, a132g, g135a, t138c, t144c, t150c, g166a, t168c, t175g, g182a, c183t, c186a, c204t, a210g, t219c, g225a, g228a, t240c, a252g, g283t, t288c, g301a, t303c, a315g, g317a, g330a, a336g, g354a, a376t, a390g, t405c, g408a, c417t, c423t, c462a, g465a, g470a, g486a, a489g, t495c, c501t, t519c, t570c, a603g, c606t, a624g, t630c, c645t, a684g, c690t, a714t, g720a, a723g, a741g, a744g, t759a, a762g, g765a, t777c, t819c, t852c, c861t, c879t, a891g, a906g, t912c, c921t, a945c, g984a, t987c, a1011g, g1035a, g1053a, g1059a, t1065c, a1068g, a1074g, t1131c, a1137g, c1141t, c1173t, a1188c, g1206a, t1212c, t1215g, c1227t, a1230g, g1248a, c1260t, c1264a, c1287a, c1314t, c1317t, t1339g, g1343a, t1344c, a1352g	Cosmopolitan-EE	Cosmopolitan-EE
Cosmopolitan-EE	Cosmopolitan-EE	t57a, t93a, c96t, g119t, t126c, c127t, a132g, g135a, t138c, t144c, t150c, g166a, t168c, t175g, g182a, c183t, c186a, c204t, a210g, t219c, g225a, g228a, t240c, a252g, g283t, t288c, g301a, t303c, a315g, g317a, g330a, a336g, g354a, a376t, a390g, t405c, g408a, c417t, c423t, c462a, g465a, g470a, g486a, a489g, t495c, c501t, t519c, t570c, a603g, c606t, a624g, t630c, c645t, a684g, c690t, a714t, g720a, a723g, a741g, a744g, t759a, a762g, g765a, t777c, t819c, t852c, c861t, c879t, a891g, a906g, t912c, c921t, a945c, g984a, t987c, a1011g, g1035a, g1053a, g1059a, t1065c, a1068g, a1074g, t1131c, a1137g, c1141t, c1173t, a1188c, g1206a, t1212c, t1215g, c1227t, a1230g, g1248a, c1260t, c1264a, c1287a, c1314t, c1317t, t1339g, g1343a, t1344c, a1352g	Cosmopolitan-EE	Cosmopolitan-EE
Cosmopolitan-EE	Cosmopolitan-EE	t57a, t93a, t126c, a132g, g135a, t138c, t144c, t150c, g166a, t168c, t175g, g182a, c183t, c186a, c204t, t219c, g222a, g225a, g228a, t240c, a252g, g258a, g283t, g301a, t303c, a315g, g317a, g330a, a336g, g354a, a390g, g408a, t411c, c417t, c423t, c462a, g465a, g470a, g486a, t495c, c501t, t519c, a576g, t585c, t597c, a603g, c606t, a624g, t630c, c645t, t663c, a684g, c690t, a714t, g720a, a723g, a741g, a744g, c756t, t759a, g765a, t852c, c861t, a876g, a891g, a906g, t912c, c921t, a945c, g984a, t987c, a1011g, g1035a, g1059a, t1065c, a1074g, t1131c, a1137g, c1141t, c1173t, a1188c, g1206a, a1209g, a1230g, g1248a, c1260t, c1264a, c1287a, c1314t, c1317t, g1343a, t1344c, a1352g	Cosmopolitan-EE	Cosmopolitan-EE
Cosmopolitan-NEE	Cosmopolitan-NEE	c66a, a75g, c96t, a111g, t126c, a132g, g135a, t138c, t144c, t150c, t175g, g182a, c183t, c186a, a192g, c204t, t219c, g225a, g228a, t240c, a252g, g258a, a261g, g283t, t303c, g317a, t318c, g327a, g330a, a336g, a344g, g354a, a390g, c403t, g408a, c417t, c462a, g465a, g470a, g486a, t495c, c501t, c528t, c543t, t555c, c559t, a603g, c606t, g618a, c621a, a624g, a666g, c681t, a684g, a714t, g720a, a723g, a741g, a744g, t759a, g765a, t777c, t819c, t852c, t885c, a891g, t912c, c921t, a945t, c972t, g984a, t993c, a1011g, g1059a, t1065c, c1080t, a1104g, g1113a, c1134t, a1137g, c1141t, a1146c, c1173t, g1176a, a1188c, t1191c, g1206a, a1230g, g1248a, g1253a, c1260t, a1269g, c1287a, c1317t, a1326g, g1343a, t1344c	Cosmopolitan-NEE	Cosmopolitan-NEE
Cosmopolitan-NEE	Cosmopolitan-NEE	c66a, a75g, c96t, a111g, t126c, a132g, g135a, t138c, t144c, t150c, t175g, g182a, c183t, c186a, a192g, c204t, t219c, g225a, g228a, t240c, a252g, g258a, a261g, g283t, t303c, g317a, t318c, g327a, g330a, a336g, a344g, g354a, a390g, c403t, g408a, c417t, c462a, g465a, g470a, g486a, t495c, c501t, c528t, c543t, t555c, c559t, a603g, c606t, g618a, c621a, a624g, a666g, c681t, a684g, a714t, g720a, a723g, a741g, a744g, t759a, g765a, t777c, t819c, t852c, t885c, a891g, t912c, c921t, a945t, c972t, g984a, t993c, a1011g, g1059a, t1065c, c1080t, a1104g, g1113a, c1134t, a1137g, c1141t, a1146c, c1173t, g1176a, a1188c, t1191c, g1206a, a1230g, g1248a, g1253a, c1260t, a1269g, c1287a, c1317t, a1326g, g1343a, t1344c	Cosmopolitan-NEE	Cosmopolitan-NEE
Cosmopolitan-NEE	Cosmopolitan-NEE	c66a, a75g, c96t, a111g, t126c, a132g, g135a, t138c, t144c, t150c, t175g, g182a, c183t, c186a, a192g, c204t, t219c, g225a, g228a, t240c, a252g, g258a, a261g, g283t, t303c, g317a, t318c, g327a, g330a, a336g, a344g, g354a, a390g, c403t, g408a, c417t, c462a, g465a, g470a, g486a, t495c, c501t, c528t, c543t, t555c, c559t, a603g, c606t, g618a, c621a, a624g, a666g, c681t, a684g, a714t, g720a, a723g, a741g, a744g, t759a, g765a, t777c, t819c, t852c, t885c, a891g, t912c, c921t, a945t, c972t, g984a, t993c, a1011g, g1059a, t1065c, c1080t, a1104g, g1113a, c1134t, a1137g, c1141t, a1146c, c1173t, g1176a, a1188c, t1191c, g1206a, a1230g, g1248a, g1253a, c1260t, a1269g, c1287a, c1317t, a1326g, g1343a, t1344c	Cosmopolitan-NEE	Cosmopolitan-NEE
Cosmopolitan-NEE	Cosmopolitan-NEE	c66a, a75g, c96t, a111g, t126c, a132g, g135a, t138c, t144c, t150c, t175g, g182a, c183t, c186a, a192g, c204t, t219c, g225a, g228a, t240c, a252g, g258a, a261g, g283t, t303c, g317a, t318c, g327a, g330a, a336g, a344g, g354a, a390g, c403t, g408a, c417t, c462a, g465a, g470a, g486a, t495c, c501t, c528t, c543t, t555c, c559t, a603g, c606t, g618a, c621a, a624g, a666g, c681t, a684g, a714t, g720a, a723g, a741g, a744g, t759a, g765a, t777c, t819c, t852c, t885c, a891g, t912c, c921t, a945t, c972t, g984a, t993c, a1011g, g1059a, t1065c, c1080t, a1104g, g1113a, c1134t, a1137g, c1141t, a1146c, c1173t, g1176a, a1188c, t1191c, g1206a, a1230g, g1248a, g1253a, c1260t, a1269g, c1287a, c1317t, a1326g, g1343a, t1344c	Cosmopolitan-NEE	Cosmopolitan-NEE
Cosmopolitan-NEE	Cosmopolitan-NEE	c66a, a75g, c96t, a111g, t126c, a132g, g135a, t138c, t144c, t150c, t175g, g182a, c183t, c186a, a192g, c204t, t219c, g225a, g228a, t240c, a252g, g258a, a261g, g283t, t303c, g317a, t318c, g327a, g330a, a336g, a344g, g354a, a390g, c403t, g408a, c417t, c462a, g465a, g470a, g486a, t495c, c501t, c528t, c543t, t555c, c559t, a603g, c606t, g618a, c621a, a624g, a666g, c681t, a684g, a714t, g720a, a723g, a741g, a744g, t759a, g765a, t777c, t819c, t852c, t885c, a891g, t912c, c921t, a945t, c972t, g984a, t993c, a1011g, g1059a, t1065c, c1080t, a1104g, g1113a, c1134t, a1137g, c1141t, a1146c, c1173t, g1176a, a1188c, t1191c, g1206a, a1230g, g1248a, g1253a, c1260t, a1269g, c1287a, c1317t, a1326g, g1343a, t1344c	Cosmopolitan-NEE	Cosmopolitan-NEE
Cosmopolitan-NEE	Cosmopolitan-NEE	c66a, a75g, c96t, a111g, t126c, a132g, g135a, t138c, t144c, t150c, t175g, g182a, c183t, c186a, a192g, c204t, t219c, g225a, g228a, t240c, a252g, g258a, a261g, g283t, t303c, g317a, t318c, g327a, g330a, a336g, a344g, g354a, a390g, c403t, g408a, c417t, c462a, g465a, g470a, g486a, t495c, c501t, c528t, c543t, t555c, c559t, a603g, c606t, g618a, c621a, a624g, a666g, c681t, a684g, a714t, g720a, a723g, a741g, a744g, t759a, g765a, t777c, t819c, t852c, t885c, a891g, t912c, c921t, a945t, c972t, g984a, t993c, a1011g, g1059a, t1065c, c1080t, a1104g, g1113a, c1134t, a1137g, c1141t, a1146c, c1173t, g1176a, a1188c, t1191c, g1206a, a1230g, g1248a, g1253a, c1260t, a1269g, c1287a, c1317t, a1326g, g1343a, t1344c	Cosmopolitan-NEE	Cosmopolitan-NEE
Cosmopolitan-NEE	Cosmopolitan-NEE	c66a, a75g, c96t, a111g, t126c, a132g, g135a, t138c, t144c, t150c, t175g, g182a, c183t, c186a, a192g, c204t, t219c, g225a, g228a, t240c, a252g, g258a, a261g, g283t, t303c, g317a, t318c, g327a, g330a, a336g, a344g, g354a, a390g, c403t, g408a, c417t, c462a, g465a, g470a, g486a, t495c, c501t, c528t, c543t, t555c, c559t, a603g, c606t, g618a, c621a, a624g, a666g, c681t, a684g, a714t, g720a, a723g, a741g, a744g, t759a, g765a, t777c, t819c, t852c, t885c, a891g, t912c, c921t, a945t, c972t, g984a, t993c, a1011g, g1059a, t1065c, c1080t, a1104g, g1113a, c1134t, a1137g, c1141t, a1146c, c1173t, g1176a, a1188c, t1191c, g1206a, a1230g, g1248a, g1253a, c1260t, a1269g, c1287a, c1317t, a1326g, g1343a, t1344c	Cosmopolitan-NEE	Cosmopolitan-NEE
Cosmopolitan-NEE	Cosmopolitan-NEE	c66a, a75g, c96t, a111g, t126c, a132g, g135a, t138c, t144c, t150c, t175g, g182a, c183t, c186a, a192g, c204t, t219c, g225a, g228a, t240c, a252g, g258a, a261g, g283t, t303c, g317a, t318c, g327a, g330a, a336g, a344g, g354a, a390g, c403t, g408a, c417t, c462a, g465a, g470a, g486a, t495c, c501t, c528t, c543t, t555c, c559t, a603g, c606t, g618a, c621a, a624g, a666g, c681t, a684g, a714t, g720a, a723g, a741g, a744g, t759a, g765a, t777c, t819c, t852c, t885c, a891g, t912c, c921t, a945t, c972t, g984a, t993c, a1011g, g1059a, t1065c, c1080t, a1104g, g1113a, c1134t, a1137g, c1141t, a1146c, c1173t, g1176a, a1188c, t1191c, g1206a, a1230g, g1248a, g1253a, c1260t, a1269g, c1287a, c1317t, a1326g, g1343a, t1344c	Cosmopolitan-NEE	Cosmopolitan-NEE
Cosmopolitan-NEE	Cosmopolitan-NEE	c66a, a75g, c96t, a111g, t126c, a132g, g135a, t138c, t144c, t150c, t175g, g182a, c183t, c186a, a192g, c204t, t219c, g225a, g228a, t240c, a252g, g258a, a261g, g283t, t303c, g317a, t318c, g327a, g330a, a336g, a344g, g354a, a390g, c403t, g408a, c417t, c462a, g465a, g470a, g486a, t495c, c501t, c528t, c543t, t555c, c559t, a603g, c606t, g618a, c621a, a624g, a666g, c681t, a684g, a714t, g720a, a723g, a741g, a744g, t759a, g765a, t777c, t819c, t852c, t885c, a891g, t912c, c921t, a945t, c972t, g984a, t993c, a1011g, g1059a, t1065c, c1080t, a1104g, g1113a, c1134t, a1137g, c1141t, a1146c, c1173t, g1176a, a1188c, t1191c, g1206a, a1230g, g1248a, g1253a, c1260t, a1269g, c1287a, c1317t, a1326g, g1343a, t1344c	Cosmopolitan-NEE	Cosmopolitan-NEE
Cosmopolitan-NEE	Cosmopolitan-NEE	c66a, a75g, c96t, a111g, t126c, a132g, g135a, t138c, t144c, t150c, t175g, g182a, c183t, c186a, a192g, c204t, t219c, g225a, g228a, t240c, a252g, g258a, a261g, g283t, t303c, g317a, t318c, g327a, g330a, a336g, a344g, g354a, a390g, c403t, g408a, c417t, c462a, g465a, g470a, g486a, t495c, c501t, c528t, c543t, t555c, c559t, a603g, c606t, g618a, c621a, a624g, a666g, c681t, a684g, a714t, g720a, a723g, a741g, a744g, t759a, g765a, t777c, t819c, t852c, t885c, a891g, t912c, c921t, a945t, c972t, g984a, t993c, a1011g, g1059a, t1065c, c1080t, a1104g, g1113a, c1134t, a1137g, c1141t, a1146c, c1173t, g1176a, a1188c, t1191c, g1206a, a1230g, g1248a, g1253a, c1260t, a1269g, c1287a, c1317t, a1326g, g1343a, t1344c	Cosmopolitan-NEE	Cosmopolitan-NEE
Cosmopolitan-NEE	Cosmopolitan-NEE	c66a, a75g, c96t, a111g, t126c, a132g, g135a, t138c, t144c, t150c, t175g, g182a, c183t, c186a, a192g, c204t, t219c, g225a, g228a, t240c, a252g, g258a, a261g, g283t, t303c, g317a, t318c, g327a, g330a, a336g, a344g, g354a, a390g, c403t, g408a, c417t, c462a, g465a, g470a, g486a, t495c, c501t, c528t, c543t, t555c, c559t, a603g, c606t, g618a, c621a, a624g, a666g, c681t, a684g, a714t, g720a, a723g, a741g, a744g, t759a, g765a, t777c, t819c, t852c, t885c, a891g, t912c, c921t, a945t, c972t, g984a, t993c, a1011g, g1059a, t1065c, c1080t, a1104g, g1113a, c1134t, a1137g, c1141t, a1146c, c1173t, g1176a, a1188c, t1191c, g1206a, a1230g, g1248a, g1253a, c1260t, a1269g, c1287a, c1317t, a1326g, g1343a, t1344c	Cosmopolitan-NEE	Cosmopolitan-NEE
Cosmopolitan-NEE	Cosmopolitan-NEE	c66a, a75g, c96t, a111g, t126c, a132g, g135a, t138c, t144c, t150c, t175g, g182a, c183t, c186a, a192g, c204t, t219c, g225a, g228a, t240c, a252g, g258a, a261g, g283t, t303c, g317a, t318c, g327a, g330a, a336g, a344g, g354a, a390g, c403t, g408a, c417t, c462a, g465a, g470a, g486a, t495c, c501t, c528t, c543t, t555c, c559t, a603g, c606t, g618a, c621a, a624g, a666g, c681t, a684g, a714t, g720a, a723g, a741g, a744g, t759a, g765a, t777c, t819c, t852c, t885c, a891g, t912c, c921t, a945t, c972t, g984a, t993c, a1011g, g1059a, t1065c, c1080t, a1104g, g1113a, c1134t, a1137g, c1141t, a1146c, c1173t, g1176a, a1188c, t1191c, g1206a, a1230g, g1248a, g1253a, c1260t, a1269g, c1287a, c1317t, a1326g, g1343a, t1344c	Cosmopolitan-NEE	Cosmopolitan-NEE
Cosmopolitan-NEE	Cosmopolitan-NEE	c66a, a75g, c96t, a111g, t126c, a132g, g135a, t138c, t144c, t150c, t175g, g182a, c183t, c186a, a192g, c204t, t219c, g225a, g228a, t240c, a252g, g258a, a261g, g283t, t303c, g317a, t318c, g327a, g330a, a336g, a344g, g354a, a390g, c403t, g408a, c417t, c462a, g465a, g470a, g486a, t495c, c501t, c528t, c543t, t555c, c559t, a603g, c606t, g618a, c621a, a624g, a666g, c681t, a684g, a714t, g720a, a723g, a741g, a744g, t759a, g765a, t777c, t819c, t852c, t885c, a891g, t912c, c921t, a945t, c972t, g984a, t993c, a1011g, g1059a, t1065c, c1080t, a1104g, g1113a, c1134t, a1137g, c1141t, a1146c, c1173t, g1176a, a1188c, t1191c, g1206a, a1230g, g1248a, g1253a, c1260t, a1269g, c1287a, c1317t, a1326g, g1343a, t1344c	Cosmopolitan-NEE	Cosmopolitan-NEE
Cosmopolitan-CA1	Cosmopolitan-CA1	a21c, c66a, c96t, t126c, c127t, a132g, t138c, t144c, t150c, t175g, g182a, c183t, c186t, t195a, c204t, g225a, g228a, t240c, a252g, g283t, g301a, t303c, a315g, g317a, g330a, a336g, a348g, g354a, c382t, a387t, a390g, c403t, g408a, c417t, a420g, c462a, g465a, g470a, g486a, t495c, c501t, t519c, a525c, a549g, a567g, a603g, c606t, c621t, a624g, t630c, a684g, c690t, a714t, g720a, a723g, a741g, a744g, t759c, g765a, t777c, t852c, c861t, t885c, g888a, a891g, a906g, c921t, a945t, c972a, g984a, t993c, a1011g, g1041a, a1044g, g1059a, t1065c, a1068g, g1113a, a1137g, c1141t, a1162c, c1173t, a1188c, g1206a, a1230g, g1248a, c1260t, c1287a, c1314t, c1317t, a1335g, g1343a, t1344c, a1350t, a1353g	Cosmopolitan-CA1	Cosmopolitan-CA1
Cosmopolitan-CA3	Cosmopolitan-CA3	t33c, g43a, c45t, t63c, c96t, t105c, t126c, a132g, g135a, t138c, t144c, t150c, t175g, g182a, c183t, c186a, c204t, t219c, g225a, g228a, t240c, a252g, a261g, c264t, g283t, t284g, c292a, t303c, a315g, g317a, g330a, a336g, g354a, a381g, a390g, c403t, g408a, c417t, t426c, c462a, g465a, g470a, g486a, t495c, c501t, t519c, a525c, a624g, a649g, a684g, a714t, g720a, a723g, a741g, a744g, t759a, g765a, t777c, c786t, t819c, a825g, g828a, t852c, c861t, a876g, a891g, t900c, a906g, c921t, a945t, g984a, t993c, t1005c, a1011g, c1029t, c1050t, a1055g, g1059a, t1065c, a1092g, t1131c, c1141t, c1173t, g1176a, a1188c, g1206a, a1209g, a1230g, c1260t, c1287a, c1314t, c1317t, g1320a, g1343a, t1344c	Cosmopolitan-CA3	Cosmopolitan-CA3
Cosmopolitan	Cosmopolitan	c45t, c96t, t126c, a132g, g135a, t138c, t150c, t168c, t175g, c177t, g182a, c183t, c204t, t219c, g225a, g228a, t240c, a252g, g258a, g283c, t303c, a315t, g317a, g330a, a336g, t342c, a356g, c364a, a390g, c403t, c417t, c432a, a456g, c462a, g465a, a468g, g470a, t474c, t477c, c492t, c501t, g513a, t519c, t534c, a567g, a603g, c606t, c621t, c627t, t630c, c690t, g720a, a723g, a741g, a744g, t759a, g765a, t777c, g789a, g798a, t819c, g822a, a837t, c861t, a891g, t912c, c921t, t942c, a945t, c951t, c966t, g984a, t993c, a1011g, t1065c, t1116c, a1119g, a1137g, c1141t, t1152c, a1155g, c1182t, a1188t, a1194g, g1206a, a1230g, g1248a, c1260t, t1299c, c1308t, c1317t	Cosmopolitan	Cosmopolitan
Cosmopolitan-ME2	Cosmopolitan-ME2	c96t, t126c, a132g, g135a, t138c, t144c, t150c, t175g, g182a, c183t, c186a, c204t, t213c, c216t, t219c, g225a, g228a, a231t, a252g, g283c, t303c, a315g, g317a, g330a, a336g, g354a, a390g, c403t, g408a, c417t, c462a, g465a, g470a, t483c, t495c, t519c, t558c, c559t, t594c, a603g, c606t, t630c, c690t, a714t, c715t, g720a, a723g, a741g, a744g, c756t, t759a, g765a, t777c, g789a, a807c, t819c, g828a, t840c, c861t, a891g, a906g, t909c, t912c, c921t, a945t, g984a, t993c, a996g, a1011g, g1041a, g1059a, t1065c, a1068g, a1083g, g1089a, a1092g, g1113a, a1137g, c1141t, g1143a, t1158c, c1170t, c1173t, c1179t, a1188c, a1230g, g1248a, g1257t, c1260t, c1275t, c1287a, t1299c, c1314t, c1317t, g1320a, a1335g, g1343a, t1344c	Cosmopolitan-ME2	Cosmopolitan-ME2
Cosmopolitan-ME2	Cosmopolitan-ME2	c96t, t126c, a132g, g135a, t138c, t144c, t150c, t175g, g182a, c183t, c186a, c204t, t213c, c216t, t219c, g225a, g228a, a231t, a252g, g283c, t303c, a315g, g317a, g330a, a336g, g354a, a390g, c403t, g408a, c417t, c462a, g465a, g470a, t483c, t495c, t519c, t558c, c559t, t594c, a603g, c606t, t630c, c690t, a714t, c715t, g720a, a723g, a741g, a744g, c756t, t759a, g765a, t777c, g789a, a807c, t819c, g828a, t840c, c861t, a891g, a906g, t909c, t912c, c921t, a945t, g984a, t993c, a996g, a1011g, g1041a, g1059a, t1065c, a1068g, a1083g, g1089a, a1092g, g1113a, a1137g, c1141t, g1143a, t1158c, c1170t, c1173t, c1179t, a1188c, a1230g, g1248a, g1257t, c1260t, c1275t, c1287a, t1299c, c1314t, c1317t, g1320a, a1335g, g1343a, t1344c	Cosmopolitan-ME2	Cosmopolitan-ME2
Cosmopolitan-ME2	Cosmopolitan-ME2	c96t, t126c, a132g, g135a, t138c, t144c, t150c, t175g, g182a, c183t, c186a, c204t, t213c, c216t, t219c, g225a, g228a, a231t, a252g, g283c, t303c, a315g, g317a, g330a, a336g, g354a, a390g, c403t, g408a, c417t, c462a, g465a, g470a, t483c, t495c, t519c, t558c, c559t, t594c, a603g, c606t, t630c, c690t, a714t, c715t, g720a, a723g, a741g, a744g, c756t, t759a, g765a, t777c, g789a, a807c, t819c, g828a, t840c, c861t, a891g, a906g, t909c, t912c, c921t, a945t, g984a, t993c, a996g, a1011g, g1041a, g1059a, t1065c, a1068g, a1083g, g1089a, a1092g, g1113a, a1137g, c1141t, g1143a, t1158c, c1170t, c1173t, c1179t, a1188c, a1230g, g1248a, g1257t, c1260t, c1275t, c1287a, t1299c, c1314t, c1317t, g1320a, a1335g, g1343a, t1344c	Cosmopolitan-ME2	Cosmopolitan-ME2
Cosmopolitan-ME2	Cosmopolitan-ME2	c96t, t126c, a132g, g135a, t138c, t144c, t150c, t175g, g182a, c183t, c186a, c204t, t213c, c216t, t219c, g225a, g228a, a231t, a252g, g283c, t303c, a315g, g317a, g330a, a336g, g354a, a390g, c403t, g408a, c417t, c462a, g465a, g470a, t483c, t495c, t519c, t558c, c559t, t594c, a603g, c606t, t630c, c690t, a714t, c715t, g720a, a723g, a741g, a744g, c756t, t759a, g765a, t777c, g789a, a807c, t819c, g828a, t840c, c861t, a891g, a906g, t909c, t912c, c921t, a945t, g984a, t993c, a996g, a1011g, g1041a, g1059a, t1065c, a1068g, a1083g, g1089a, a1092g, g1113a, a1137g, c1141t, g1143a, t1158c, c1170t, c1173t, c1179t, a1188c, a1230g, g1248a, g1257t, c1260t, c1275t, c1287a, t1299c, c1314t, c1317t, g1320a, a1335g, g1343a, t1344c	Cosmopolitan-ME2	Cosmopolitan-ME2
Cosmopolitan-ME2	Cosmopolitan-ME2	c96t, t126c, a132g, g135a, t138c, t144c, t150c, t175g, g182a, c183t, c186a, c204t, t213c, c216t, t219c, g225a, g228a, a231t, a252g, g283c, t303c, a315g, g317a, g330a, a336g, g354a, a390g, c403t, g408a, c417t, c462a, g465a, g470a, t483c, t495c, t519c, t558c, c559t, t594c, a603g, c606t, t630c, c690t, a714t, c715t, g720a, a723g, a741g, a744g, c756t, t759a, g765a, t777c, g789a, a807c, t819c, g828a, t840c, c861t, a891g, a906g, t909c, t912c, c921t, a945t, g984a, t993c, a996g, a1011g, g1041a, g1059a, t1065c, a1068g, a1083g, g1089a, a1092g, g1113a, a1137g, c1141t, g1143a, t1158c, c1170t, c1173t, c1179t, a1188c, a1230g, g1248a, g1257t, c1260t, c1275t, c1287a, t1299c, c1314t, c1317t, g1320a, a1335g, g1343a, t1344c	Cosmopolitan-ME2	Cosmopolitan-ME2
Cosmopolitan-ME2	Cosmopolitan-ME2	c96t, t126c, a132g, g135a, t138c, t144c, t150c, t175g, g182a, c183t, c186a, c204t, t213c, c216t, t219c, g225a, g228a, a231t, a252g, g283c, t303c, a315g, g317a, g330a, a336g, g354a, a390g, c403t, g408a, c417t, c462a, g465a, g470a, t483c, t495c, t519c, t558c, c559t, t594c, a603g, c606t, t630c, c690t, a714t, c715t, g720a, a723g, a741g, a744g, c756t, t759a, g765a, t777c, g789a, a807c, t819c, g828a, t840c, c861t, a891g, a906g, t909c, t912c, c921t, a945t, g984a, t993c, a996g, a1011g, g1041a, g1059a, t1065c, a1068g, a1083g, g1089a, a1092g, g1113a, a1137g, c1141t, g1143a, t1158c, c1170t, c1173t, c1179t, a1188c, a1230g, g1248a, g1257t, c1260t, c1275t, c1287a, t1299c, c1314t, c1317t, g1320a, a1335g, g1343a, t1344c	Cosmopolitan-ME2	Cosmopolitan-ME2
Cosmopolitan-ME1a	Cosmopolitan-ME1a	g39a, c45t, g54a, t57c, c96t, t106c, t126c, a132g, g135a, t138c, t144c, t150c, a171g, t175g, g182a, c183t, c186a, c204t, t219c, g225a, g228a, t240c, g246a, a252g, a279g, g283c, t288c, g301a, a302g, t303c, a315g, g317a, g330a, a336g, a348t, a351g, g354a, a390g, c403t, t405g, g408a, c417t, c439t, t444c, c462a, g465a, g470a, c480t, g486a, t495c, c501t, g504a, t519c, c552t, a576g, a603g, c606t, c621t, t630c, a684g, c690a, t693c, a714t, c715t, g720a, a723g, a738c, t759a, a762g, g765a, t777c, a801g, a810g, t819c, t842c, c861t, a876c, c879a, g882a, a891g, a906g, t912c, c921t, a945t, c973t, g984a, t993c, a1011g, a1056g, g1059a, t1065c, c1112a, a1137g, c1141t, c1173t, a1188c, a1200g, g1206a, t1212c, c1222a, a1230g, g1248a, c1260t, c1287a, t1299c, c1314t, c1317t, g1343a	Cosmopolitan-ME1a	Cosmopolitan-ME1a
Cosmopolitan-ME1a	Cosmopolitan-ME1a	g39a, c45t, g54a, t57c, c96t, t106c, t126c, a132g, g135a, t138c, t144c, t150c, a171g, t175g, g182a, c183t, c186a, c204t, t219c, g225a, g228a, t240c, g246a, a252g, a279g, g283c, t288c, g301a, a302g, t303c, a315g, g317a, g330a, a336g, a348t, a351g, g354a, a390g, c403t, t405g, g408a, c417t, c439t, t444c, c462a, g465a, g470a, c480t, g486a, t495c, c501t, g504a, t519c, c552t, a576g, a603g, c606t, c621t, t630c, a684g, c690a, t693c, a714t, c715t, g720a, a723g, a738c, t759a, a762g, g765a, t777c, a801g, a810g, t819c, t842c, c861t, a876c, c879a, g882a, a891g, a906g, t912c, c921t, a945t, c973t, g984a, t993c, a1011g, a1056g, g1059a, t1065c, c1112a, a1137g, c1141t, c1173t, a1188c, a1200g, g1206a, t1212c, c1222a, a1230g, g1248a, c1260t, c1287a, t1299c, c1314t, c1317t, g1343a	Cosmopolitan-ME1a	Cosmopolitan-ME1a
Cosmopolitan-ME1a	Cosmopolitan-ME1a	g39a, c45t, g54a, t57c, c96t, t106c, t126c, a132g, g135a, t138c, t144c, t150c, a171g, t175g, g182a, c183t, c186a, c204t, t219c, g225a, g228a, t240c, g246a, a252g, a279g, g283c, t288c, g301a, a302g, t303c, a315g, g317a, g330a, a336g, a348t, a351g, g354a, a390g, c403t, t405g, g408a, c417t, c439t, t444c, c462a, g465a, g470a, c480t, g486a, t495c, c501t, g504a, t519c, c552t, a576g, a603g, c606t, c621t, t630c, a684g, c690a, t693c, a714t, c715t, g720a, a723g, a738c, t759a, a762g, g765a, t777c, a801g, a810g, t819c, t842c, c861t, a876c, c879a, g882a, a891g, a906g, t912c, c921t, a945t, c973t, g984a, t993c, a1011g, a1056g, g1059a, t1065c, c1112a, a1137g, c1141t, c1173t, a1188c, a1200g, g1206a, t1212c, c1222a, a1230g, g1248a, c1260t, c1287a, t1299c, c1314t, c1317t, g1343a	Cosmopolitan-ME1a	Cosmopolitan-ME1a
Cosmopolitan-ME1a	Cosmopolitan-ME1a	g39a, c45t, g54a, t57c, c96t, t106c, t126c, a132g, g135a, t138c, t144c, t150c, a171g, t175g, g182a, c183t, c186a, c204t, t219c, g225a, g228a, t240c, g246a, a252g, a279g, g283c, t288c, g301a, a302g, t303c, a315g, g317a, g330a, a336g, a348t, a351g, g354a, a390g, c403t, t405g, g408a, c417t, c439t, t444c, c462a, g465a, g470a, c480t, g486a, t495c, c501t, g504a, t519c, c552t, a576g, a603g, c606t, c621t, t630c, a684g, c690a, t693c, a714t, c715t, g720a, a723g, a738c, t759a, a762g, g765a, t777c, a801g, a810g, t819c, t842c, c861t, a876c, c879a, g882a, a891g, a906g, t912c, c921t, a945t, c973t, g984a, t993c, a1011g, a1056g, g1059a, t1065c, c1112a, a1137g, c1141t, c1173t, a1188c, a1200g, g1206a, t1212c, c1222a, a1230g, g1248a, c1260t, c1287a, t1299c, c1314t, c1317t, g1343a	Cosmopolitan-ME1a	Cosmopolitan-ME1a
Cosmopolitan-ME1a	Cosmopolitan-ME1a	g39a, c45t, g54a, t57c, c96t, t106c, t126c, a132g, g135a, t138c, t144c, t150c, a171g, t175g, g182a, c183t, c186a, c204t, t219c, g225a, g228a, t240c, g246a, a252g, a279g, g283c, t288c, g301a, a302g, t303c, a315g, g317a, g330a, a336g, a348t, a351g, g354a, a390g, c403t, t405g, g408a, c417t, c439t, t444c, c462a, g465a, g470a, c480t, g486a, t495c, c501t, g504a, t519c, c552t, a576g, a603g, c606t, c621t, t630c, a684g, c690a, t693c, a714t, c715t, g720a, a723g, a738c, t759a, a762g, g765a, t777c, a801g, a810g, t819c, t842c, c861t, a876c, c879a, g882a, a891g, a906g, t912c, c921t, a945t, c973t, g984a, t993c, a1011g, a1056g, g1059a, t1065c, c1112a, a1137g, c1141t, c1173t, a1188c, a1200g, g1206a, t1212c, c1222a, a1230g, g1248a, c1260t, c1287a, t1299c, c1314t, c1317t, g1343a	Cosmopolitan-ME1a	Cosmopolitan-ME1a
Cosmopolitan-ME1a	Cosmopolitan-ME1a	g39a, c45t, g54a, t57c, c96t, t106c, t126c, a132g, g135a, t138c, t144c, t150c, a171g, t175g, g182a, c183t, c186a, c204t, t219c, g225a, g228a, t240c, g246a, a252g, a279g, g283c, t288c, g301a, a302g, t303c, a315g, g317a, g330a, a336g, a348t, a351g, g354a, a390g, c403t, t405g, g408a, c417t, c439t, t444c, c462a, g465a, g470a, c480t, g486a, t495c, c501t, g504a, t519c, c552t, a576g, a603g, c606t, c621t, t630c, a684g, c690a, t693c, a714t, c715t, g720a, a723g, a738c, t759a, a762g, g765a, t777c, a801g, a810g, t819c, t842c, c861t, a876c, c879a, g882a, a891g, a906g, t912c, c921t, a945t, c973t, g984a, t993c, a1011g, a1056g, g1059a, t1065c, c1112a, a1137g, c1141t, c1173t, a1188c, a1200g, g1206a, t1212c, c1222a, a1230g, g1248a, c1260t, c1287a, t1299c, c1314t, c1317t, g1343a	Cosmopolitan-ME1a	Cosmopolitan-ME1a
Cosmopolitan-ME1a	Cosmopolitan-ME1a	g39a, c45t, g54a, t57c, c96t, t106c, t126c, a132g, g135a, t138c, t144c, t150c, a171g, t175g, g182a, c183t, c186a, c204t, t219c, g225a, g228a, t240c, g246a, a252g, a279g, g283c, t288c, g301a, a302g, t303c, a315g, g317a, g330a, a336g, a348t, a351g, g354a, a390g, c403t, t405g, g408a, c417t, c439t, t444c, c462a, g465a, g470a, c480t, g486a, t495c, c501t, g504a, t519c, c552t, a576g, a603g, c606t, c621t, t630c, a684g, c690a, t693c, a714t, c715t, g720a, a723g, a738c, t759a, a762g, g765a, t777c, a801g, a810g, t819c, t842c, c861t, a876c, c879a, g882a, a891g, a906g, t912c, c921t, a945t, c973t, g984a, t993c, a1011g, a1056g, g1059a, t1065c, c1112a, a1137g, c1141t, c1173t, a1188c, a1200g, g1206a, t1212c, c1222a, a1230g, g1248a, c1260t, c1287a, t1299c, c1314t, c1317t, g1343a	Cosmopolitan-ME1a	Cosmopolitan-ME1a
Cosmopolitan-ME1a	Cosmopolitan-ME1a	g39a, c45t, g54a, t57c, c96t, t106c, t126c, a132g, g135a, t138c, t144c, t150c, a171g, t175g, g182a, c183t, c186a, c204t, t219c, g225a, g228a, t240c, g246a, a252g, a279g, g283c, t288c, g301a, a302g, t303c, a315g, g317a, g330a, a336g, a348t, a351g, g354a, a390g, c403t, t405g, g408a, c417t, c439t, t444c, c462a, g465a, g470a, c480t, g486a, t495c, c501t, g504a, t519c, c552t, a576g, a603g, c606t, c621t, t630c, a684g, c690a, t693c, a714t, c715t, g720a, a723g, a738c, t759a, a762g, g765a, t777c, a801g, a810g, t819c, t842c, c861t, a876c, c879a, g882a, a891g, a906g, t912c, c921t, a945t, c973t, g984a, t993c, a1011g, a1056g, g1059a, t1065c, c1112a, a1137g, c1141t, c1173t, a1188c, a1200g, g1206a, t1212c, c1222a, a1230g, g1248a, c1260t, c1287a, t1299c, c1314t, c1317t, g1343a	Cosmopolitan-ME1a	Cosmopolitan-ME1a
Cosmopolitan-ME1a	Cosmopolitan-ME1a	g39a, c45t, g54a, t57c, c96t, t106c, t126c, a132g, g135a, t138c, t144c, t150c, a171g, t175g, g182a, c183t, c186a, c204t, t219c, g225a, g228a, t240c, g246a, a252g, a279g, g283c, t288c, g301a, a302g, t303c, a315g, g317a, g330a, a336g, a348t, a351g, g354a, a390g, c403t, t405g, g408a, c417t, c439t, t444c, c462a, g465a, g470a, c480t, g486a, t495c, c501t, g504a, t519c, c552t, a576g, a603g, c606t, c621t, t630c, a684g, c690a, t693c, a714t, c715t, g720a, a723g, a738c, t759a, a762g, g765a, t777c, a801g, a810g, t819c, t842c, c861t, a876c, c879a, g882a, a891g, a906g, t912c, c921t, a945t, c973t, g984a, t993c, a1011g, a1056g, g1059a, t1065c, c1112a, a1137g, c1141t, c1173t, a1188c, a1200g, g1206a, t1212c, c1222a, a1230g, g1248a, c1260t, c1287a, t1299c, c1314t, c1317t, g1343a	Cosmopolitan-ME1a	Cosmopolitan-ME1a
Cosmopolitan-ME1a	Cosmopolitan-ME1a	g39a, c45t, g54a, t57c, c96t, t106c, t126c, a132g, g135a, t138c, t144c, t150c, a171g, t175g, g182a, c183t, c186a, c204t, t219c, g225a, g228a, t240c, g246a, a252g, a279g, g283c, t288c, g301a, a302g, t303c, a315g, g317a, g330a, a336g, a348t, a351g, g354a, a390g, c403t, t405g, g408a, c417t, c439t, t444c, c462a, g465a, g470a, c480t, g486a, t495c, c501t, g504a, t519c, c552t, a576g, a603g, c606t, c621t, t630c, a684g, c690a, t693c, a714t, c715t, g720a, a723g, a738c, t759a, a762g, g765a, t777c, a801g, a810g, t819c, t842c, c861t, a876c, c879a, g882a, a891g, a906g, t912c, c921t, a945t, c973t, g984a, t993c, a1011g, a1056g, g1059a, t1065c, c1112a, a1137g, c1141t, c1173t, a1188c, a1200g, g1206a, t1212c, c1222a, a1230g, g1248a, c1260t, c1287a, t1299c, c1314t, c1317t, g1343a	Cosmopolitan-ME1a	Cosmopolitan-ME1a
Cosmopolitan-ME1a	Cosmopolitan-ME1a	g39a, c45t, g54a, t57c, c96t, t106c, t126c, a132g, g135a, t138c, t144c, t150c, a171g, t175g, g182a, c183t, c186a, c204t, t219c, g225a, g228a, t240c, g246a, a252g, a279g, g283c, t288c, g301a, a302g, t303c, a315g, g317a, g330a, a336g, a348t, a351g, g354a, a390g, c403t, t405g, g408a, c417t, c439t, t444c, c462a, g465a, g470a, c480t, g486a, t495c, c501t, g504a, t519c, c552t, a576g, a603g, c606t, c621t, t630c, a684g, c690a, t693c, a714t, c715t, g720a, a723g, a738c, t759a, a762g, g765a, t777c, a801g, a810g, t819c, t842c, c861t, a876c, c879a, g882a, a891g, a906g, t912c, c921t, a945t, c973t, g984a, t993c, a1011g, a1056g, g1059a, t1065c, c1112a, a1137g, c1141t, c1173t, a1188c, a1200g, g1206a, t1212c, c1222a, a1230g, g1248a, c1260t, c1287a, t1299c, c1314t, c1317t, g1343a	Cosmopolitan-ME1a	Cosmopolitan-ME1a
Cosmopolitan-ME1a	Cosmopolitan-ME1a	g39a, c45t, g54a, t57c, c96t, t106c, t126c, a132g, g135a, t138c, t144c, t150c, a171g, t175g, g182a, c183t, c186a, c204t, t219c, g225a, g228a, t240c, g246a, a252g, a279g, g283c, t288c, g301a, a302g, t303c, a315g, g317a, g330a, a336g, a348t, a351g, g354a, a390g, c403t, t405g, g408a, c417t, c439t, t444c, c462a, g465a, g470a, c480t, g486a, t495c, c501t, g504a, t519c, c552t, a576g, a603g, c606t, c621t, t630c, a684g, c690a, t693c, a714t, c715t, g720a, a723g, a738c, t759a, a762g, g765a, t777c, a801g, a810g, t819c, t842c, c861t, a876c, c879a, g882a, a891g, a906g, t912c, c921t, a945t, c973t, g984a, t993c, a1011g, a1056g, g1059a, t1065c, c1112a, a1137g, c1141t, c1173t, a1188c, a1200g, g1206a, t1212c, c1222a, a1230g, g1248a, c1260t, c1287a, t1299c, c1314t, c1317t, g1343a	Cosmopolitan-ME1a	Cosmopolitan-ME1a
Cosmopolitan-ME1a	Cosmopolitan-ME1a	g39a, c45t, g54a, t57c, c96t, t106c, t126c, a132g, g135a, t138c, t144c, t150c, a171g, t175g, g182a, c183t, c186a, c204t, t219c, g225a, g228a, t240c, g246a, a252g, a279g, g283c, t288c, g301a, a302g, t303c, a315g, g317a, g330a, a336g, a348t, a351g, g354a, a390g, c403t, t405g, g408a, c417t, c439t, t444c, c462a, g465a, g470a, c480t, g486a, t495c, c501t, g504a, t519c, c552t, a576g, a603g, c606t, c621t, t630c, a684g, c690a, t693c, a714t, c715t, g720a, a723g, a738c, t759a, a762g, g765a, t777c, a801g, a810g, t819c, t842c, c861t, a876c, c879a, g882a, a891g, a906g, t912c, c921t, a945t, c973t, g984a, t993c, a1011g, a1056g, g1059a, t1065c, c1112a, a1137g, c1141t, c1173t, a1188c, a1200g, g1206a, t1212c, c1222a, a1230g, g1248a, c1260t, c1287a, t1299c, c1314t, c1317t, g1343a	Cosmopolitan-ME1a	Cosmopolitan-ME1a
Cosmopolitan-ME1a	Cosmopolitan-ME1a	g39a, c45t, g54a, t57c, c96t, t106c, t126c, a132g, g135a, t138c, t144c, t150c, a171g, t175g, g182a, c183t, c186a, c204t, t219c, g225a, g228a, t240c, g246a, a252g, a279g, g283c, t288c, g301a, a302g, t303c, a315g, g317a, g330a, a336g, a348t, a351g, g354a, a390g, c403t, t405g, g408a, c417t, c439t, t444c, c462a, g465a, g470a, c480t, g486a, t495c, c501t, g504a, t519c, c552t, a576g, a603g, c606t, c621t, t630c, a684g, c690a, t693c, a714t, c715t, g720a, a723g, a738c, t759a, a762g, g765a, t777c, a801g, a810g, t819c, t842c, c861t, a876c, c879a, g882a, a891g, a906g, t912c, c921t, a945t, c973t, g984a, t993c, a1011g, a1056g, g1059a, t1065c, c1112a, a1137g, c1141t, c1173t, a1188c, a1200g, g1206a, t1212c, c1222a, a1230g, g1248a, c1260t, c1287a, t1299c, c1314t, c1317t, g1343a	Cosmopolitan-ME1a	Cosmopolitan-ME1a
Cosmopolitan-ME1a	Cosmopolitan-ME1a	g39a, c45t, g54a, t57c, c96t, t106c, t126c, a132g, g135a, t138c, t144c, t150c, a171g, t175g, g182a, c183t, c186a, c204t, t219c, g225a, g228a, t240c, g246a, a252g, a279g, g283c, t288c, g301a, a302g, t303c, a315g, g317a, g330a, a336g, a348t, a351g, g354a, a390g, c403t, t405g, g408a, c417t, c439t, t444c, c462a, g465a, g470a, c480t, g486a, t495c, c501t, g504a, t519c, c552t, a576g, a603g, c606t, c621t, t630c, a684g, c690a, t693c, a714t, c715t, g720a, a723g, a738c, t759a, a762g, g765a, t777c, a801g, a810g, t819c, t842c, c861t, a876c, c879a, g882a, a891g, a906g, t912c, c921t, a945t, c973t, g984a, t993c, a1011g, a1056g, g1059a, t1065c, c1112a, a1137g, c1141t, c1173t, a1188c, a1200g, g1206a, t1212c, c1222a, a1230g, g1248a, c1260t, c1287a, t1299c, c1314t, c1317t, g1343a	Cosmopolitan-ME1a	Cosmopolitan-ME1a
Cosmopolitan-ME1a	Cosmopolitan-ME1a	g39a, c45t, g54a, t57c, c96t, t106c, t126c, a132g, g135a, t138c, t144c, t150c, a171g, t175g, g182a, c183t, c186a, c204t, t219c, g225a, g228a, t240c, g246a, a252g, a279g, g283c, t288c, g301a, a302g, t303c, a315g, g317a, g330a, a336g, a348t, a351g, g354a, a390g, c403t, t405g, g408a, c417t, c439t, t444c, c462a, g465a, g470a, c480t, g486a, t495c, c501t, g504a, t519c, c552t, a576g, a603g, c606t, c621t, t630c, a684g, c690a, t693c, a714t, c715t, g720a, a723g, a738c, t759a, a762g, g765a, t777c, a801g, a810g, t819c, t842c, c861t, a876c, c879a, g882a, a891g, a906g, t912c, c921t, a945t, c973t, g984a, t993c, a1011g, a1056g, g1059a, t1065c, c1112a, a1137g, c1141t, c1173t, a1188c, a1200g, g1206a, t1212c, c1222a, a1230g, g1248a, c1260t, c1287a, t1299c, c1314t, c1317t, g1343a	Cosmopolitan-ME1a	Cosmopolitan-ME1a
Cosmopolitan-ME1a	Cosmopolitan-ME1a	g39a, c45t, g54a, t57c, c96t, t106c, t126c, a132g, g135a, t138c, t144c, t150c, a171g, t175g, g182a, c183t, c186a, c204t, t219c, g225a, g228a, t240c, g246a, a252g, a279g, g283c, t288c, g301a, a302g, t303c, a315g, g317a, g330a, a336g, a348t, a351g, g354a, a390g, c403t, t405g, g408a, c417t, c439t, t444c, c462a, g465a, g470a, c480t, g486a, t495c, c501t, g504a, t519c, c552t, a576g, a603g, c606t, c621t, t630c, a684g, c690a, t693c, a714t, c715t, g720a, a723g, a738c, t759a, a762g, g765a, t777c, a801g, a810g, t819c, t842c, c861t, a876c, c879a, g882a, a891g, a906g, t912c, c921t, a945t, c973t, g984a, t993c, a1011g, a1056g, g1059a, t1065c, c1112a, a1137g, c1141t, c1173t, a1188c, a1200g, g1206a, t1212c, c1222a, a1230g, g1248a, c1260t, c1287a, t1299c, c1314t, c1317t, g1343a	Cosmopolitan-ME1a	Cosmopolitan-ME1a
Cosmopolitan-ME1a	Cosmopolitan-ME1a	g39a, c45t, g54a, t57c, c96t, t106c, t126c, a132g, g135a, t138c, t144c, t150c, a171g, t175g, g182a, c183t, c186a, c204t, t219c, g225a, g228a, t240c, g246a, a252g, a279g, g283c, t288c, g301a, a302g, t303c, a315g, g317a, g330a, a336g, a348t, a351g, g354a, a390g, c403t, t405g, g408a, c417t, c439t, t444c, c462a, g465a, g470a, c480t, g486a, t495c, c501t, g504a, t519c, c552t, a576g, a603g, c606t, c621t, t630c, a684g, c690a, t693c, a714t, c715t, g720a, a723g, a738c, t759a, a762g, g765a, t777c, a801g, a810g, t819c, t842c, c861t, a876c, c879a, g882a, a891g, a906g, t912c, c921t, a945t, c973t, g984a, t993c, a1011g, a1056g, g1059a, t1065c, c1112a, a1137g, c1141t, c1173t, a1188c, a1200g, g1206a, t1212c, c1222a, a1230g, g1248a, c1260t, c1287a, t1299c, c1314t, c1317t, g1343a	Cosmopolitan-ME1a	Cosmopolitan-ME1a
Cosmopolitan-ME1a	Cosmopolitan-ME1a	g39a, c45t, g54a, t57c, c96t, t106c, t126c, a132g, g135a, t138c, t144c, t150c, a171g, t175g, g182a, c183t, c186a, c204t, t219c, g225a, g228a, t240c, g246a, a252g, a279g, g283c, t288c, g301a, a302g, t303c, a315g, g317a, g330a, a336g, a348t, a351g, g354a, a390g, c403t, t405g, g408a, c417t, c439t, t444c, c462a, g465a, g470a, c480t, g486a, t495c, c501t, g504a, t519c, c552t, a576g, a603g, c606t, c621t, t630c, a684g, c690a, t693c, a714t, c715t, g720a, a723g, a738c, t759a, a762g, g765a, t777c, a801g, a810g, t819c, t842c, c861t, a876c, c879a, g882a, a891g, a906g, t912c, c921t, a945t, c973t, g984a, t993c, a1011g, a1056g, g1059a, t1065c, c1112a, a1137g, c1141t, c1173t, a1188c, a1200g, g1206a, t1212c, c1222a, a1230g, g1248a, c1260t, c1287a, t1299c, c1314t, c1317t, g1343a	Cosmopolitan-ME1a	Cosmopolitan-ME1a
Cosmopolitan-ME1a	Cosmopolitan-ME1a	g39a, c45t, g54a, t57c, c96t, t106c, t126c, a132g, g135a, t138c, t144c, t150c, a171g, t175g, g182a, c183t, c186a, c204t, t219c, g225a, g228a, t240c, g246a, a252g, a279g, g283c, t288c, g301a, a302g, t303c, a315g, g317a, g330a, a336g, a348t, a351g, g354a, a390g, c403t, t405g, g408a, c417t, c439t, t444c, c462a, g465a, g470a, c480t, g486a, t495c, c501t, g504a, t519c, c552t, a576g, a603g, c606t, c621t, t630c, a684g, c690a, t693c, a714t, c715t, g720a, a723g, a738c, t759a, a762g, g765a, t777c, a801g, a810g, t819c, t842c, c861t, a876c, c879a, g882a, a891g, a906g, t912c, c921t, a945t, c973t, g984a, t993c, a1011g, a1056g, g1059a, t1065c, c1112a, a1137g, c1141t, c1173t, a1188c, a1200g, g1206a, t1212c, c1222a, a1230g, g1248a, c1260t, c1287a, t1299c, c1314t, c1317t, g1343a	Cosmopolitan-ME1a	Cosmopolitan-ME1a
Cosmopolitan-ME1a	Cosmopolitan-ME1a	g39a, c45t, g54a, t57c, c96t, t106c, t126c, a132g, g135a, t138c, t144c, t150c, a171g, t175g, g182a, c183t, c186a, c204t, t219c, g225a, g228a, t240c, g246a, a252g, a279g, g283c, t288c, g301a, a302g, t303c, a315g, g317a, g330a, a336g, a348t, a351g, g354a, a390g, c403t, t405g, g408a, c417t, c439t, t444c, c462a, g465a, g470a, c480t, g486a, t495c, c501t, g504a, t519c, c552t, a576g, a603g, c606t, c621t, t630c, a684g, c690a, t693c, a714t, c715t, g720a, a723g, a738c, t759a, a762g, g765a, t777c, a801g, a810g, t819c, t842c, c861t, a876c, c879a, g882a, a891g, a906g, t912c, c921t, a945t, c973t, g984a, t993c, a1011g, a1056g, g1059a, t1065c, c1112a, a1137g, c1141t, c1173t, a1188c, a1200g, g1206a, t1212c, c1222a, a1230g, g1248a, c1260t, c1287a, t1299c, c1314t, c1317t, g1343a	Cosmopolitan-ME1a	Cosmopolitan-ME1a
Cosmopolitan-ME1a	Cosmopolitan-ME1a	g39a, c45t, g54a, t57c, c96t, t106c, t126c, a132g, g135a, t138c, t144c, t150c, a171g, t175g, g182a, c183t, c186a, c204t, t219c, g225a, g228a, t240c, g246a, a252g, a279g, g283c, t288c, g301a, a302g, t303c, a315g, g317a, g330a, a336g, a348t, a351g, g354a, a390g, c403t, t405g, g408a, c417t, c439t, t444c, c462a, g465a, g470a, c480t, g486a, t495c, c501t, g504a, t519c, c552t, a576g, a603g, c606t, c621t, t630c, a684g, c690a, t693c, a714t, c715t, g720a, a723g, a738c, t759a, a762g, g765a, t777c, a801g, a810g, t819c, t842c, c861t, a876c, c879a, g882a, a891g, a906g, t912c, c921t, a945t, c973t, g984a, t993c, a1011g, a1056g, g1059a, t1065c, c1112a, a1137g, c1141t, c1173t, a1188c, a1200g, g1206a, t1212c, c1222a, a1230g, g1248a, c1260t, c1287a, t1299c, c1314t, c1317t, g1343a	Cosmopolitan-ME1a	Cosmopolitan-ME1a
Cosmopolitan-ME1b	Cosmopolitan-ME1b	c45t, g69t, c96t, a102g, t126c, a132g, g135a, t138c, t144c, t150c, t175g, g182a, c183t, c186a, c204t, t219c, g225a, g228a, t240c, g246a, a252g, a261g, a279g, g283c, t303c, a315g, g317a, g324t, g330a, a336g, a348t, g354a, a390g, c403t, g408a, c417t, c423t, g441a, g447a, c462a, g465a, g470a, c480t, g486a, c501t, g504a, t519c, t570c, a603g, c606t, t616c, t630c, a684g, a714t, c715t, g720a, a723g, a738c, a741g, t759a, g765a, t777c, a810g, t819c, g834a, c861t, a876c, c879a, g882a, a891g, a906g, a945t, c973t, a975g, g984a, t993c, a1011g, g1059a, a1081c, a1137g, c1185t, a1188c, g1206a, a1209g, t1212c, a1230g, g1248a, c1260t, c1264a, c1287a, t1299c, c1314t, c1317t, g1343a	Cosmopolitan-ME1b	Cosmopolitan-ME1b
Cosmopolitan-ME1b	Cosmopolitan-ME1b	c45t, g69t, c96t, a102g, t126c, a132g, g135a, t138c, t144c, t150c, t175g, g182a, c183t, c186a, c204t, t219c, g225a, g228a, t240c, g246a, a252g, a261g, a279g, g283c, t303c, a315g, g317a, g324t, g330a, a336g, a348t, g354a, a390g, c403t, g408a, c417t, c423t, g441a, g447a, c462a, g465a, g470a, c480t, g486a, c501t, g504a, t519c, t570c, a603g, c606t, t616c, t630c, a684g, a714t, c715t, g720a, a723g, a738c, a741g, t759a, g765a, t777c, a810g, t819c, g834a, c861t, a876c, c879a, g882a, a891g, a906g, a945t, c973t, a975g, g984a, t993c, a1011g, g1059a, a1081c, a1137g, c1185t, a1188c, g1206a, a1209g, t1212c, a1230g, g1248a, c1260t, c1264a, c1287a, t1299c, c1314t, c1317t, g1343a	Cosmopolitan-ME1b	Cosmopolitan-ME1b
Cosmopolitan-AF1a	Cosmopolitan-AF1a	g81a, c96t, t126c, g135a, t138c, t144c, a147g, t150c, g162a, t175g, c177t, g182a, c183t, a192g, t201c, c204t, t219c, g225a, g228a, t240c, g258a, c264t, g283c, t303c, g317a, g330a, a336g, a348g, t357c, a390g, c403t, t411c, g414a, c417t, t433c, c462a, g465a, g470a, t474c, g486a, c501t, t519c, a525g, g535a, a549g, t558a, a603g, c606t, t630c, c645t, g678a, c690t, a714g, g720a, a723g, a741g, a744g, t759a, g765a, c772t, t777c, c786t, t819c, c861t, c879a, a891g, a906g, t912c, c921t, a945t, a975g, g984a, t993c, a996g, t1005g, a1011g, a1023g, g1053a, g1059a, t1065c, a1137g, c1141t, c1170t, a1188c, g1206a, a1230g, g1248a, g1251a, c1260t, t1290c, t1299c	Cosmopolitan-AF1a	Cosmopolitan-AF1a
Cosmopolitan-AF1a	Cosmopolitan-AF1a	g81a, c96t, t126c, g135a, t138c, t144c, a147g, t150c, g162a, t175g, c177t, g182a, c183t, a192g, t201c, c204t, t219c, g225a, g228a, t240c, g258a, c264t, g283c, t303c, g317a, g330a, a336g, a348g, t357c, a390g, c403t, t411c, g414a, c417t, t433c, c462a, g465a, g470a, t474c, g486a, c501t, t519c, a525g, g535a, a549g, t558a, a603g, c606t, t630c, c645t, g678a, c690t, a714g, g720a, a723g, a741g, a744g, t759a, g765a, c772t, t777c, c786t, t819c, c861t, c879a, a891g, a906g, t912c, c921t, a945t, a975g, g984a, t993c, a996g, t1005g, a1011g, a1023g, g1053a, g1059a, t1065c, a1137g, c1141t, c1170t, a1188c, g1206a, a1230g, g1248a, g1251a, c1260t, t1290c, t1299c	Cosmopolitan-AF1a	Cosmopolitan-AF1a
Cosmopolitan-AF1a	Cosmopolitan-AF1a	g81a, c96t, t126c, g135a, t138c, t144c, a147g, t150c, g162a, t175g, c177t, g182a, c183t, a192g, t201c, c204t, t219c, g225a, g228a, t240c, g258a, c264t, g283c, t303c, g317a, g330a, a336g, a348g, t357c, a390g, c403t, t411c, g414a, c417t, t433c, c462a, g465a, g470a, t474c, g486a, c501t, t519c, a525g, g535a, a549g, t558a, a603g, c606t, t630c, c645t, g678a, c690t, a714g, g720a, a723g, a741g, a744g, t759a, g765a, c772t, t777c, c786t, t819c, c861t, c879a, a891g, a906g, t912c, c921t, a945t, a975g, g984a, t993c, a996g, t1005g, a1011g, a1023g, g1053a, g1059a, t1065c, a1137g, c1141t, c1170t, a1188c, g1206a, a1230g, g1248a, g1251a, c1260t, t1290c, t1299c	Cosmopolitan-AF1a	Cosmopolitan-AF1a
Cosmopolitan-AF1a	Cosmopolitan-AF1a	g81a, c96t, t126c, g135a, t138c, t144c, a147g, t150c, g162a, t175g, c177t, g182a, c183t, a192g, t201c, c204t, t219c, g225a, g228a, t240c, g258a, c264t, g283c, t303c, g317a, g330a, a336g, a348g, t357c, a390g, c403t, t411c, g414a, c417t, t433c, c462a, g465a, g470a, t474c, g486a, c501t, t519c, a525g, g535a, a549g, t558a, a603g, c606t, t630c, c645t, g678a, c690t, a714g, g720a, a723g, a741g, a744g, t759a, g765a, c772t, t777c, c786t, t819c, c861t, c879a, a891g, a906g, t912c, c921t, a945t, a975g, g984a, t993c, a996g, t1005g, a1011g, a1023g, g1053a, g1059a, t1065c, a1137g, c1141t, c1170t, a1188c, g1206a, a1230g, g1248a, g1251a, c1260t, t1290c, t1299c	Cosmopolitan-AF1a	Cosmopolitan-AF1a
Cosmopolitan-AF1a	Cosmopolitan-AF1a	g81a, c96t, t126c, g135a, t138c, t144c, a147g, t150c, g162a, t175g, c177t, g182a, c183t, a192g, t201c, c204t, t219c, g225a, g228a, t240c, g258a, c264t, g283c, t303c, g317a, g330a, a336g, a348g, t357c, a390g, c403t, t411c, g414a, c417t, t433c, c462a, g465a, g470a, t474c, g486a, c501t, t519c, a525g, g535a, a549g, t558a, a603g, c606t, t630c, c645t, g678a, c690t, a714g, g720a, a723g, a741g, a744g, t759a, g765a, c772t, t777c, c786t, t819c, c861t, c879a, a891g, a906g, t912c, c921t, a945t, a975g, g984a, t993c, a996g, t1005g, a1011g, a1023g, g1053a, g1059a, t1065c, a1137g, c1141t, c1170t, a1188c, g1206a, a1230g, g1248a, g1251a, c1260t, t1290c, t1299c	Cosmopolitan-AF1a	Cosmopolitan-AF1a
Cosmopolitan-AF1a	Cosmopolitan-AF1a	g81a, c96t, t126c, g135a, t138c, t144c, a147g, t150c, g162a, t175g, c177t, g182a, c183t, a192g, t201c, c204t, t219c, g225a, g228a, t240c, g258a, c264t, g283c, t303c, g317a, g330a, a336g, a348g, t357c, a390g, c403t, t411c, g414a, c417t, t433c, c462a, g465a, g470a, t474c, g486a, c501t, t519c, a525g, g535a, a549g, t558a, a603g, c606t, t630c, c645t, g678a, c690t, a714g, g720a, a723g, a741g, a744g, t759a, g765a, c772t, t777c, c786t, t819c, c861t, c879a, a891g, a906g, t912c, c921t, a945t, a975g, g984a, t993c, a996g, t1005g, a1011g, a1023g, g1053a, g1059a, t1065c, a1137g, c1141t, c1170t, a1188c, g1206a, a1230g, g1248a, g1251a, c1260t, t1290c, t1299c	Cosmopolitan-AF1a	Cosmopolitan-AF1a
Cosmopolitan-AF1a	Cosmopolitan-AF1a	g81a, c96t, t126c, g135a, t138c, t144c, a147g, t150c, g162a, t175g, c177t, g182a, c183t, a192g, t201c, c204t, t219c, g225a, g228a, t240c, g258a, c264t, g283c, t303c, g317a, g330a, a336g, a348g, t357c, a390g, c403t, t411c, g414a, c417t, t433c, c462a, g465a, g470a, t474c, g486a, c501t, t519c, a525g, g535a, a549g, t558a, a603g, c606t, t630c, c645t, g678a, c690t, a714g, g720a, a723g, a741g, a744g, t759a, g765a, c772t, t777c, c786t, t819c, c861t, c879a, a891g, a906g, t912c, c921t, a945t, a975g, g984a, t993c, a996g, t1005g, a1011g, a1023g, g1053a, g1059a, t1065c, a1137g, c1141t, c1170t, a1188c, g1206a, a1230g, g1248a, g1251a, c1260t, t1290c, t1299c	Cosmopolitan-AF1a	Cosmopolitan-AF1a
Cosmopolitan-AF1a	Cosmopolitan-AF1a	g81a, c96t, t126c, g135a, t138c, t144c, a147g, t150c, g162a, t175g, c177t, g182a, c183t, a192g, t201c, c204t, t219c, g225a, g228a, t240c, g258a, c264t, g283c, t303c, g317a, g330a, a336g, a348g, t357c, a390g, c403t, t411c, g414a, c417t, t433c, c462a, g465a, g470a, t474c, g486a, c501t, t519c, a525g, g535a, a549g, t558a, a603g, c606t, t630c, c645t, g678a, c690t, a714g, g720a, a723g, a741g, a744g, t759a, g765a, c772t, t777c, c786t, t819c, c861t, c879a, a891g, a906g, t912c, c921t, a945t, a975g, g984a, t993c, a996g, t1005g, a1011g, a1023g, g1053a, g1059a, t1065c, a1137g, c1141t, c1170t, a1188c, g1206a, a1230g, g1248a, g1251a, c1260t, t1290c, t1299c	Cosmopolitan-AF1a	Cosmopolitan-AF1a
Cosmopolitan-AF1a	Cosmopolitan-AF1a	g81a, c96t, t126c, g135a, t138c, t144c, a147g, t150c, g162a, t175g, c177t, g182a, c183t, a192g, t201c, c204t, t219c, g225a, g228a, t240c, g258a, c264t, g283c, t303c, g317a, g330a, a336g, a348g, t357c, a390g, c403t, t411c, g414a, c417t, t433c, c462a, g465a, g470a, t474c, g486a, c501t, t519c, a525g, g535a, a549g, t558a, a603g, c606t, t630c, c645t, g678a, c690t, a714g, g720a, a723g, a741g, a744g, t759a, g765a, c772t, t777c, c786t, t819c, c861t, c879a, a891g, a906g, t912c, c921t, a945t, a975g, g984a, t993c, a996g, t1005g, a1011g, a1023g, g1053a, g1059a, t1065c, a1137g, c1141t, c1170t, a1188c, g1206a, a1230g, g1248a, g1251a, c1260t, t1290c, t1299c	Cosmopolitan-AF1a	Cosmopolitan-AF1a
Cosmopolitan-AF1a	Cosmopolitan-AF1a	g81a, c96t, t126c, g135a, t138c, t144c, a147g, t150c, g162a, t175g, c177t, g182a, c183t, a192g, t201c, c204t, t219c, g225a, g228a, t240c, g258a, c264t, g283c, t303c, g317a, g330a, a336g, a348g, t357c, a390g, c403t, t411c, g414a, c417t, t433c, c462a, g465a, g470a, t474c, g486a, c501t, t519c, a525g, g535a, a549g, t558a, a603g, c606t, t630c, c645t, g678a, c690t, a714g, g720a, a723g, a741g, a744g, t759a, g765a, c772t, t777c, c786t, t819c, c861t, c879a, a891g, a906g, t912c, c921t, a945t, a975g, g984a, t993c, a996g, t1005g, a1011g, a1023g, g1053a, g1059a, t1065c, a1137g, c1141t, c1170t, a1188c, g1206a, a1230g, g1248a, g1251a, c1260t, t1290c, t1299c	Cosmopolitan-AF1a	Cosmopolitan-AF1a
Cosmopolitan-AF1a	Cosmopolitan-AF1a	g81a, c96t, t126c, g135a, t138c, t144c, a147g, t150c, g162a, t175g, c177t, g182a, c183t, a192g, t201c, c204t, t219c, g225a, g228a, t240c, g258a, c264t, g283c, t303c, g317a, g330a, a336g, a348g, t357c, a390g, c403t, t411c, g414a, c417t, t433c, c462a, g465a, g470a, t474c, g486a, c501t, t519c, a525g, g535a, a549g, t558a, a603g, c606t, t630c, c645t, g678a, c690t, a714g, g720a, a723g, a741g, a744g, t759a, g765a, c772t, t777c, c786t, t819c, c861t, c879a, a891g, a906g, t912c, c921t, a945t, a975g, g984a, t993c, a996g, t1005g, a1011g, a1023g, g1053a, g1059a, t1065c, a1137g, c1141t, c1170t, a1188c, g1206a, a1230g, g1248a, g1251a, c1260t, t1290c, t1299c	Cosmopolitan-AF1a	Cosmopolitan-AF1a
Cosmopolitan-AF1b	Cosmopolitan-AF1b	t107c, t126c, a132g, t138c, t144c, t145c, t150c, g162a, t169c, a171g, t175g, g182a, c183t, t195a, c204t, t219c, t220c, g225a, g228a, t240c, g283c, t288c, a291g, c292a, t303c, a315g, g317a, t318c, g324a, g330a, a336g, t342c, g354a, t357c, a367g, a390g, c403t, g414a, c417t, c462a, g465a, g470a, t474c, g486a, c501t, t519c, g535a, a549g, t558c, a603g, c606t, t630c, t663c, c690t, a714g, g720a, a723g, t729a, a741g, a744g, c756t, t759a, g761a, a762g, g765a, c786t, t819c, t840a, t843c, c861t, a891g, t894a, a906g, t912c, c921t, a945t, c951t, t993c, a1011g, t1032c, t1065c, a1137g, a1140t, c1141t, c1173t, a1188c, g1206a, t1215c, t1221c, c1222a, c1227a, a1230g, g1248a, c1260t, c1287t, t1299c, c1317t, c1324t	Cosmopolitan-AF1b	Cosmopolitan-AF1b
Cosmopolitan-AF1b	Cosmopolitan-AF1b	t107c, t126c, a132g, t138c, t144c, t145c, t150c, g162a, t169c, a171g, t175g, g182a, c183t, t195a, c204t, t219c, t220c, g225a, g228a, t240c, g283c, t288c, a291g, c292a, t303c, a315g, g317a, t318c, g324a, g330a, a336g, t342c, g354a, t357c, a367g, a390g, c403t, g414a, c417t, c462a, g465a, g470a, t474c, g486a, c501t, t519c, g535a, a549g, t558c, a603g, c606t, t630c, t663c, c690t, a714g, g720a, a723g, t729a, a741g, a744g, c756t, t759a, g761a, a762g, g765a, c786t, t819c, t840a, t843c, c861t, a891g, t894a, a906g, t912c, c921t, a945t, c951t, t993c, a1011g, t1032c, t1065c, a1137g, a1140t, c1141t, c1173t, a1188c, g1206a, t1215c, t1221c, c1222a, c1227a, a1230g, g1248a, c1260t, c1287t, t1299c, c1317t, c1324t	Cosmopolitan-AF1b	Cosmopolitan-AF1b
Cosmopolitan-AF1b	Cosmopolitan-AF1b	t107c, t126c, a132g, t138c, t144c, t145c, t150c, g162a, t169c, a171g, t175g, g182a, c183t, t195a, c204t, t219c, t220c, g225a, g228a, t240c, g283c, t288c, a291g, c292a, t303c, a315g, g317a, t318c, g324a, g330a, a336g, t342c, g354a, t357c, a367g, a390g, c403t, g414a, c417t, c462a, g465a, g470a, t474c, g486a, c501t, t519c, g535a, a549g, t558c, a603g, c606t, t630c, t663c, c690t, a714g, g720a, a723g, t729a, a741g, a744g, c756t, t759a, g761a, a762g, g765a, c786t, t819c, t840a, t843c, c861t, a891g, t894a, a906g, t912c, c921t, a945t, c951t, t993c, a1011g, t1032c, t1065c, a1137g, a1140t, c1141t, c1173t, a1188c, g1206a, t1215c, t1221c, c1222a, c1227a, a1230g, g1248a, c1260t, c1287t, t1299c, c1317t, c1324t	Cosmopolitan-AF1b	Cosmopolitan-AF1b
Cosmopolitan-AF1a	Cosmopolitan-AF1a	g81a, c96t, t126c, g135a, t138c, t144c, a147g, t150c, g162a, t175g, c177t, g182a, c183t, a192g, t201c, c204t, t219c, g225a, g228a, t240c, g258a, c264t, g283c, t303c, g317a, g330a, a336g, a348g, t357c, a390g, c403t, t411c, g414a, c417t, t433c, c462a, g465a, g470a, t474c, g486a, c501t, t519c, a525g, g535a, a549g, t558a, a603g, c606t, t630c, c645t, g678a, c690t, a714g, g720a, a723g, a741g, a744g, t759a, g765a, c772t, t777c, c786t, t819c, c861t, c879a, a891g, a906g, t912c, c921t, a945t, a975g, g984a, t993c, a996g, t1005g, a1011g, a1023g, g1053a, g1059a, t1065c, a1137g, c1141t, c1170t, a1188c, g1206a, a1230g, g1248a, g1251a, c1260t, t1290c, t1299c	Cosmopolitan-AF1a	Cosmopolitan-AF1a
Cosmopolitan-AF1b	Cosmopolitan-AF1b	t107c, t126c, a132g, t138c, t144c, t145c, t150c, g162a, t169c, a171g, t175g, g182a, c183t, t195a, c204t, t219c, t220c, g225a, g228a, t240c, g283c, t288c, a291g, c292a, t303c, a315g, g317a, t318c, g324a, g330a, a336g, t342c, g354a, t357c, a367g, a390g, c403t, g414a, c417t, c462a, g465a, g470a, t474c, g486a, c501t, t519c, g535a, a549g, t558c, a603g, c606t, t630c, t663c, c690t, a714g, g720a, a723g, t729a, a741g, a744g, c756t, t759a, g761a, a762g, g765a, c786t, t819c, t840a, t843c, c861t, a891g, t894a, a906g, t912c, c921t, a945t, c951t, t993c, a1011g, t1032c, t1065c, a1137g, a1140t, c1141t, c1173t, a1188c, g1206a, t1215c, t1221c, c1222a, c1227a, a1230g, g1248a, c1260t, c1287t, t1299c, c1317t, c1324t	Cosmopolitan-AF1b	Cosmopolitan-AF1b
Cosmopolitan-AF1c	Cosmopolitan-AF1c	c45t, t72c, c96t, c99t, t126c, a132g, g135a, t144c, t145c, t150c, a153g, t175g, g182a, c183t, t201c, t207c, a210g, t219c, t220c, g225a, g228a, t240c, a252g, c270t, c282t, g283c, a300g, t303c, g317a, g330a, a336g, c402t, c403t, g414a, c417t, c423t, t426c, g441a, c453t, c462g, g465a, g470a, t474a, t483c, g486a, c501t, g513a, g535a, a549g, a603g, c606t, t616c, c690t, t693c, g720a, a723g, a741g, a744g, t759a, g765a, t777c, c786t, t819c, c849t, t855c, c861t, c867t, c874t, a891g, a906g, t912c, t915g, c921t, c939t, a945t, a975c, g984a, t993c, a1011g, t1098c, a1137g, c1141t, g1176a, a1188c, a1219g, a1230g, g1248a, c1260t, t1299c	Cosmopolitan-AF1c	Cosmopolitan-AF1c
Cosmopolitan-AF1c	Cosmopolitan-AF1c	c45t, t72c, c96t, c99t, t126c, a132g, g135a, t144c, t145c, t150c, a153g, t175g, g182a, c183t, t201c, t207c, a210g, t219c, t220c, g225a, g228a, t240c, a252g, c270t, c282t, g283c, a300g, t303c, g317a, g330a, a336g, c402t, c403t, g414a, c417t, c423t, t426c, g441a, c453t, c462g, g465a, g470a, t474a, t483c, g486a, c501t, g513a, g535a, a549g, a603g, c606t, t616c, c690t, t693c, g720a, a723g, a741g, a744g, t759a, g765a, t777c, c786t, t819c, c849t, t855c, c861t, c867t, c874t, a891g, a906g, t912c, t915g, c921t, c939t, a945t, a975c, g984a, t993c, a1011g, t1098c, a1137g, c1141t, g1176a, a1188c, a1219g, a1230g, g1248a, c1260t, t1299c	Cosmopolitan-AF1c	Cosmopolitan-AF1c
Cosmopolitan-AF1c	Cosmopolitan-AF1c	c45t, t72c, c96t, c99t, t126c, a132g, g135a, t144c, t145c, t150c, a153g, t175g, g182a, c183t, t201c, t207c, a210g, t219c, t220c, g225a, g228a, t240c, a252g, c270t, c282t, g283c, a300g, t303c, g317a, g330a, a336g, c402t, c403t, g414a, c417t, c423t, t426c, g441a, c453t, c462g, g465a, g470a, t474a, t483c, g486a, c501t, g513a, g535a, a549g, a603g, c606t, t616c, c690t, t693c, g720a, a723g, a741g, a744g, t759a, g765a, t777c, c786t, t819c, c849t, t855c, c861t, c867t, c874t, a891g, a906g, t912c, t915g, c921t, c939t, a945t, a975c, g984a, t993c, a1011g, t1098c, a1137g, c1141t, g1176a, a1188c, a1219g, a1230g, g1248a, c1260t, t1299c	Cosmopolitan-AF1c	Cosmopolitan-AF1c
Cosmopolitan-CA2	Cosmopolitan-CA2	a75g, t93c, c96t, a111g, t126c, a132g, g135a, t138c, t144c, t150c, t175g, g182a, c183t, c189t, c204t, t219c, g225a, g228a, t240c, a252t, c270t, g283c, t303c, g317a, g330a, c364t, c382t, a390g, c403t, g414a, c417t, c462a, g465a, g470a, t474c, g486a, c501t, t519c, t555c, a603g, c606t, t630c, c672t, a675g, c690t, a714g, g720a, a723g, a741g, a744g, t759a, g765a, a771t, c772t, t777c, g834a, a837c, c861t, t870c, c874t, a891g, a906g, t912c, c921t, a945t, g984a, a1011g, g1059a, c1080t, a1137g, a1140g, c1141t, t1158g, c1161t, c1170t, c1173t, a1188c, g1206a, t1212c, a1230g, g1248a, c1260t, g1266a, t1299c, g1332a, t1338c, g1341a	Cosmopolitan-CA2	Cosmopolitan-CA2
Cosmopolitan-AM1	Cosmopolitan-AM1	c90t, t93c, c96t, t126c, a129g, g135a, t138c, t144c, t150c, g162a, t175g, g182a, c183t, c204t, g225a, g228a, t240c, t243c, a252g, c264t, g283c, a297g, g317a, a336g, a348c, a376t, a390g, c396t, c403t, c417t, c432a, c439t, c462a, g465a, g470a, t483c, t519c, c552t, a561g, t585c, a603g, g678t, a714g, g720a, a723g, t729g, a741g, t759a, a760g, g765a, a768g, t819c, g831a, c861t, t915c, c921t, a945t, c951t, t990c, t993c, g994a, a1011g, a1023g, g1059a, a1062g, g1113a, a1119g, g1122a, g1138t, t1167c, a1188c, t1215c, a1230g, g1248a, c1260t, c1287t, g1297a, t1299c, a1311g, c1314t, c1317t, a1335g	Cosmopolitan-AM1	Cosmopolitan-AM1
Cosmopolitan-AM3a	Cosmopolitan-AM3a	a21g, c24t, c96t, a102g, t126c, c127t, a129g, a132g, g135a, t138c, t144c, t150c, a165g, t175g, g182a, t195g, c204t, t219c, g225a, g228a, t240c, c264t, g283c, g317a, g324t, a333c, a336g, a351g, g378a, c396t, c403t, c417t, t418c, g435a, t438c, t448c, c462a, g465a, g470a, c471t, t474a, t477c, c501t, t519c, c543t, a549g, t585c, t588c, t594c, a603g, c621t, t630c, a675g, g678a, c690t, c705t, t708c, a714g, g720a, a723g, t729a, g732t, a738c, a741g, c747t, t759a, g765a, t819c, g888a, a891g, t912c, t915c, c921t, a945t, t954c, a975t, g991a, a996c, a1011g, g1035t, a1038g, a1062g, c1080t, g1089a, a1100g, c1107t, g1122a, a1137g, a1140g, t1158a, t1167c, a1188c, a1194g, g1206a, a1230g, g1297a, t1299c, a1306g, a1307g, c1317t, t1323c, a1335g, t1348c, a1350g	Cosmopolitan-AM3a	Cosmopolitan-AM3a
Cosmopolitan-AM3a	Cosmopolitan-AM3a	a21g, c24t, c96t, a102g, t126c, c127t, a129g, a132g, g135a, t138c, t144c, t150c, a165g, t175g, g182a, t195g, c204t, t219c, g225a, g228a, t240c, c264t, g283c, g317a, g324t, a333c, a336g, a351g, g378a, c396t, c403t, c417t, t418c, g435a, t438c, t448c, c462a, g465a, g470a, c471t, t474a, t477c, c501t, t519c, c543t, a549g, t585c, t588c, t594c, a603g, c621t, t630c, a675g, g678a, c690t, c705t, t708c, a714g, g720a, a723g, t729a, g732t, a738c, a741g, c747t, t759a, g765a, t819c, g888a, a891g, t912c, t915c, c921t, a945t, t954c, a975t, g991a, a996c, a1011g, g1035t, a1038g, a1062g, c1080t, g1089a, a1100g, c1107t, g1122a, a1137g, a1140g, t1158a, t1167c, a1188c, a1194g, g1206a, a1230g, g1297a, t1299c, a1306g, a1307g, c1317t, t1323c, a1335g, t1348c, a1350g	Cosmopolitan-AM3a	Cosmopolitan-AM3a
Cosmopolitan-AM3a	Cosmopolitan-AM3a	a21g, c24t, c96t, a102g, t126c, c127t, a129g, a132g, g135a, t138c, t144c, t150c, a165g, t175g, g182a, t195g, c204t, t219c, g225a, g228a, t240c, c264t, g283c, g317a, g324t, a333c, a336g, a351g, g378a, c396t, c403t, c417t, t418c, g435a, t438c, t448c, c462a, g465a, g470a, c471t, t474a, t477c, c501t, t519c, c543t, a549g, t585c, t588c, t594c, a603g, c621t, t630c, a675g, g678a, c690t, c705t, t708c, a714g, g720a, a723g, t729a, g732t, a738c, a741g, c747t, t759a, g765a, t819c, g888a, a891g, t912c, t915c, c921t, a945t, t954c, a975t, g991a, a996c, a1011g, g1035t, a1038g, a1062g, c1080t, g1089a, a1100g, c1107t, g1122a, a1137g, a1140g, t1158a, t1167c, a1188c, a1194g, g1206a, a1230g, g1297a, t1299c, a1306g, a1307g, c1317t, t1323c, a1335g, t1348c, a1350g	Cosmopolitan-AM3a	Cosmopolitan-AM3a
Cosmopolitan-AM3b	Cosmopolitan-AM3b	a21g, a75g, c96t, c99t, a102g, t126c, c127t, a132g, g135a, t138c, c141t, t144c, t150c, t175g, g182a, c204t, t219c, g225a, g228a, t240c, g249a, g283c, g317a, g324t, a336g, g354a, a390g, c403t, t405c, g408a, g414a, c417t, t429c, t433c, t438c, c462a, g465a, g470a, t474a, t477c, c501t, t519c, t558c, a561c, t594c, t597c, a603g, t630c, a660g, a684t, t708c, a714g, g720a, a723g, t729a, a741g, a744g, c747t, c756t, t759a, g765a, g789a, t819c, a825g, t885c, g888a, a891g, t897c, a906g, c921t, a945c, t954c, a963g, a975c, t987c, g994c, a996c, t1005c, a1011g, g1026t, t1032c, a1056g, g1059a, c1080t, a1083g, a1100g, c1107t, g1110a, g1113a, t1116c, a1119g, c1120t, a1125g, a1137g, a1146t, t1167c, c1170t, c1173t, a1188c, t1212a, t1218c, a1230g, t1236c, a1245g, c1260t, t1299c, a1306g, a1307g, t1323c	Cosmopolitan-AM3b	Cosmopolitan-AM3b
Africa-3	Africa-3	a27g, t36c, g39a, g43a, t48c, g60a, a61g, c66a, g69t, t93c, c96t, c99a, t105c, t107c, a111g, c117t, t118a, t126c, g135a, t138c, t144c, t150c, t175g, c177t, g182a, c183t, a192g, t198c, c204t, t219c, t220c, g225a, g228a, t240c, g258t, g262a, g283t, g285a, c292a, a294g, t303c, c309t, g317a, t318c, c322a, g324t, a336g, g346a, g366a, a372g, a390g, c403t, c417t, g441a, a456g, c462a, g465c, a468g, g470a, t474c, t477c, c480t, t495c, c501t, t519c, g522a, t534c, t537c, c552t, c559t, a561g, a576g, t615c, t616c, g618a, c621t, c627t, t630c, t657c, a660c, t663c, a666c, t687g, t699c, a702g, c705t, t708c, a711t, a714g, t726c, t729a, a741g, a744g, c747a, c751t, c753a, t759a, g761a, g765a, a774g, c783t, g789a, c792t, g798a, a801g, a813g, t819c, a825t, g834a, t840g, t843c, t852c, c861t, a876g, t880c, a891g, t894c, t912c, t915a, c921t, t930c, c966t, a969g, g984t, t987c, a1011g, a1023g, a1044g, c1047t, c1050t, g1053a, a1056g, a1062g, c1080t, a1101g, a1104g, c1107t, g1113t, a1125g, t1131a, g1135a, a1137g, c1139t, c1164t, c1173t, c1182t, a1188g, t1191c, a1194g, c1197t, t1203c, g1206t, a1209g, a1230g, c1246t, g1248a, g1257a, c1260t, c1264a, t1272c, c1275t, a1278c, a1296g, a1305c, a1311t, c1314t, g1332a, a1335c, g1341c, g1343a, t1344c, a1352g	Africa-3	Africa-3
Africa-3	Africa-3	a27g, t36c, g39a, g43a, t48c, g60a, a61g, c66a, g69t, t93c, c96t, c99a, t105c, t107c, a111g, c117t, t118a, t126c, g135a, t138c, t144c, t150c, t175g, c177t, g182a, c183t, a192g, t198c, c204t, t219c, t220c, g225a, g228a, t240c, g258t, g262a, g283t, g285a, c292a, a294g, t303c, c309t, g317a, t318c, c322a, g324t, a336g, g346a, g366a, a372g, a390g, c403t, c417t, g441a, a456g, c462a, g465c, a468g, g470a, t474c, t477c, c480t, t495c, c501t, t519c, g522a, t534c, t537c, c552t, c559t, a561g, a576g, t615c, t616c, g618a, c621t, c627t, t630c, t657c, a660c, t663c, a666c, t687g, t699c, a702g, c705t, t708c, a711t, a714g, t726c, t729a, a741g, a744g, c747a, c751t, c753a, t759a, g761a, g765a, a774g, c783t, g789a, c792t, g798a, a801g, a813g, t819c, a825t, g834a, t840g, t843c, t852c, c861t, a876g, t880c, a891g, t894c, t912c, t915a, c921t, t930c, c966t, a969g, g984t, t987c, a1011g, a1023g, a1044g, c1047t, c1050t, g1053a, a1056g, a1062g, c1080t, a1101g, a1104g, c1107t, g1113t, a1125g, t1131a, g1135a, a1137g, c1139t, c1164t, c1173t, c1182t, a1188g, t1191c, a1194g, c1197t, t1203c, g1206t, a1209g, a1230g, c1246t, g1248a, g1257a, c1260t, c1264a, t1272c, c1275t, a1278c, a1296g, a1305c, a1311t, c1314t, g1332a, a1335c, g1341c, g1343a, t1344c, a1352g	Africa-3	Africa-3
Africa-3	Africa-3	a27g, t36c, g39a, g43a, t48c, g60a, a61g, c66a, g69t, t93c, c96t, c99a, t105c, t107c, a111g, c117t, t118a, t126c, g135a, t138c, t144c, t150c, t175g, c177t, g182a, c183t, a192g, t198c, c204t, t219c, t220c, g225a, g228a, t240c, g258t, g262a, g283t, g285a, c292a, a294g, t303c, c309t, g317a, t318c, c322a, g324t, a336g, g346a, g366a, a372g, a390g, c403t, c417t, g441a, a456g, c462a, g465c, a468g, g470a, t474c, t477c, c480t, t495c, c501t, t519c, g522a, t534c, t537c, c552t, c559t, a561g, a576g, t615c, t616c, g618a, c621t, c627t, t630c, t657c, a660c, t663c, a666c, t687g, t699c, a702g, c705t, t708c, a711t, a714g, t726c, t729a, a741g, a744g, c747a, c751t, c753a, t759a, g761a, g765a, a774g, c783t, g789a, c792t, g798a, a801g, a813g, t819c, a825t, g834a, t840g, t843c, t852c, c861t, a876g, t880c, a891g, t894c, t912c, t915a, c921t, t930c, c966t, a969g, g984t, t987c, a1011g, a1023g, a1044g, c1047t, c1050t, g1053a, a1056g, a1062g, c1080t, a1101g, a1104g, c1107t, g1113t, a1125g, t1131a, g1135a, a1137g, c1139t, c1164t, c1173t, c1182t, a1188g, t1191c, a1194g, c1197t, t1203c, g1206t, a1209g, a1230g, c1246t, g1248a, g1257a, c1260t, c1264a, t1272c, c1275t, a1278c, a1296g, a1305c, a1311t, c1314t, g1332a, a1335c, g1341c, g1343a, t1344c, a1352g	Africa-3	Africa-3
Africa-3	Africa-3	a27g, t36c, g39a, g43a, t48c, g60a, a61g, c66a, g69t, t93c, c96t, c99a, t105c, t107c, a111g, c117t, t118a, t126c, g135a, t138c, t144c, t150c, t175g, c177t, g182a, c183t, a192g, t198c, c204t, t219c, t220c, g225a, g228a, t240c, g258t, g262a, g283t, g285a, c292a, a294g, t303c, c309t, g317a, t318c, c322a, g324t, a336g, g346a, g366a, a372g, a390g, c403t, c417t, g441a, a456g, c462a, g465c, a468g, g470a, t474c, t477c, c480t, t495c, c501t, t519c, g522a, t534c, t537c, c552t, c559t, a561g, a576g, t615c, t616c, g618a, c621t, c627t, t630c, t657c, a660c, t663c, a666c, t687g, t699c, a702g, c705t, t708c, a711t, a714g, t726c, t729a, a741g, a744g, c747a, c751t, c753a, t759a, g761a, g765a, a774g, c783t, g789a, c792t, g798a, a801g, a813g, t819c, a825t, g834a, t840g, t843c, t852c, c861t, a876g, t880c, a891g, t894c, t912c, t915a, c921t, t930c, c966t, a969g, g984t, t987c, a1011g, a1023g, a1044g, c1047t, c1050t, g1053a, a1056g, a1062g, c1080t, a1101g, a1104g, c1107t, g1113t, a1125g, t1131a, g1135a, a1137g, c1139t, c1164t, c1173t, c1182t, a1188g, t1191c, a1194g, c1197t, t1203c, g1206t, a1209g, a1230g, c1246t, g1248a, g1257a, c1260t, c1264a, t1272c, c1275t, a1278c, a1296g, a1305c, a1311t, c1314t, g1332a, a1335c, g1341c, g1343a, t1344c, a1352g	Africa-3	Africa-3
Africa-3	Africa-3	a27g, t36c, g39a, g43a, t48c, g60a, a61g, c66a, g69t, t93c, c96t, c99a, t105c, t107c, a111g, c117t, t118a, t126c, g135a, t138c, t144c, t150c, t175g, c177t, g182a, c183t, a192g, t198c, c204t, t219c, t220c, g225a, g228a, t240c, g258t, g262a, g283t, g285a, c292a, a294g, t303c, c309t, g317a, t318c, c322a, g324t, a336g, g346a, g366a, a372g, a390g, c403t, c417t, g441a, a456g, c462a, g465c, a468g, g470a, t474c, t477c, c480t, t495c, c501t, t519c, g522a, t534c, t537c, c552t, c559t, a561g, a576g, t615c, t616c, g618a, c621t, c627t, t630c, t657c, a660c, t663c, a666c, t687g, t699c, a702g, c705t, t708c, a711t, a714g, t726c, t729a, a741g, a744g, c747a, c751t, c753a, t759a, g761a, g765a, a774g, c783t, g789a, c792t, g798a, a801g, a813g, t819c, a825t, g834a, t840g, t843c, t852c, c861t, a876g, t880c, a891g, t894c, t912c, t915a, c921t, t930c, c966t, a969g, g984t, t987c, a1011g, a1023g, a1044g, c1047t, c1050t, g1053a, a1056g, a1062g, c1080t, a1101g, a1104g, c1107t, g1113t, a1125g, t1131a, g1135a, a1137g, c1139t, c1164t, c1173t, c1182t, a1188g, t1191c, a1194g, c1197t, t1203c, g1206t, a1209g, a1230g, c1246t, g1248a, g1257a, c1260t, c1264a, t1272c, c1275t, a1278c, a1296g, a1305c, a1311t, c1314t, g1332a, a1335c, g1341c, g1343a, t1344c, a1352g	Africa-3	Africa-3
Africa-3	Africa-3	a27g, t36c, g39a, g43a, t48c, g60a, a61g, c66a, g69t, t93c, c96t, c99a, t105c, t107c, a111g, c117t, t118a, t126c, g135a, t138c, t144c, t150c, t175g, c177t, g182a, c183t, a192g, t198c, c204t, t219c, t220c, g225a, g228a, t240c, g258t, g262a, g283t, g285a, c292a, a294g, t303c, c309t, g317a, t318c, c322a, g324t, a336g, g346a, g366a, a372g, a390g, c403t, c417t, g441a, a456g, c462a, g465c, a468g, g470a, t474c, t477c, c480t, t495c, c501t, t519c, g522a, t534c, t537c, c552t, c559t, a561g, a576g, t615c, t616c, g618a, c621t, c627t, t630c, t657c, a660c, t663c, a666c, t687g, t699c, a702g, c705t, t708c, a711t, a714g, t726c, t729a, a741g, a744g, c747a, c751t, c753a, t759a, g761a, g765a, a774g, c783t, g789a, c792t, g798a, a801g, a813g, t819c, a825t, g834a, t840g, t843c, t852c, c861t, a876g, t880c, a891g, t894c, t912c, t915a, c921t, t930c, c966t, a969g, g984t, t987c, a1011g, a1023g, a1044g, c1047t, c1050t, g1053a, a1056g, a1062g, c1080t, a1101g, a1104g, c1107t, g1113t, a1125g, t1131a, g1135a, a1137g, c1139t, c1164t, c1173t, c1182t, a1188g, t1191c, a1194g, c1197t, t1203c, g1206t, a1209g, a1230g, c1246t, g1248a, g1257a, c1260t, c1264a, t1272c, c1275t, a1278c, a1296g, a1305c, a1311t, c1314t, g1332a, a1335c, g1341c, g1343a, t1344c, a1352g	Africa-3	Africa-3
Arctic-related-A	Arctic-related-A	c30t, c96t, c99t, a102g, t105c, a111g, t118a, a123c, t126c, a132g, g135a, t138c, a147g, t150c, a153g, t175g, a178t, g182a, c183t, c186t, a192g, c204t, t207c, t219c, g222a, g225a, g228c, t240c, t243c, a252g, g258c, a279g, g283c, a294g, g317a, a336g, t342a, a344g, c364t, a369g, c375g, a387t, a390g, c402t, t405a, c417t, g447a, t448c, g450a, c462t, g470a, c501t, t519c, t531c, g535a, a540g, a549g, c552t, a561g, a576g, t585c, t588c, t616c, c621a, a624g, t630c, a660g, g678a, c681t, a684g, t687a, t708c, a711g, a714g, g720a, a744g, c747a, c756t, t759a, a762g, g765a, g789a, t795c, g828a, g831a, t852c, c861t, c867t, a876g, a891g, t894c, t912a, c921t, t936c, a945c, t960a, c966g, c972t, a975g, t987c, a1011g, c1021t, g1026a, c1033t, a1038g, a1044g, c1047t, a1056g, g1059a, a1062g, a1071g, c1107t, g1111a, c1120t, g1135a, t1136c, a1137g, c1164t, t1167g, c1170t, a1188c, t1191g, t1203c, g1206t, a1209g, a1219g, t1221c, a1230g, t1236c, a1239g, t1242c, c1243a, g1248a, t1284c, c1287a, t1293c, c1314t, c1317t, c1329t, a1335g, g1341t, a1350g	Arctic-related-A	Arctic-related-A
Arctic-related-AL1b	Arctic-related-AL1b	c12t, t48c, c96t, a102g, t105c, a111g, t118a, a123c, t126c, a132g, g135a, t145c, a147g, t150c, a153g, t169c, t175g, a178t, g182a, c183t, c186t, a192g, t195c, c204t, t219c, g222a, g225a, g228t, a231g, t240c, g246a, g258t, a279g, c282a, g283t, g285a, c292a, a315g, g317a, g324t, a336g, c364t, g366a, c375a, a387g, c402t, t405c, c417t, t444c, t448c, c462t, g470a, t474c, g486a, c492t, c501t, t516c, t519c, t531g, g535a, c543t, t555c, c559t, a561g, a576g, t585c, g618a, c621a, a624g, t630c, t657c, a660g, a669g, g678a, a684g, t687a, a702g, t708c, a711g, a714g, a723g, t729c, a738c, a744g, c747a, c756t, t759a, a762g, g765a, g789a, t795c, a825g, g831a, t852c, c861t, a876g, a891g, t894c, t912a, c921t, a945t, t954c, t960g, c966g, a969g, c972t, a975g, t987c, t993c, c995g, c1021t, c1033t, a1038g, a1044g, c1047t, a1056g, g1059a, a1062g, t1065c, a1071g, t1086c, g1089a, a1101g, c1107t, g1111a, t1116a, c1120t, a1140g, t1152c, c1164t, t1167g, c1170t, a1188c, t1203c, g1206c, a1219g, a1230g, t1236c, t1242c, g1248a, c1275t, t1284c, t1293c, c1314t, c1329t, g1341t	Arctic-related-AL1b	Arctic-related-AL1b
Arctic-related-AL1b	Arctic-related-AL1b	c12t, t48c, c96t, a102g, t105c, a111g, t118a, a123c, t126c, a132g, g135a, t145c, a147g, t150c, a153g, t169c, t175g, a178t, g182a, c183t, c186t, a192g, t195c, c204t, t219c, g222a, g225a, g228t, a231g, t240c, g246a, g258t, a279g, c282a, g283t, g285a, c292a, a315g, g317a, g324t, a336g, c364t, g366a, c375a, a387g, c402t, t405c, c417t, t444c, t448c, c462t, g470a, t474c, g486a, c492t, c501t, t516c, t519c, t531g, g535a, c543t, t555c, c559t, a561g, a576g, t585c, g618a, c621a, a624g, t630c, t657c, a660g, a669g, g678a, a684g, t687a, a702g, t708c, a711g, a714g, a723g, t729c, a738c, a744g, c747a, c756t, t759a, a762g, g765a, g789a, t795c, a825g, g831a, t852c, c861t, a876g, a891g, t894c, t912a, c921t, a945t, t954c, t960g, c966g, a969g, c972t, a975g, t987c, t993c, c995g, c1021t, c1033t, a1038g, a1044g, c1047t, a1056g, g1059a, a1062g, t1065c, a1071g, t1086c, g1089a, a1101g, c1107t, g1111a, t1116a, c1120t, a1140g, t1152c, c1164t, t1167g, c1170t, a1188c, t1203c, g1206c, a1219g, a1230g, t1236c, t1242c, g1248a, c1275t, t1284c, t1293c, c1314t, c1329t, g1341t	Arctic-related-AL1b	Arctic-related-AL1b
Arctic-related-AL1b	Arctic-related-AL1b	c12t, t48c, c96t, a102g, t105c, a111g, t118a, a123c, t126c, a132g, g135a, t145c, a147g, t150c, a153g, t169c, t175g, a178t, g182a, c183t, c186t, a192g, t195c, c204t, t219c, g222a, g225a, g228t, a231g, t240c, g246a, g258t, a279g, c282a, g283t, g285a, c292a, a315g, g317a, g324t, a336g, c364t, g366a, c375a, a387g, c402t, t405c, c417t, t444c, t448c, c462t, g470a, t474c, g486a, c492t, c501t, t516c, t519c, t531g, g535a, c543t, t555c, c559t, a561g, a576g, t585c, g618a, c621a, a624g, t630c, t657c, a660g, a669g, g678a, a684g, t687a, a702g, t708c, a711g, a714g, a723g, t729c, a738c, a744g, c747a, c756t, t759a, a762g, g765a, g789a, t795c, a825g, g831a, t852c, c861t, a876g, a891g, t894c, t912a, c921t, a945t, t954c, t960g, c966g, a969g, c972t, a975g, t987c, t993c, c995g, c1021t, c1033t, a1038g, a1044g, c1047t, a1056g, g1059a, a1062g, t1065c, a1071g, t1086c, g1089a, a1101g, c1107t, g1111a, t1116a, c1120t, a1140g, t1152c, c1164t, t1167g, c1170t, a1188c, t1203c, g1206c, a1219g, a1230g, t1236c, t1242c, g1248a, c1275t, t1284c, t1293c, c1314t, c1329t, g1341t	Arctic-related-AL1b	Arctic-related-AL1b
Arctic-related-AL3	Arctic-related-AL3	c96t, a102g, t105c, a111g, t118a, a123c, t126c, a132g, g135a, t138c, a147g, t150c, a153g, t168c, t175g, c177t, a178t, g182a, c183t, c186t, a192g, c204t, t219c, g225a, g228t, a231g, t240c, t243c, g258t, a279g, g283t, a315g, g317a, g324t, a336g, c364t, a369g, a372g, c375g, a387g, a390g, c402t, c417t, t448c, a456g, c462t, g470a, t474c, g486a, c492t, c501t, t519c, g535a, g546a, a576g, t585c, t597g, t615c, c621a, a624g, t630c, c645t, t657c, a660g, a669g, c672t, g678a, t687a, a702g, t708c, a711g, a714g, a723g, a744g, c747a, c756t, t759a, a762g, g765a, a774g, t795c, g804a, g831a, t852c, c861t, a876g, g888a, a891g, t894c, t912a, c921t, a945t, c951t, t960g, c966a, a969g, c972t, a975g, t987c, c995g, a1011g, t1020c, c1021t, c1033t, a1038g, a1044g, c1047t, c1050t, a1056g, g1059a, a1062g, t1065c, t1086c, g1089a, a1095g, t1098c, a1101g, c1107t, g1111a, c1120t, a1137g, a1140g, c1164t, t1167g, c1170t, c1173t, a1188c, t1203c, g1206c, a1219g, t1221c, a1230g, t1236c, t1242c, g1248a, c1275t, a1278t, t1284c, t1293c, a1296g, a1305g, c1314t, a1335g, g1341c, c1347t, a1352g	Arctic-related-AL3	Arctic-related-AL3
Africa-2	Africa-2	c45t, t48c, t57a, g87a, c96t, t105c, t106c, a111g, t118a, t126c, c127t, a132g, g135a, t138c, t150c, t175g, g182a, c183t, a192g, c216t, g225a, g228t, g237a, t238c, t240c, g246a, g258t, c270t, g283t, c292a, a297g, t303c, c312t, g317a, g324t, a333c, a336g, t342g, g354a, t357c, c375t, t399g, c402t, c403t, g408a, g414a, c417t, t429g, g450a, c462g, g465a, g470a, t474a, t477c, t483c, c501t, a502c, t534c, t537c, c543t, c552t, a561g, c573t, t582c, t588c, a603g, a610c, t615c, c627a, t630c, t638a, g654a, a669c, t687a, c705t, t708c, a711t, a714g, a723g, t726c, t729a, a744g, c747a, c753t, c756t, t759a, g765a, t777c, g798a, a801g, a808c, t819c, a837t, t840g, t852c, c861t, t870c, a873g, c874t, a876g, c879t, t880c, t885c, t894c, t897g, a903g, t912g, t915a, c921t, g924a, a945t, c951t, a963g, a969g, c972t, c973t, a981g, t987c, a1011g, t1020c, c1029t, g1035a, a1038g, g1041a, a1044g, c1047t, c1050t, g1053a, g1059c, t1065c, c1080t, t1086c, g1089a, t1098c, c1107t, g1113a, c1120t, a1125g, c1134t, a1137g, t1152c, t1158c, c1170t, c1173t, c1179t, c1185t, a1188c, a1200g, g1206t, t1212c, a1224g, a1230g, t1236c, t1242g, g1248a, g1257t, c1264a, c1275t, t1299c, t1302c, c1314t, c1317t, t1323c, g1332a, g1341t, c1347t	Africa-2	Africa-2
Africa-2	Africa-2	c45t, t48c, t57a, g87a, c96t, t105c, t106c, a111g, t118a, t126c, c127t, a132g, g135a, t138c, t150c, t175g, g182a, c183t, a192g, c216t, g225a, g228t, g237a, t238c, t240c, g246a, g258t, c270t, g283t, c292a, a297g, t303c, c312t, g317a, g324t, a333c, a336g, t342g, g354a, t357c, c375t, t399g, c402t, c403t, g408a, g414a, c417t, t429g, g450a, c462g, g465a, g470a, t474a, t477c, t483c, c501t, a502c, t534c, t537c, c543t, c552t, a561g, c573t, t582c, t588c, a603g, a610c, t615c, c627a, t630c, t638a, g654a, a669c, t687a, c705t, t708c, a711t, a714g, a723g, t726c, t729a, a744g, c747a, c753t, c756t, t759a, g765a, t777c, g798a, a801g, a808c, t819c, a837t, t840g, t852c, c861t, t870c, a873g, c874t, a876g, c879t, t880c, t885c, t894c, t897g, a903g, t912g, t915a, c921t, g924a, a945t, c951t, a963g, a969g, c972t, c973t, a981g, t987c, a1011g, t1020c, c1029t, g1035a, a1038g, g1041a, a1044g, c1047t, c1050t, g1053a, g1059c, t1065c, c1080t, t1086c, g1089a, t1098c, c1107t, g1113a, c1120t, a1125g, c1134t, a1137g, t1152c, t1158c, c1170t, c1173t, c1179t, c1185t, a1188c, a1200g, g1206t, t1212c, a1224g, a1230g, t1236c, t1242g, g1248a, g1257t, c1264a, c1275t, t1299c, t1302c, c1314t, c1317t, t1323c, g1332a, g1341t, c1347t	Africa-2	Africa-2
Africa-2	Africa-2	c45t, t48c, t57a, g87a, c96t, t105c, t106c, a111g, t118a, t126c, c127t, a132g, g135a, t138c, t150c, t175g, g182a, c183t, a192g, c216t, g225a, g228t, g237a, t238c, t240c, g246a, g258t, c270t, g283t, c292a, a297g, t303c, c312t, g317a, g324t, a333c, a336g, t342g, g354a, t357c, c375t, t399g, c402t, c403t, g408a, g414a, c417t, t429g, g450a, c462g, g465a, g470a, t474a, t477c, t483c, c501t, a502c, t534c, t537c, c543t, c552t, a561g, c573t, t582c, t588c, a603g, a610c, t615c, c627a, t630c, t638a, g654a, a669c, t687a, c705t, t708c, a711t, a714g, a723g, t726c, t729a, a744g, c747a, c753t, c756t, t759a, g765a, t777c, g798a, a801g, a808c, t819c, a837t, t840g, t852c, c861t, t870c, a873g, c874t, a876g, c879t, t880c, t885c, t894c, t897g, a903g, t912g, t915a, c921t, g924a, a945t, c951t, a963g, a969g, c972t, c973t, a981g, t987c, a1011g, t1020c, c1029t, g1035a, a1038g, g1041a, a1044g, c1047t, c1050t, g1053a, g1059c, t1065c, c1080t, t1086c, g1089a, t1098c, c1107t, g1113a, c1120t, a1125g, c1134t, a1137g, t1152c, t1158c, c1170t, c1173t, c1179t, c1185t, a1188c, a1200g, g1206t, t1212c, a1224g, a1230g, t1236c, t1242g, g1248a, g1257t, c1264a, c1275t, t1299c, t1302c, c1314t, c1317t, t1323c, g1332a, g1341t, c1347t	Africa-2	Africa-2
Africa-2	Africa-2	c45t, t48c, t57a, g87a, c96t, t105c, t106c, a111g, t118a, t126c, c127t, a132g, g135a, t138c, t150c, t175g, g182a, c183t, a192g, c216t, g225a, g228t, g237a, t238c, t240c, g246a, g258t, c270t, g283t, c292a, a297g, t303c, c312t, g317a, g324t, a333c, a336g, t342g, g354a, t357c, c375t, t399g, c402t, c403t, g408a, g414a, c417t, t429g, g450a, c462g, g465a, g470a, t474a, t477c, t483c, c501t, a502c, t534c, t537c, c543t, c552t, a561g, c573t, t582c, t588c, a603g, a610c, t615c, c627a, t630c, t638a, g654a, a669c, t687a, c705t, t708c, a711t, a714g, a723g, t726c, t729a, a744g, c747a, c753t, c756t, t759a, g765a, t777c, g798a, a801g, a808c, t819c, a837t, t840g, t852c, c861t, t870c, a873g, c874t, a876g, c879t, t880c, t885c, t894c, t897g, a903g, t912g, t915a, c921t, g924a, a945t, c951t, a963g, a969g, c972t, c973t, a981g, t987c, a1011g, t1020c, c1029t, g1035a, a1038g, g1041a, a1044g, c1047t, c1050t, g1053a, g1059c, t1065c, c1080t, t1086c, g1089a, t1098c, c1107t, g1113a, c1120t, a1125g, c1134t, a1137g, t1152c, t1158c, c1170t, c1173t, c1179t, c1185t, a1188c, a1200g, g1206t, t1212c, a1224g, a1230g, t1236c, t1242g, g1248a, g1257t, c1264a, c1275t, t1299c, t1302c, c1314t, c1317t, t1323c, g1332a, g1341t, c1347t	Africa-2	Africa-2
Africa-2	Africa-2	c45t, t48c, t57a, g87a, c96t, t105c, t106c, a111g, t118a, t126c, c127t, a132g, g135a, t138c, t150c, t175g, g182a, c183t, a192g, c216t, g225a, g228t, g237a, t238c, t240c, g246a, g258t, c270t, g283t, c292a, a297g, t303c, c312t, g317a, g324t, a333c, a336g, t342g, g354a, t357c, c375t, t399g, c402t, c403t, g408a, g414a, c417t, t429g, g450a, c462g, g465a, g470a, t474a, t477c, t483c, c501t, a502c, t534c, t537c, c543t, c552t, a561g, c573t, t582c, t588c, a603g, a610c, t615c, c627a, t630c, t638a, g654a, a669c, t687a, c705t, t708c, a711t, a714g, a723g, t726c, t729a, a744g, c747a, c753t, c756t, t759a, g765a, t777c, g798a, a801g, a808c, t819c, a837t, t840g, t852c, c861t, t870c, a873g, c874t, a876g, c879t, t880c, t885c, t894c, t897g, a903g, t912g, t915a, c921t, g924a, a945t, c951t, a963g, a969g, c972t, c973t, a981g, t987c, a1011g, t1020c, c1029t, g1035a, a1038g, g1041a, a1044g, c1047t, c1050t, g1053a, g1059c, t1065c, c1080t, t1086c, g1089a, t1098c, c1107t, g1113a, c1120t, a1125g, c1134t, a1137g, t1152c, t1158c, c1170t, c1173t, c1179t, c1185t, a1188c, a1200g, g1206t, t1212c, a1224g, a1230g, t1236c, t1242g, g1248a, g1257t, c1264a, c1275t, t1299c, t1302c, c1314t, c1317t, t1323c, g1332a, g1341t, c1347t	Africa-2	Africa-2
Africa-2	Africa-2	c45t, t48c, t57a, g87a, c96t, t105c, t106c, a111g, t118a, t126c, c127t, a132g, g135a, t138c, t150c, t175g, g182a, c183t, a192g, c216t, g225a, g228t, g237a, t238c, t240c, g246a, g258t, c270t, g283t, c292a, a297g, t303c, c312t, g317a, g324t, a333c, a336g, t342g, g354a, t357c, c375t, t399g, c402t, c403t, g408a, g414a, c417t, t429g, g450a, c462g, g465a, g470a, t474a, t477c, t483c, c501t, a502c, t534c, t537c, c543t, c552t, a561g, c573t, t582c, t588c, a603g, a610c, t615c, c627a, t630c, t638a, g654a, a669c, t687a, c705t, t708c, a711t, a714g, a723g, t726c, t729a, a744g, c747a, c753t, c756t, t759a, g765a, t777c, g798a, a801g, a808c, t819c, a837t, t840g, t852c, c861t, t870c, a873g, c874t, a876g, c879t, t880c, t885c, t894c, t897g, a903g, t912g, t915a, c921t, g924a, a945t, c951t, a963g, a969g, c972t, c973t, a981g, t987c, a1011g, t1020c, c1029t, g1035a, a1038g, g1041a, a1044g, c1047t, c1050t, g1053a, g1059c, t1065c, c1080t, t1086c, g1089a, t1098c, c1107t, g1113a, c1120t, a1125g, c1134t, a1137g, t1152c, t1158c, c1170t, c1173t, c1179t, c1185t, a1188c, a1200g, g1206t, t1212c, a1224g, a1230g, t1236c, t1242g, g1248a, g1257t, c1264a, c1275t, t1299c, t1302c, c1314t, c1317t, t1323c, g1332a, g1341t, c1347t	Africa-2	Africa-2
Africa-2	Africa-2	c45t, t48c, t57a, g87a, c96t, t105c, t106c, a111g, t118a, t126c, c127t, a132g, g135a, t138c, t150c, t175g, g182a, c183t, a192g, c216t, g225a, g228t, g237a, t238c, t240c, g246a, g258t, c270t, g283t, c292a, a297g, t303c, c312t, g317a, g324t, a333c, a336g, t342g, g354a, t357c, c375t, t399g, c402t, c403t, g408a, g414a, c417t, t429g, g450a, c462g, g465a, g470a, t474a, t477c, t483c, c501t, a502c, t534c, t537c, c543t, c552t, a561g, c573t, t582c, t588c, a603g, a610c, t615c, c627a, t630c, t638a, g654a, a669c, t687a, c705t, t708c, a711t, a714g, a723g, t726c, t729a, a744g, c747a, c753t, c756t, t759a, g765a, t777c, g798a, a801g, a808c, t819c, a837t, t840g, t852c, c861t, t870c, a873g, c874t, a876g, c879t, t880c, t885c, t894c, t897g, a903g, t912g, t915a, c921t, g924a, a945t, c951t, a963g, a969g, c972t, c973t, a981g, t987c, a1011g, t1020c, c1029t, g1035a, a1038g, g1041a, a1044g, c1047t, c1050t, g1053a, g1059c, t1065c, c1080t, t1086c, g1089a, t1098c, c1107t, g1113a, c1120t, a1125g, c1134t, a1137g, t1152c, t1158c, c1170t, c1173t, c1179t, c1185t, a1188c, a1200g, g1206t, t1212c, a1224g, a1230g, t1236c, t1242g, g1248a, g1257t, c1264a, c1275t, t1299c, t1302c, c1314t, c1317t, t1323c, g1332a, g1341t, c1347t	Africa-2	Africa-2
Africa-2	Africa-2	c45t, t48c, t57a, g87a, c96t, t105c, t106c, a111g, t118a, t126c, c127t, a132g, g135a, t138c, t150c, t175g, g182a, c183t, a192g, c216t, g225a, g228t, g237a, t238c, t240c, g246a, g258t, c270t, g283t, c292a, a297g, t303c, c312t, g317a, g324t, a333c, a336g, t342g, g354a, t357c, c375t, t399g, c402t, c403t, g408a, g414a, c417t, t429g, g450a, c462g, g465a, g470a, t474a, t477c, t483c, c501t, a502c, t534c, t537c, c543t, c552t, a561g, c573t, t582c, t588c, a603g, a610c, t615c, c627a, t630c, t638a, g654a, a669c, t687a, c705t, t708c, a711t, a714g, a723g, t726c, t729a, a744g, c747a, c753t, c756t, t759a, g765a, t777c, g798a, a801g, a808c, t819c, a837t, t840g, t852c, c861t, t870c, a873g, c874t, a876g, c879t, t880c, t885c, t894c, t897g, a903g, t912g, t915a, c921t, g924a, a945t, c951t, a963g, a969g, c972t, c973t, a981g, t987c, a1011g, t1020c, c1029t, g1035a, a1038g, g1041a, a1044g, c1047t, c1050t, g1053a, g1059c, t1065c, c1080t, t1086c, g1089a, t1098c, c1107t, g1113a, c1120t, a1125g, c1134t, a1137g, t1152c, t1158c, c1170t, c1173t, c1179t, c1185t, a1188c, a1200g, g1206t, t1212c, a1224g, a1230g, t1236c, t1242g, g1248a, g1257t, c1264a, c1275t, t1299c, t1302c, c1314t, c1317t, t1323c, g1332a, g1341t, c1347t	Africa-2	Africa-2
Africa-2	Africa-2	c45t, t48c, t57a, g87a, c96t, t105c, t106c, a111g, t118a, t126c, c127t, a132g, g135a, t138c, t150c, t175g, g182a, c183t, a192g, c216t, g225a, g228t, g237a, t238c, t240c, g246a, g258t, c270t, g283t, c292a, a297g, t303c, c312t, g317a, g324t, a333c, a336g, t342g, g354a, t357c, c375t, t399g, c402t, c403t, g408a, g414a, c417t, t429g, g450a, c462g, g465a, g470a, t474a, t477c, t483c, c501t, a502c, t534c, t537c, c543t, c552t, a561g, c573t, t582c, t588c, a603g, a610c, t615c, c627a, t630c, t638a, g654a, a669c, t687a, c705t, t708c, a711t, a714g, a723g, t726c, t729a, a744g, c747a, c753t, c756t, t759a, g765a, t777c, g798a, a801g, a808c, t819c, a837t, t840g, t852c, c861t, t870c, a873g, c874t, a876g, c879t, t880c, t885c, t894c, t897g, a903g, t912g, t915a, c921t, g924a, a945t, c951t, a963g, a969g, c972t, c973t, a981g, t987c, a1011g, t1020c, c1029t, g1035a, a1038g, g1041a, a1044g, c1047t, c1050t, g1053a, g1059c, t1065c, c1080t, t1086c, g1089a, t1098c, c1107t, g1113a, c1120t, a1125g, c1134t, a1137g, t1152c, t1158c, c1170t, c1173t, c1179t, c1185t, a1188c, a1200g, g1206t, t1212c, a1224g, a1230g, t1236c, t1242g, g1248a, g1257t, c1264a, c1275t, t1299c, t1302c, c1314t, c1317t, t1323c, g1332a, g1341t, c1347t	Africa-2	Africa-2
Africa-2	Africa-2	c45t, t48c, t57a, g87a, c96t, t105c, t106c, a111g, t118a, t126c, c127t, a132g, g135a, t138c, t150c, t175g, g182a, c183t, a192g, c216t, g225a, g228t, g237a, t238c, t240c, g246a, g258t, c270t, g283t, c292a, a297g, t303c, c312t, g317a, g324t, a333c, a336g, t342g, g354a, t357c, c375t, t399g, c402t, c403t, g408a, g414a, c417t, t429g, g450a, c462g, g465a, g470a, t474a, t477c, t483c, c501t, a502c, t534c, t537c, c543t, c552t, a561g, c573t, t582c, t588c, a603g, a610c, t615c, c627a, t630c, t638a, g654a, a669c, t687a, c705t, t708c, a711t, a714g, a723g, t726c, t729a, a744g, c747a, c753t, c756t, t759a, g765a, t777c, g798a, a801g, a808c, t819c, a837t, t840g, t852c, c861t, t870c, a873g, c874t, a876g, c879t, t880c, t885c, t894c, t897g, a903g, t912g, t915a, c921t, g924a, a945t, c951t, a963g, a969g, c972t, c973t, a981g, t987c, a1011g, t1020c, c1029t, g1035a, a1038g, g1041a, a1044g, c1047t, c1050t, g1053a, g1059c, t1065c, c1080t, t1086c, g1089a, t1098c, c1107t, g1113a, c1120t, a1125g, c1134t, a1137g, t1152c, t1158c, c1170t, c1173t, c1179t, c1185t, a1188c, a1200g, g1206t, t1212c, a1224g, a1230g, t1236c, t1242g, g1248a, g1257t, c1264a, c1275t, t1299c, t1302c, c1314t, c1317t, t1323c, g1332a, g1341t, c1347t	Africa-2	Africa-2
Africa-2	Africa-2	c45t, t48c, t57a, g87a, c96t, t105c, t106c, a111g, t118a, t126c, c127t, a132g, g135a, t138c, t150c, t175g, g182a, c183t, a192g, c216t, g225a, g228t, g237a, t238c, t240c, g246a, g258t, c270t, g283t, c292a, a297g, t303c, c312t, g317a, g324t, a333c, a336g, t342g, g354a, t357c, c375t, t399g, c402t, c403t, g408a, g414a, c417t, t429g, g450a, c462g, g465a, g470a, t474a, t477c, t483c, c501t, a502c, t534c, t537c, c543t, c552t, a561g, c573t, t582c, t588c, a603g, a610c, t615c, c627a, t630c, t638a, g654a, a669c, t687a, c705t, t708c, a711t, a714g, a723g, t726c, t729a, a744g, c747a, c753t, c756t, t759a, g765a, t777c, g798a, a801g, a808c, t819c, a837t, t840g, t852c, c861t, t870c, a873g, c874t, a876g, c879t, t880c, t885c, t894c, t897g, a903g, t912g, t915a, c921t, g924a, a945t, c951t, a963g, a969g, c972t, c973t, a981g, t987c, a1011g, t1020c, c1029t, g1035a, a1038g, g1041a, a1044g, c1047t, c1050t, g1053a, g1059c, t1065c, c1080t, t1086c, g1089a, t1098c, c1107t, g1113a, c1120t, a1125g, c1134t, a1137g, t1152c, t1158c, c1170t, c1173t, c1179t, c1185t, a1188c, a1200g, g1206t, t1212c, a1224g, a1230g, t1236c, t1242g, g1248a, g1257t, c1264a, c1275t, t1299c, t1302c, c1314t, c1317t, t1323c, g1332a, g1341t, c1347t	Africa-2	Africa-2
Africa-2	Africa-2	c45t, t48c, t57a, g87a, c96t, t105c, t106c, a111g, t118a, t126c, c127t, a132g, g135a, t138c, t150c, t175g, g182a, c183t, a192g, c216t, g225a, g228t, g237a, t238c, t240c, g246a, g258t, c270t, g283t, c292a, a297g, t303c, c312t, g317a, g324t, a333c, a336g, t342g, g354a, t357c, c375t, t399g, c402t, c403t, g408a, g414a, c417t, t429g, g450a, c462g, g465a, g470a, t474a, t477c, t483c, c501t, a502c, t534c, t537c, c543t, c552t, a561g, c573t, t582c, t588c, a603g, a610c, t615c, c627a, t630c, t638a, g654a, a669c, t687a, c705t, t708c, a711t, a714g, a723g, t726c, t729a, a744g, c747a, c753t, c756t, t759a, g765a, t777c, g798a, a801g, a808c, t819c, a837t, t840g, t852c, c861t, t870c, a873g, c874t, a876g, c879t, t880c, t885c, t894c, t897g, a903g, t912g, t915a, c921t, g924a, a945t, c951t, a963g, a969g, c972t, c973t, a981g, t987c, a1011g, t1020c, c1029t, g1035a, a1038g, g1041a, a1044g, c1047t, c1050t, g1053a, g1059c, t1065c, c1080t, t1086c, g1089a, t1098c, c1107t, g1113a, c1120t, a1125g, c1134t, a1137g, t1152c, t1158c, c1170t, c1173t, c1179t, c1185t, a1188c, a1200g, g1206t, t1212c, a1224g, a1230g, t1236c, t1242g, g1248a, g1257t, c1264a, c1275t, t1299c, t1302c, c1314t, c1317t, t1323c, g1332a, g1341t, c1347t	Africa-2	Africa-2
Africa-2	Africa-2	c45t, t48c, t57a, g87a, c96t, t105c, t106c, a111g, t118a, t126c, c127t, a132g, g135a, t138c, t150c, t175g, g182a, c183t, a192g, c216t, g225a, g228t, g237a, t238c, t240c, g246a, g258t, c270t, g283t, c292a, a297g, t303c, c312t, g317a, g324t, a333c, a336g, t342g, g354a, t357c, c375t, t399g, c402t, c403t, g408a, g414a, c417t, t429g, g450a, c462g, g465a, g470a, t474a, t477c, t483c, c501t, a502c, t534c, t537c, c543t, c552t, a561g, c573t, t582c, t588c, a603g, a610c, t615c, c627a, t630c, t638a, g654a, a669c, t687a, c705t, t708c, a711t, a714g, a723g, t726c, t729a, a744g, c747a, c753t, c756t, t759a, g765a, t777c, g798a, a801g, a808c, t819c, a837t, t840g, t852c, c861t, t870c, a873g, c874t, a876g, c879t, t880c, t885c, t894c, t897g, a903g, t912g, t915a, c921t, g924a, a945t, c951t, a963g, a969g, c972t, c973t, a981g, t987c, a1011g, t1020c, c1029t, g1035a, a1038g, g1041a, a1044g, c1047t, c1050t, g1053a, g1059c, t1065c, c1080t, t1086c, g1089a, t1098c, c1107t, g1113a, c1120t, a1125g, c1134t, a1137g, t1152c, t1158c, c1170t, c1173t, c1179t, c1185t, a1188c, a1200g, g1206t, t1212c, a1224g, a1230g, t1236c, t1242g, g1248a, g1257t, c1264a, c1275t, t1299c, t1302c, c1314t, c1317t, t1323c, g1332a, g1341t, c1347t	Africa-2	Africa-2
Africa-2	Africa-2	c45t, t48c, t57a, g87a, c96t, t105c, t106c, a111g, t118a, t126c, c127t, a132g, g135a, t138c, t150c, t175g, g182a, c183t, a192g, c216t, g225a, g228t, g237a, t238c, t240c, g246a, g258t, c270t, g283t, c292a, a297g, t303c, c312t, g317a, g324t, a333c, a336g, t342g, g354a, t357c, c375t, t399g, c402t, c403t, g408a, g414a, c417t, t429g, g450a, c462g, g465a, g470a, t474a, t477c, t483c, c501t, a502c, t534c, t537c, c543t, c552t, a561g, c573t, t582c, t588c, a603g, a610c, t615c, c627a, t630c, t638a, g654a, a669c, t687a, c705t, t708c, a711t, a714g, a723g, t726c, t729a, a744g, c747a, c753t, c756t, t759a, g765a, t777c, g798a, a801g, a808c, t819c, a837t, t840g, t852c, c861t, t870c, a873g, c874t, a876g, c879t, t880c, t885c, t894c, t897g, a903g, t912g, t915a, c921t, g924a, a945t, c951t, a963g, a969g, c972t, c973t, a981g, t987c, a1011g, t1020c, c1029t, g1035a, a1038g, g1041a, a1044g, c1047t, c1050t, g1053a, g1059c, t1065c, c1080t, t1086c, g1089a, t1098c, c1107t, g1113a, c1120t, a1125g, c1134t, a1137g, t1152c, t1158c, c1170t, c1173t, c1179t, c1185t, a1188c, a1200g, g1206t, t1212c, a1224g, a1230g, t1236c, t1242g, g1248a, g1257t, c1264a, c1275t, t1299c, t1302c, c1314t, c1317t, t1323c, g1332a, g1341t, c1347t	Africa-2	Africa-2
Africa-2	Africa-2	c45t, t48c, t57a, g87a, c96t, t105c, t106c, a111g, t118a, t126c, c127t, a132g, g135a, t138c, t150c, t175g, g182a, c183t, a192g, c216t, g225a, g228t, g237a, t238c, t240c, g246a, g258t, c270t, g283t, c292a, a297g, t303c, c312t, g317a, g324t, a333c, a336g, t342g, g354a, t357c, c375t, t399g, c402t, c403t, g408a, g414a, c417t, t429g, g450a, c462g, g465a, g470a, t474a, t477c, t483c, c501t, a502c, t534c, t537c, c543t, c552t, a561g, c573t, t582c, t588c, a603g, a610c, t615c, c627a, t630c, t638a, g654a, a669c, t687a, c705t, t708c, a711t, a714g, a723g, t726c, t729a, a744g, c747a, c753t, c756t, t759a, g765a, t777c, g798a, a801g, a808c, t819c, a837t, t840g, t852c, c861t, t870c, a873g, c874t, a876g, c879t, t880c, t885c, t894c, t897g, a903g, t912g, t915a, c921t, g924a, a945t, c951t, a963g, a969g, c972t, c973t, a981g, t987c, a1011g, t1020c, c1029t, g1035a, a1038g, g1041a, a1044g, c1047t, c1050t, g1053a, g1059c, t1065c, c1080t, t1086c, g1089a, t1098c, c1107t, g1113a, c1120t, a1125g, c1134t, a1137g, t1152c, t1158c, c1170t, c1173t, c1179t, c1185t, a1188c, a1200g, g1206t, t1212c, a1224g, a1230g, t1236c, t1242g, g1248a, g1257t, c1264a, c1275t, t1299c, t1302c, c1314t, c1317t, t1323c, g1332a, g1341t, c1347t	Africa-2	Africa-2
Africa-2	Africa-2	c45t, t48c, t57a, g87a, c96t, t105c, t106c, a111g, t118a, t126c, c127t, a132g, g135a, t138c, t150c, t175g, g182a, c183t, a192g, c216t, g225a, g228t, g237a, t238c, t240c, g246a, g258t, c270t, g283t, c292a, a297g, t303c, c312t, g317a, g324t, a333c, a336g, t342g, g354a, t357c, c375t, t399g, c402t, c403t, g408a, g414a, c417t, t429g, g450a, c462g, g465a, g470a, t474a, t477c, t483c, c501t, a502c, t534c, t537c, c543t, c552t, a561g, c573t, t582c, t588c, a603g, a610c, t615c, c627a, t630c, t638a, g654a, a669c, t687a, c705t, t708c, a711t, a714g, a723g, t726c, t729a, a744g, c747a, c753t, c756t, t759a, g765a, t777c, g798a, a801g, a808c, t819c, a837t, t840g, t852c, c861t, t870c, a873g, c874t, a876g, c879t, t880c, t885c, t894c, t897g, a903g, t912g, t915a, c921t, g924a, a945t, c951t, a963g, a969g, c972t, c973t, a981g, t987c, a1011g, t1020c, c1029t, g1035a, a1038g, g1041a, a1044g, c1047t, c1050t, g1053a, g1059c, t1065c, c1080t, t1086c, g1089a, t1098c, c1107t, g1113a, c1120t, a1125g, c1134t, a1137g, t1152c, t1158c, c1170t, c1173t, c1179t, c1185t, a1188c, a1200g, g1206t, t1212c, a1224g, a1230g, t1236c, t1242g, g1248a, g1257t, c1264a, c1275t, t1299c, t1302c, c1314t, c1317t, t1323c, g1332a, g1341t, c1347t	Africa-2	Africa-2
IndianSubcontinent	IndianSubcontinent	c30t, t48c, t57c, t63c, c66t, g69a, a75g, g87a, t93g, t105c, t106c, a111g, g114a, c117t, t118a, t120c, t126c, a132g, c141t, t144c, t150c, a153g, g162a, a165t, a171g, a174g, t175g, g182a, c183t, c186t, a192g, t198c, c204t, a210g, t213c, g222a, g225a, g228t, g237a, t243c, g249a, a250t, a252c, g258t, a261g, c270t, c282a, g283c, t288c, c292a, a294g, a300g, t303c, c312t, g317a, g324c, g327a, g330t, a336g, t339c, a351g, t363c, a369c, c375a, c382t, g384a, a387g, a390g, c402t, c403t, c417t, t418c, a445c, a456g, c462g, g470a, t474c, t477c, c480t, t483c, c501t, a540g, c543t, c559t, a561g, a576g, t597c, a603g, t615c, g618a, c621t, c627a, t630c, t639c, a660g, a666c, c672t, g678a, c690t, a702g, t708c, a714g, a723g, t729a, a741g, c747a, c753t, c756t, t759a, g765a, a768g, a774g, a801g, a810g, g828t, t840c, c849t, t852c, c861t, c867t, c874t, a876g, t880c, g882a, t885c, g888t, a891g, t894c, t897g, t912a, t918c, t936c, a945t, c951t, c972t, a975t, t1002c, a1011g, a1023c, c1029a, g1035a, g1041a, a1044g, c1047t, c1050t, g1053a, a1056g, a1068g, a1125g, g1135a, a1137t, c1141t, a1146t, t1152c, t1158c, c1170t, c1179t, c1185t, a1200g, g1206t, a1230g, c1246t, g1251a, g1257a, c1264a, a1269g, c1275t, t1302c, c1317a, a1326c, a1335g, g1341t	IndianSubcontinent	IndianSubcontinent
IndianSubcontinent	IndianSubcontinent	c30t, t48c, t57c, t63c, c66t, g69a, a75g, g87a, t93g, t105c, t106c, a111g, g114a, c117t, t118a, t120c, t126c, a132g, c141t, t144c, t150c, a153g, g162a, a165t, a171g, a174g, t175g, g182a, c183t, c186t, a192g, t198c, c204t, a210g, t213c, g222a, g225a, g228t, g237a, t243c, g249a, a250t, a252c, g258t, a261g, c270t, c282a, g283c, t288c, c292a, a294g, a300g, t303c, c312t, g317a, g324c, g327a, g330t, a336g, t339c, a351g, t363c, a369c, c375a, c382t, g384a, a387g, a390g, c402t, c403t, c417t, t418c, a445c, a456g, c462g, g470a, t474c, t477c, c480t, t483c, c501t, a540g, c543t, c559t, a561g, a576g, t597c, a603g, t615c, g618a, c621t, c627a, t630c, t639c, a660g, a666c, c672t, g678a, c690t, a702g, t708c, a714g, a723g, t729a, a741g, c747a, c753t, c756t, t759a, g765a, a768g, a774g, a801g, a810g, g828t, t840c, c849t, t852c, c861t, c867t, c874t, a876g, t880c, g882a, t885c, g888t, a891g, t894c, t897g, t912a, t918c, t936c, a945t, c951t, c972t, a975t, t1002c, a1011g, a1023c, c1029a, g1035a, g1041a, a1044g, c1047t, c1050t, g1053a, a1056g, a1068g, a1125g, g1135a, a1137t, c1141t, a1146t, t1152c, t1158c, c1170t, c1179t, c1185t, a1200g, g1206t, a1230g, c1246t, g1251a, g1257a, c1264a, a1269g, c1275t, t1302c, c1317a, a1326c, a1335g, g1341t	IndianSubcontinent	IndianSubcontinent
Asian-SEA3	Asian-SEA3	t48c, t57a, a75g, g87a, t93a, c96t, a102g, t105c, a111g, c117t, t118a, g119c, a132g, t144c, t145c, a147g, t168c, t169c, a171g, a174t, t175g, g182a, c186t, a192g, c204t, a210g, t219c, g225a, g228t, g237a, t240c, t243c, g249a, a250g, t255c, g258t, g283t, t303c, c312t, a315t, g317a, g324t, g327a, g354t, t363a, c375t, c382g, a387g, c393t, t399c, c402t, c403g, g414a, c417t, c423t, g435a, c462g, g470a, t477c, a525t, t537a, a540g, g546a, a561g, a576g, t582c, t597c, a603g, t615c, c621t, t630c, c658t, a660g, a669t, c672a, c681t, t687g, t708c, a714g, c715t, g720a, a723g, t726c, t729a, a741g, a744g, c747a, t759g, a768g, a771c, g804a, t819c, g822a, g828c, g831a, g834a, a837t, t840c, t843c, t852c, t870c, c874t, a876g, t880c, g888a, a891g, t897c, a906g, t912a, c921t, a945c, c951t, a963g, a969g, c972t, a975t, a981t, t993c, a996t, t1002c, t1005c, t1017a, a1023c, g1026a, c1033t, a1044g, c1047t, c1050t, g1053a, a1056g, a1072c, c1080t, a1083g, a1092g, a1101g, a1104g, c1107t, g1113a, a1119g, c1120t, c1124t, a1125g, t1152c, t1158c, c1164t, c1170t, c1179t, a1188c, a1194g, c1197g, t1203c, g1206t, t1215c, t1218c, a1230g, t1236c, g1257a, c1264a, c1275t, t1276g, a1278c, c1287t, t1290c, t1302c, a1305g, c1314t, g1341a, a1350g	Asian-SEA3	Asian-SEA3
Asian-SEA3	Asian-SEA3	t48c, t57a, a75g, g87a, t93a, c96t, a102g, t105c, a111g, c117t, t118a, g119c, a132g, t144c, t145c, a147g, t168c, t169c, a171g, a174t, t175g, g182a, c186t, a192g, c204t, a210g, t219c, g225a, g228t, g237a, t240c, t243c, g249a, a250g, t255c, g258t, g283t, t303c, c312t, a315t, g317a, g324t, g327a, g354t, t363a, c375t, c382g, a387g, c393t, t399c, c402t, c403g, g414a, c417t, c423t, g435a, c462g, g470a, t477c, a525t, t537a, a540g, g546a, a561g, a576g, t582c, t597c, a603g, t615c, c621t, t630c, c658t, a660g, a669t, c672a, c681t, t687g, t708c, a714g, c715t, g720a, a723g, t726c, t729a, a741g, a744g, c747a, t759g, a768g, a771c, g804a, t819c, g822a, g828c, g831a, g834a, a837t, t840c, t843c, t852c, t870c, c874t, a876g, t880c, g888a, a891g, t897c, a906g, t912a, c921t, a945c, c951t, a963g, a969g, c972t, a975t, a981t, t993c, a996t, t1002c, t1005c, t1017a, a1023c, g1026a, c1033t, a1044g, c1047t, c1050t, g1053a, a1056g, a1072c, c1080t, a1083g, a1092g, a1101g, a1104g, c1107t, g1113a, a1119g, c1120t, c1124t, a1125g, t1152c, t1158c, c1164t, c1170t, c1179t, a1188c, a1194g, c1197g, t1203c, g1206t, t1215c, t1218c, a1230g, t1236c, g1257a, c1264a, c1275t, t1276g, a1278c, c1287t, t1290c, t1302c, a1305g, c1314t, g1341a, a1350g	Asian-SEA3	Asian-SEA3
Asian-SEA3	Asian-SEA3	t48c, t57a, a75g, g87a, t93a, c96t, a102g, t105c, a111g, c117t, t118a, g119c, a132g, t144c, t145c, a147g, t168c, t169c, a171g, a174t, t175g, g182a, c186t, a192g, c204t, a210g, t219c, g225a, g228t, g237a, t240c, t243c, g249a, a250g, t255c, g258t, g283t, t303c, c312t, a315t, g317a, g324t, g327a, g354t, t363a, c375t, c382g, a387g, c393t, t399c, c402t, c403g, g414a, c417t, c423t, g435a, c462g, g470a, t477c, a525t, t537a, a540g, g546a, a561g, a576g, t582c, t597c, a603g, t615c, c621t, t630c, c658t, a660g, a669t, c672a, c681t, t687g, t708c, a714g, c715t, g720a, a723g, t726c, t729a, a741g, a744g, c747a, t759g, a768g, a771c, g804a, t819c, g822a, g828c, g831a, g834a, a837t, t840c, t843c, t852c, t870c, c874t, a876g, t880c, g888a, a891g, t897c, a906g, t912a, c921t, a945c, c951t, a963g, a969g, c972t, a975t, a981t, t993c, a996t, t1002c, t1005c, t1017a, a1023c, g1026a, c1033t, a1044g, c1047t, c1050t, g1053a, a1056g, a1072c, c1080t, a1083g, a1092g, a1101g, a1104g, c1107t, g1113a, a1119g, c1120t, c1124t, a1125g, t1152c, t1158c, c1164t, c1170t, c1179t, a1188c, a1194g, c1197g, t1203c, g1206t, t1215c, t1218c, a1230g, t1236c, g1257a, c1264a, c1275t, t1276g, a1278c, c1287t, t1290c, t1302c, a1305g, c1314t, g1341a, a1350g	Asian-SEA3	Asian-SEA3
Asian-SEA3	Asian-SEA3	t48c, t57a, a75g, g87a, t93a, c96t, a102g, t105c, a111g, c117t, t118a, g119c, a132g, t144c, t145c, a147g, t168c, t169c, a171g, a174t, t175g, g182a, c186t, a192g, c204t, a210g, t219c, g225a, g228t, g237a, t240c, t243c, g249a, a250g, t255c, g258t, g283t, t303c, c312t, a315t, g317a, g324t, g327a, g354t, t363a, c375t, c382g, a387g, c393t, t399c, c402t, c403g, g414a, c417t, c423t, g435a, c462g, g470a, t477c, a525t, t537a, a540g, g546a, a561g, a576g, t582c, t597c, a603g, t615c, c621t, t630c, c658t, a660g, a669t, c672a, c681t, t687g, t708c, a714g, c715t, g720a, a723g, t726c, t729a, a741g, a744g, c747a, t759g, a768g, a771c, g804a, t819c, g822a, g828c, g831a, g834a, a837t, t840c, t843c, t852c, t870c, c874t, a876g, t880c, g888a, a891g, t897c, a906g, t912a, c921t, a945c, c951t, a963g, a969g, c972t, a975t, a981t, t993c, a996t, t1002c, t1005c, t1017a, a1023c, g1026a, c1033t, a1044g, c1047t, c1050t, g1053a, a1056g, a1072c, c1080t, a1083g, a1092g, a1101g, a1104g, c1107t, g1113a, a1119g, c1120t, c1124t, a1125g, t1152c, t1158c, c1164t, c1170t, c1179t, a1188c, a1194g, c1197g, t1203c, g1206t, t1215c, t1218c, a1230g, t1236c, g1257a, c1264a, c1275t, t1276g, a1278c, c1287t, t1290c, t1302c, a1305g, c1314t, g1341a, a1350g	Asian-SEA3	Asian-SEA3
Asian-SEA3	Asian-SEA3	t48c, t57a, a75g, g87a, t93a, c96t, a102g, t105c, a111g, c117t, t118a, g119c, a132g, t144c, t145c, a147g, t168c, t169c, a171g, a174t, t175g, g182a, c186t, a192g, c204t, a210g, t219c, g225a, g228t, g237a, t240c, t243c, g249a, a250g, t255c, g258t, g283t, t303c, c312t, a315t, g317a, g324t, g327a, g354t, t363a, c375t, c382g, a387g, c393t, t399c, c402t, c403g, g414a, c417t, c423t, g435a, c462g, g470a, t477c, a525t, t537a, a540g, g546a, a561g, a576g, t582c, t597c, a603g, t615c, c621t, t630c, c658t, a660g, a669t, c672a, c681t, t687g, t708c, a714g, c715t, g720a, a723g, t726c, t729a, a741g, a744g, c747a, t759g, a768g, a771c, g804a, t819c, g822a, g828c, g831a, g834a, a837t, t840c, t843c, t852c, t870c, c874t, a876g, t880c, g888a, a891g, t897c, a906g, t912a, c921t, a945c, c951t, a963g, a969g, c972t, a975t, a981t, t993c, a996t, t1002c, t1005c, t1017a, a1023c, g1026a, c1033t, a1044g, c1047t, c1050t, g1053a, a1056g, a1072c, c1080t, a1083g, a1092g, a1101g, a1104g, c1107t, g1113a, a1119g, c1120t, c1124t, a1125g, t1152c, t1158c, c1164t, c1170t, c1179t, a1188c, a1194g, c1197g, t1203c, g1206t, t1215c, t1218c, a1230g, t1236c, g1257a, c1264a, c1275t, t1276g, a1278c, c1287t, t1290c, t1302c, a1305g, c1314t, g1341a, a1350g	Asian-SEA3	Asian-SEA3
Asian-SEA3	Asian-SEA3	t48c, t57a, a75g, g87a, t93a, c96t, a102g, t105c, a111g, c117t, t118a, g119c, a132g, t144c, t145c, a147g, t168c, t169c, a171g, a174t, t175g, g182a, c186t, a192g, c204t, a210g, t219c, g225a, g228t, g237a, t240c, t243c, g249a, a250g, t255c, g258t, g283t, t303c, c312t, a315t, g317a, g324t, g327a, g354t, t363a, c375t, c382g, a387g, c393t, t399c, c402t, c403g, g414a, c417t, c423t, g435a, c462g, g470a, t477c, a525t, t537a, a540g, g546a, a561g, a576g, t582c, t597c, a603g, t615c, c621t, t630c, c658t, a660g, a669t, c672a, c681t, t687g, t708c, a714g, c715t, g720a, a723g, t726c, t729a, a741g, a744g, c747a, t759g, a768g, a771c, g804a, t819c, g822a, g828c, g831a, g834a, a837t, t840c, t843c, t852c, t870c, c874t, a876g, t880c, g888a, a891g, t897c, a906g, t912a, c921t, a945c, c951t, a963g, a969g, c972t, a975t, a981t, t993c, a996t, t1002c, t1005c, t1017a, a1023c, g1026a, c1033t, a1044g, c1047t, c1050t, g1053a, a1056g, a1072c, c1080t, a1083g, a1092g, a1101g, a1104g, c1107t, g1113a, a1119g, c1120t, c1124t, a1125g, t1152c, t1158c, c1164t, c1170t, c1179t, a1188c, a1194g, c1197g, t1203c, g1206t, t1215c, t1218c, a1230g, t1236c, g1257a, c1264a, c1275t, t1276g, a1278c, c1287t, t1290c, t1302c, a1305g, c1314t, g1341a, a1350g	Asian-SEA3	Asian-SEA3
Asian-SEA3	Asian-SEA3	t48c, t57a, a75g, g87a, t93a, c96t, a102g, t105c, a111g, c117t, t118a, g119c, a132g, t144c, t145c, a147g, t168c, t169c, a171g, a174t, t175g, g182a, c186t, a192g, c204t, a210g, t219c, g225a, g228t, g237a, t240c, t243c, g249a, a250g, t255c, g258t, g283t, t303c, c312t, a315t, g317a, g324t, g327a, g354t, t363a, c375t, c382g, a387g, c393t, t399c, c402t, c403g, g414a, c417t, c423t, g435a, c462g, g470a, t477c, a525t, t537a, a540g, g546a, a561g, a576g, t582c, t597c, a603g, t615c, c621t, t630c, c658t, a660g, a669t, c672a, c681t, t687g, t708c, a714g, c715t, g720a, a723g, t726c, t729a, a741g, a744g, c747a, t759g, a768g, a771c, g804a, t819c, g822a, g828c, g831a, g834a, a837t, t840c, t843c, t852c, t870c, c874t, a876g, t880c, g888a, a891g, t897c, a906g, t912a, c921t, a945c, c951t, a963g, a969g, c972t, a975t, a981t, t993c, a996t, t1002c, t1005c, t1017a, a1023c, g1026a, c1033t, a1044g, c1047t, c1050t, g1053a, a1056g, a1072c, c1080t, a1083g, a1092g, a1101g, a1104g, c1107t, g1113a, a1119g, c1120t, c1124t, a1125g, t1152c, t1158c, c1164t, c1170t, c1179t, a1188c, a1194g, c1197g, t1203c, g1206t, t1215c, t1218c, a1230g, t1236c, g1257a, c1264a, c1275t, t1276g, a1278c, c1287t, t1290c, t1302c, a1305g, c1314t, g1341a, a1350g	Asian-SEA3	Asian-SEA3
Asian-SEA3	Asian-SEA3	t48c, t57a, a75g, g87a, t93a, c96t, a102g, t105c, a111g, c117t, t118a, g119c, a132g, t144c, t145c, a147g, t168c, t169c, a171g, a174t, t175g, g182a, c186t, a192g, c204t, a210g, t219c, g225a, g228t, g237a, t240c, t243c, g249a, a250g, t255c, g258t, g283t, t303c, c312t, a315t, g317a, g324t, g327a, g354t, t363a, c375t, c382g, a387g, c393t, t399c, c402t, c403g, g414a, c417t, c423t, g435a, c462g, g470a, t477c, a525t, t537a, a540g, g546a, a561g, a576g, t582c, t597c, a603g, t615c, c621t, t630c, c658t, a660g, a669t, c672a, c681t, t687g, t708c, a714g, c715t, g720a, a723g, t726c, t729a, a741g, a744g, c747a, t759g, a768g, a771c, g804a, t819c, g822a, g828c, g831a, g834a, a837t, t840c, t843c, t852c, t870c, c874t, a876g, t880c, g888a, a891g, t897c, a906g, t912a, c921t, a945c, c951t, a963g, a969g, c972t, a975t, a981t, t993c, a996t, t1002c, t1005c, t1017a, a1023c, g1026a, c1033t, a1044g, c1047t, c1050t, g1053a, a1056g, a1072c, c1080t, a1083g, a1092g, a1101g, a1104g, c1107t, g1113a, a1119g, c1120t, c1124t, a1125g, t1152c, t1158c, c1164t, c1170t, c1179t, a1188c, a1194g, c1197g, t1203c, g1206t, t1215c, t1218c, a1230g, t1236c, g1257a, c1264a, c1275t, t1276g, a1278c, c1287t, t1290c, t1302c, a1305g, c1314t, g1341a, a1350g	Asian-SEA3	Asian-SEA3
Asian-SEA3	Asian-SEA3	t48c, t57a, a75g, g87a, t93a, c96t, a102g, t105c, a111g, c117t, t118a, g119c, a132g, t144c, t145c, a147g, t168c, t169c, a171g, a174t, t175g, g182a, c186t, a192g, c204t, a210g, t219c, g225a, g228t, g237a, t240c, t243c, g249a, a250g, t255c, g258t, g283t, t303c, c312t, a315t, g317a, g324t, g327a, g354t, t363a, c375t, c382g, a387g, c393t, t399c, c402t, c403g, g414a, c417t, c423t, g435a, c462g, g470a, t477c, a525t, t537a, a540g, g546a, a561g, a576g, t582c, t597c, a603g, t615c, c621t, t630c, c658t, a660g, a669t, c672a, c681t, t687g, t708c, a714g, c715t, g720a, a723g, t726c, t729a, a741g, a744g, c747a, t759g, a768g, a771c, g804a, t819c, g822a, g828c, g831a, g834a, a837t, t840c, t843c, t852c, t870c, c874t, a876g, t880c, g888a, a891g, t897c, a906g, t912a, c921t, a945c, c951t, a963g, a969g, c972t, a975t, a981t, t993c, a996t, t1002c, t1005c, t1017a, a1023c, g1026a, c1033t, a1044g, c1047t, c1050t, g1053a, a1056g, a1072c, c1080t, a1083g, a1092g, a1101g, a1104g, c1107t, g1113a, a1119g, c1120t, c1124t, a1125g, t1152c, t1158c, c1164t, c1170t, c1179t, a1188c, a1194g, c1197g, t1203c, g1206t, t1215c, t1218c, a1230g, t1236c, g1257a, c1264a, c1275t, t1276g, a1278c, c1287t, t1290c, t1302c, a1305g, c1314t, g1341a, a1350g	Asian-SEA3	Asian-SEA3
Asian-SEA3	Asian-SEA3	t48c, t57a, a75g, g87a, t93a, c96t, a102g, t105c, a111g, c117t, t118a, g119c, a132g, t144c, t145c, a147g, t168c, t169c, a171g, a174t, t175g, g182a, c186t, a192g, c204t, a210g, t219c, g225a, g228t, g237a, t240c, t243c, g249a, a250g, t255c, g258t, g283t, t303c, c312t, a315t, g317a, g324t, g327a, g354t, t363a, c375t, c382g, a387g, c393t, t399c, c402t, c403g, g414a, c417t, c423t, g435a, c462g, g470a, t477c, a525t, t537a, a540g, g546a, a561g, a576g, t582c, t597c, a603g, t615c, c621t, t630c, c658t, a660g, a669t, c672a, c681t, t687g, t708c, a714g, c715t, g720a, a723g, t726c, t729a, a741g, a744g, c747a, t759g, a768g, a771c, g804a, t819c, g822a, g828c, g831a, g834a, a837t, t840c, t843c, t852c, t870c, c874t, a876g, t880c, g888a, a891g, t897c, a906g, t912a, c921t, a945c, c951t, a963g, a969g, c972t, a975t, a981t, t993c, a996t, t1002c, t1005c, t1017a, a1023c, g1026a, c1033t, a1044g, c1047t, c1050t, g1053a, a1056g, a1072c, c1080t, a1083g, a1092g, a1101g, a1104g, c1107t, g1113a, a1119g, c1120t, c1124t, a1125g, t1152c, t1158c, c1164t, c1170t, c1179t, a1188c, a1194g, c1197g, t1203c, g1206t, t1215c, t1218c, a1230g, t1236c, g1257a, c1264a, c1275t, t1276g, a1278c, c1287t, t1290c, t1302c, a1305g, c1314t, g1341a, a1350g	Asian-SEA3	Asian-SEA3
Asian-SEA3	Asian-SEA3	t48c, t57a, a75g, g87a, t93a, c96t, a102g, t105c, a111g, c117t, t118a, g119c, a132g, t144c, t145c, a147g, t168c, t169c, a171g, a174t, t175g, g182a, c186t, a192g, c204t, a210g, t219c, g225a, g228t, g237a, t240c, t243c, g249a, a250g, t255c, g258t, g283t, t303c, c312t, a315t, g317a, g324t, g327a, g354t, t363a, c375t, c382g, a387g, c393t, t399c, c402t, c403g, g414a, c417t, c423t, g435a, c462g, g470a, t477c, a525t, t537a, a540g, g546a, a561g, a576g, t582c, t597c, a603g, t615c, c621t, t630c, c658t, a660g, a669t, c672a, c681t, t687g, t708c, a714g, c715t, g720a, a723g, t726c, t729a, a741g, a744g, c747a, t759g, a768g, a771c, g804a, t819c, g822a, g828c, g831a, g834a, a837t, t840c, t843c, t852c, t870c, c874t, a876g, t880c, g888a, a891g, t897c, a906g, t912a, c921t, a945c, c951t, a963g, a969g, c972t, a975t, a981t, t993c, a996t, t1002c, t1005c, t1017a, a1023c, g1026a, c1033t, a1044g, c1047t, c1050t, g1053a, a1056g, a1072c, c1080t, a1083g, a1092g, a1101g, a1104g, c1107t, g1113a, a1119g, c1120t, c1124t, a1125g, t1152c, t1158c, c1164t, c1170t, c1179t, a1188c, a1194g, c1197g, t1203c, g1206t, t1215c, t1218c, a1230g, t1236c, g1257a, c1264a, c1275t, t1276g, a1278c, c1287t, t1290c, t1302c, a1305g, c1314t, g1341a, a1350g	Asian-SEA3	Asian-SEA3
Asian-SEA4	Asian-SEA4	c24t, t57c, g87a, t93a, t105c, t106c, g114a, t118a, a123c, t126c, c127t, a132g, t144c, t150c, a153g, t168c, t169c, a171g, a174c, t175g, g182a, c183t, a192g, t201a, c204t, a210g, c216t, t219c, t220c, g222a, g225a, g228t, g237a, t240c, t255c, g258t, c264t, a279g, g283t, g285a, t303c, a315t, g317a, t321c, g324t, g327a, g330t, a336g, t342c, g354a, a369g, a381g, a388c, a390g, c402t, c403t, t405a, g408a, c417t, c423a, t433c, g441t, c462g, g470a, c471t, t474a, t477c, t483c, a498g, t516c, t519c, a525c, a540g, t555c, a561g, a576g, t582c, t585c, t588c, a603g, t615c, c621g, c627a, t630c, c658t, a660g, a669t, c672t, t708c, a714g, g720a, t729g, a741g, a744g, c747a, t759a, a774g, t819c, g822a, a825g, a837t, t852c, c874t, t880c, g882a, t885c, g888a, a891g, t894a, t897g, t912a, t915a, g924t, c939t, a945t, a969g, c972t, a975t, a981g, t1002c, t1005c, a1011g, a1023g, g1026a, t1032c, c1033t, a1044g, c1047t, c1050t, g1053a, a1056g, a1104g, c1107t, t1116c, a1119g, c1120t, a1125t, a1140g, g1143a, t1149c, t1152c, t1158g, c1161t, c1170t, c1173t, g1176a, c1179t, c1182t, a1188c, a1200g, g1206t, a1209g, t1215a, t1218c, a1230g, t1236c, g1248a, g1257a, c1264a, t1272c, c1275g, a1278c, t1284c, t1299c, c1314t, a1335g, c1347t, a1350g	Asian-SEA4	Asian-SEA4
Asian-SEA4	Asian-SEA4	c24t, t57c, g87a, t93a, t105c, t106c, g114a, t118a, a123c, t126c, c127t, a132g, t144c, t150c, a153g, t168c, t169c, a171g, a174c, t175g, g182a, c183t, a192g, t201a, c204t, a210g, c216t, t219c, t220c, g222a, g225a, g228t, g237a, t240c, t255c, g258t, c264t, a279g, g283t, g285a, t303c, a315t, g317a, t321c, g324t, g327a, g330t, a336g, t342c, g354a, a369g, a381g, a388c, a390g, c402t, c403t, t405a, g408a, c417t, c423a, t433c, g441t, c462g, g470a, c471t, t474a, t477c, t483c, a498g, t516c, t519c, a525c, a540g, t555c, a561g, a576g, t582c, t585c, t588c, a603g, t615c, c621g, c627a, t630c, c658t, a660g, a669t, c672t, t708c, a714g, g720a, t729g, a741g, a744g, c747a, t759a, a774g, t819c, g822a, a825g, a837t, t852c, c874t, t880c, g882a, t885c, g888a, a891g, t894a, t897g, t912a, t915a, g924t, c939t, a945t, a969g, c972t, a975t, a981g, t1002c, t1005c, a1011g, a1023g, g1026a, t1032c, c1033t, a1044g, c1047t, c1050t, g1053a, a1056g, a1104g, c1107t, t1116c, a1119g, c1120t, a1125t, a1140g, g1143a, t1149c, t1152c, t1158g, c1161t, c1170t, c1173t, g1176a, c1179t, c1182t, a1188c, a1200g, g1206t, a1209g, t1215a, t1218c, a1230g, t1236c, g1248a, g1257a, c1264a, t1272c, c1275g, a1278c, t1284c, t1299c, c1314t, a1335g, c1347t, a1350g	Asian-SEA4	Asian-SEA4
Asian-SEA4	Asian-SEA4	c24t, t57c, g87a, t93a, t105c, t106c, g114a, t118a, a123c, t126c, c127t, a132g, t144c, t150c, a153g, t168c, t169c, a171g, a174c, t175g, g182a, c183t, a192g, t201a, c204t, a210g, c216t, t219c, t220c, g222a, g225a, g228t, g237a, t240c, t255c, g258t, c264t, a279g, g283t, g285a, t303c, a315t, g317a, t321c, g324t, g327a, g330t, a336g, t342c, g354a, a369g, a381g, a388c, a390g, c402t, c403t, t405a, g408a, c417t, c423a, t433c, g441t, c462g, g470a, c471t, t474a, t477c, t483c, a498g, t516c, t519c, a525c, a540g, t555c, a561g, a576g, t582c, t585c, t588c, a603g, t615c, c621g, c627a, t630c, c658t, a660g, a669t, c672t, t708c, a714g, g720a, t729g, a741g, a744g, c747a, t759a, a774g, t819c, g822a, a825g, a837t, t852c, c874t, t880c, g882a, t885c, g888a, a891g, t894a, t897g, t912a, t915a, g924t, c939t, a945t, a969g, c972t, a975t, a981g, t1002c, t1005c, a1011g, a1023g, g1026a, t1032c, c1033t, a1044g, c1047t, c1050t, g1053a, a1056g, a1104g, c1107t, t1116c, a1119g, c1120t, a1125t, a1140g, g1143a, t1149c, t1152c, t1158g, c1161t, c1170t, c1173t, g1176a, c1179t, c1182t, a1188c, a1200g, g1206t, a1209g, t1215a, t1218c, a1230g, t1236c, g1248a, g1257a, c1264a, t1272c, c1275g, a1278c, t1284c, t1299c, c1314t, a1335g, c1347t, a1350g	Asian-SEA4	Asian-SEA4
Asian-SEA4	Asian-SEA4	c24t, t57c, g87a, t93a, t105c, t106c, g114a, t118a, a123c, t126c, c127t, a132g, t144c, t150c, a153g, t168c, t169c, a171g, a174c, t175g, g182a, c183t, a192g, t201a, c204t, a210g, c216t, t219c, t220c, g222a, g225a, g228t, g237a, t240c, t255c, g258t, c264t, a279g, g283t, g285a, t303c, a315t, g317a, t321c, g324t, g327a, g330t, a336g, t342c, g354a, a369g, a381g, a388c, a390g, c402t, c403t, t405a, g408a, c417t, c423a, t433c, g441t, c462g, g470a, c471t, t474a, t477c, t483c, a498g, t516c, t519c, a525c, a540g, t555c, a561g, a576g, t582c, t585c, t588c, a603g, t615c, c621g, c627a, t630c, c658t, a660g, a669t, c672t, t708c, a714g, g720a, t729g, a741g, a744g, c747a, t759a, a774g, t819c, g822a, a825g, a837t, t852c, c874t, t880c, g882a, t885c, g888a, a891g, t894a, t897g, t912a, t915a, g924t, c939t, a945t, a969g, c972t, a975t, a981g, t1002c, t1005c, a1011g, a1023g, g1026a, t1032c, c1033t, a1044g, c1047t, c1050t, g1053a, a1056g, a1104g, c1107t, t1116c, a1119g, c1120t, a1125t, a1140g, g1143a, t1149c, t1152c, t1158g, c1161t, c1170t, c1173t, g1176a, c1179t, c1182t, a1188c, a1200g, g1206t, a1209g, t1215a, t1218c, a1230g, t1236c, g1248a, g1257a, c1264a, t1272c, c1275g, a1278c, t1284c, t1299c, c1314t, a1335g, c1347t, a1350g	Asian-SEA4	Asian-SEA4
Asian-SEA4	Asian-SEA4	c24t, t57c, g87a, t93a, t105c, t106c, g114a, t118a, a123c, t126c, c127t, a132g, t144c, t150c, a153g, t168c, t169c, a171g, a174c, t175g, g182a, c183t, a192g, t201a, c204t, a210g, c216t, t219c, t220c, g222a, g225a, g228t, g237a, t240c, t255c, g258t, c264t, a279g, g283t, g285a, t303c, a315t, g317a, t321c, g324t, g327a, g330t, a336g, t342c, g354a, a369g, a381g, a388c, a390g, c402t, c403t, t405a, g408a, c417t, c423a, t433c, g441t, c462g, g470a, c471t, t474a, t477c, t483c, a498g, t516c, t519c, a525c, a540g, t555c, a561g, a576g, t582c, t585c, t588c, a603g, t615c, c621g, c627a, t630c, c658t, a660g, a669t, c672t, t708c, a714g, g720a, t729g, a741g, a744g, c747a, t759a, a774g, t819c, g822a, a825g, a837t, t852c, c874t, t880c, g882a, t885c, g888a, a891g, t894a, t897g, t912a, t915a, g924t, c939t, a945t, a969g, c972t, a975t, a981g, t1002c, t1005c, a1011g, a1023g, g1026a, t1032c, c1033t, a1044g, c1047t, c1050t, g1053a, a1056g, a1104g, c1107t, t1116c, a1119g, c1120t, a1125t, a1140g, g1143a, t1149c, t1152c, t1158g, c1161t, c1170t, c1173t, g1176a, c1179t, c1182t, a1188c, a1200g, g1206t, a1209g, t1215a, t1218c, a1230g, t1236c, g1248a, g1257a, c1264a, t1272c, c1275g, a1278c, t1284c, t1299c, c1314t, a1335g, c1347t, a1350g	Asian-SEA4	Asian-SEA4
Asian-SEA2a	Asian-SEA2a	t48c, t49c, t57c, c66t, g81a, g87a, c90t, t93a, t105c, t106c, a111g, g114a, t118a, a123c, a132g, g135a, c141t, t144c, t150c, t168c, t169c, a171g, a174t, t175g, g182a, c183t, c186t, c189t, a192g, t201g, c204t, t207c, t213c, t219c, g222a, g225a, g228t, g237a, t240c, t243c, t255c, g258c, c269a, c270t, t276c, a279g, g283t, t303c, g306a, a315t, g317a, t318c, g324t, g327a, g330c, a369g, a372g, c375t, a381g, c382t, a387g, c402g, c403t, t411c, g414a, c417t, c423t, g441t, c462g, g465a, g470a, t474a, t477c, t483c, a498g, a525t, c528t, t534c, t537c, a540g, g546a, t555c, a561g, a576g, t582c, t588c, t597c, a603g, t615c, g618a, c621t, t630c, g654a, a660g, a669t, c672t, g678a, c681t, t708c, a714g, g717a, g720a, a723g, t729g, c735t, a741g, c747a, t759a, a762g, t819c, g831a, a837t, c849t, t852c, c874t, t880c, g882a, g888a, a891g, t894a, t897a, t900c, t912a, a945c, a975t, g984a, t993c, t1002c, t1005c, a1011g, a1023g, g1026a, t1032c, c1033t, a1044g, c1047t, a1056g, a1062g, a1104g, c1107t, g1113a, a1119g, c1120t, g1122a, a1125t, g1135t, t1149c, t1152c, t1158c, c1170t, c1173t, g1176a, c1182t, a1188c, a1200g, t1215c, a1230g, t1236c, g1248a, c1264a, t1272c, c1275t, a1278t, t1284c, c1287t, t1299c, c1314t, g1341t, a1350c	Asian-SEA2a	Asian-SEA2a
Asian-SEA1b	Asian-SEA1b	a21g, t48c, t57a, g69t, g81a, c84t, t93a, c96t, t106c, a111g, g114a, t118a, a123c, a124t, t126c, a132g, t144c, t150c, a153g, a156c, c159t, t169c, a171g, a174t, t175g, c177t, g182a, c183t, c186t, a192g, c204t, a210g, g222a, g225a, g228c, g237a, t240c, g249a, t255c, g258t, a261g, c273t, c282a, g283t, a297g, t303c, a315t, g317a, t321c, g324t, g327t, t363c, c364t, a369g, c375t, a381g, a387g, t399a, c403t, t405g, g414a, c417t, c427t, t429a, g435a, c462g, g465a, g470a, t474c, t477c, t483c, a498g, c501t, a525t, a540g, a549g, a561g, a576g, t585c, t588c, t597c, a603g, t615c, g618a, c621t, t639c, g654a, a660c, a669t, c681t, a684t, t699c, c705t, t708c, g720a, t729a, a741g, a744g, c747a, c756t, t759a, g765a, c786t, t819c, g822a, a825g, a837t, c849t, t852c, c864t, a873g, a876g, t880c, g888a, a891g, t897c, t912a, a945t, a963g, a969g, c972t, a975t, a981g, g984a, t993c, t1005c, a1023t, g1026a, c1033t, a1044g, g1053a, a1062g, a1071g, t1086c, a1092g, a1101g, a1104g, c1107t, c1120t, a1125g, c1134t, g1135t, c1141t, t1152c, a1155g, c1164t, c1170t, c1173t, c1182t, a1188t, a1194g, a1200g, g1206t, a1209g, t1215c, a1230g, g1248a, g1257a, c1260t, c1264a, c1275t, t1299c, a1311g, c1314t, c1317t, a1328g, c1329t, g1332a, a1335g, g1341t	Asian-SEA1b	Asian-SEA1b
Asian-SEA1a	Asian-SEA1a	a21g, c24t, t48c, t57c, c66t, g69t, g81a, g87a, c90t, t93g, t105c, g108a, a111g, g114a, t118a, a123c, t126c, a132g, t138c, t144c, t150c, a153g, a156c, c159t, t169c, a171g, a174t, t175g, c177t, g182a, c183t, c186t, a192g, c204t, a210g, g225a, g228c, g237a, a252t, t255c, g258t, a261g, c264t, c273t, g283t, a297g, a300g, c312t, a315c, g317a, g324t, g327c, t342c, a356g, t363c, c364t, a369g, c375t, a381g, c382t, g384a, t399a, c403t, t405g, g414a, c427t, t429g, g435a, g441a, c462g, g465a, g470a, t474c, t477c, t483c, t495c, a498g, c501t, g522a, a525t, t531c, t537c, a540g, a549g, a561g, a576g, t585c, t588c, t597c, a603g, c609t, t615c, g618a, c621t, a624g, t630c, a660t, t663c, a669t, c672t, c681t, t699c, t708c, a714g, g717a, g720a, a723g, t729a, a741g, a744g, c747a, c756t, t759a, a768g, g789a, g822a, a825g, a837t, c849t, t852c, a873g, c874t, a876g, t880c, g888a, a891g, t900c, a906g, t912a, g924a, a945t, a948g, c951t, c972t, a975c, g984a, t1005c, g1026a, t1032c, c1033t, a1044g, g1053a, a1071g, a1074g, c1080t, t1086c, a1092g, a1101g, a1104g, c1107t, c1120t, g1122a, a1125g, c1134t, t1136c, c1141t, a1146g, t1152c, t1158c, c1164t, c1170t, c1182t, a1188t, a1194g, a1200g, g1206t, a1209g, t1215c, a1230g, t1236c, g1248a, a1254g, g1257a, c1264a, c1275t, t1299c, t1302c, a1305g, c1317t, a1335g, g1341t, a1350g	Asian-SEA1a	Asian-SEA1a
Asian-SEA1a	Asian-SEA1a	a21g, c24t, t48c, t57c, c66t, g69t, g81a, g87a, c90t, t93g, t105c, g108a, a111g, g114a, t118a, a123c, t126c, a132g, t138c, t144c, t150c, a153g, a156c, c159t, t169c, a171g, a174t, t175g, c177t, g182a, c183t, c186t, a192g, c204t, a210g, g225a, g228c, g237a, a252t, t255c, g258t, a261g, c264t, c273t, g283t, a297g, a300g, c312t, a315c, g317a, g324t, g327c, t342c, a356g, t363c, c364t, a369g, c375t, a381g, c382t, g384a, t399a, c403t, t405g, g414a, c427t, t429g, g435a, g441a, c462g, g465a, g470a, t474c, t477c, t483c, t495c, a498g, c501t, g522a, a525t, t531c, t537c, a540g, a549g, a561g, a576g, t585c, t588c, t597c, a603g, c609t, t615c, g618a, c621t, a624g, t630c, a660t, t663c, a669t, c672t, c681t, t699c, t708c, a714g, g717a, g720a, a723g, t729a, a741g, a744g, c747a, c756t, t759a, a768g, g789a, g822a, a825g, a837t, c849t, t852c, a873g, c874t, a876g, t880c, g888a, a891g, t900c, a906g, t912a, g924a, a945t, a948g, c951t, c972t, a975c, g984a, t1005c, g1026a, t1032c, c1033t, a1044g, g1053a, a1071g, a1074g, c1080t, t1086c, a1092g, a1101g, a1104g, c1107t, c1120t, g1122a, a1125g, c1134t, t1136c, c1141t, a1146g, t1152c, t1158c, c1164t, c1170t, c1182t, a1188t, a1194g, a1200g, g1206t, a1209g, t1215c, a1230g, t1236c, g1248a, a1254g, g1257a, c1264a, c1275t, t1299c, t1302c, a1305g, c1317t, a1335g, g1341t, a1350g	Asian-SEA1a	Asian-SEA1a
Bat-DR	Bat-DR	a27g, t49c, g60a, c66t, t72c, t93g, c96t, t105c, t106c, a111g, t118a, t126c, c127t, g135a, c141t, a147g, c159t, g162a, g166a, a171g, a174t, t175g, g182a, c186a, t195c, t198c, c204t, t213c, c216t, t220c, g225t, g228c, t240c, g249a, a250t, g258t, a261g, c270t, g283c, t288a, a291t, a294g, a297g, a315g, g317a, g324t, g330c, t342c, a348g, g366a, a372g, a381g, c382t, a390g, c396t, c402t, c403t, t405a, g414a, c417t, t418c, a420g, c423t, t426c, c439t, g441a, a459c, c462t, g465a, a468g, g470a, c471t, t474c, t477c, c480t, t483c, t495c, a498g, c501t, g504a, t519c, t531c, t536c, t537a, a540g, c543t, g546a, c552t, c559t, a561g, a567t, t570c, t588c, t597c, c606t, t615c, c621t, a624g, c627t, g654a, c658t, a660g, a669t, c672t, g678a, a702g, t708c, t729a, c735t, a741g, a744g, c747a, c756t, g765a, a769c, c772t, a774g, t777c, g804a, t819c, a825t, g831a, a837t, c849t, c858t, c861t, c864t, c867t, c874t, a876g, t900c, a906c, t912a, c921t, g924a, t930c, a945t, c951t, a963g, c966g, c972t, c973t, a975g, g984a, t987g, t993a, g994a, a996t, t1002c, t1005g, a1011g, a1023t, c1033t, a1038g, a1044g, c1047t, g1053a, g1059a, a1062t, a1071g, t1086c, a1092g, a1101g, c1107t, g1113a, c1120t, g1128a, a1129g, c1134g, g1135a, t1136c, a1140c, t1152c, t1158a, c1164t, c1173t, a1188c, g1189a, a1200g, g1206a, t1212a, t1221a, c1222a, a1230g, c1246t, g1248a, g1257a, c1264a, a1269g, t1284c, c1287t, g1297a, t1302c, a1305t, a1311g, c1314t, c1317t, c1324t, g1332a, t1338c, a1350g, a1352g	Bat-DR	Bat-DR
Bat-TB	Bat-TB	t49c, g51a, g60a, a75g, t93g, c99a, t105c, a111g, t118a, t126c, c127t, g135a, t138c, c141t, t144c, a147g, t150c, g162a, a174c, t175g, g182a, c183t, c186a, a192g, t195a, t198c, a203g, c204a, t207c, a210g, t213c, c216t, t220c, g225t, g228c, t240c, g249a, a250g, g258t, a261c, c273t, t276c, g283t, t288a, a291t, a297g, c312t, a315g, g317a, g324t, g330c, a335g, g343a, a348g, g354a, a372g, a381g, c382t, a387g, a390g, t399g, c402t, c403t, t405a, g414a, c417t, a420g, g441a, a459c, c462t, g465a, a468g, g470a, t474c, t477c, c480t, t483c, t495c, c501t, g504a, g510a, g513a, t537g, a540g, c543a, g546a, c552t, c559t, a561g, t570c, t582c, t585c, t588c, a603g, c609t, t616c, g618a, c621t, a625g, g654a, a660g, a669g, c672t, g678a, a702g, t708c, a723g, t729a, c735t, a738c, a744g, c747a, c756t, t759g, g765a, a769c, g789a, g798a, g804a, t819c, a825g, g831a, a837t, t840a, c849t, t852c, c864t, c867t, a873c, c874t, a876g, t885c, t897g, t900c, t912a, t918c, g924t, t930c, a945c, c951t, c966g, c972t, c973t, a975g, g984a, t993c, g994a, t1005g, a1011g, a1023t, c1029t, c1033t, a1038g, a1044g, c1050t, g1053a, a1062t, a1068g, a1083g, t1086c, a1092g, a1095g, a1101g, c1107t, g1113a, c1120t, c1134a, g1135a, a1137g, a1140c, c1141t, t1152c, t1158a, c1164t, c1170t, g1176a, t1180a, a1188t, g1189a, a1200g, t1212a, t1218c, a1230g, c1243a, g1248a, g1251a, g1257a, c1264a, g1266a, a1269g, t1284c, t1302c, a1305c, c1308t, a1311g, c1317t, c1324t, t1338c, c1347t, a1352g	Bat-TB	Bat-TB
Asian-SEA3	Asian-SEA3	t48c, t57a, a75g, g87a, t93a, c96t, a102g, t105c, a111g, c117t, t118a, g119c, a132g, t144c, t145c, a147g, t168c, t169c, a171g, a174t, t175g, g182a, c186t, a192g, c204t, a210g, t219c, g225a, g228t, g237a, t240c, t243c, g249a, a250g, t255c, g258t, g283t, t303c, c312t, a315t, g317a, g324t, g327a, g354t, t363a, c375t, c382g, a387g, c393t, t399c, c402t, c403g, g414a, c417t, c423t, g435a, c462g, g470a, t477c, a525t, t537a, a540g, g546a, a561g, a576g, t582c, t597c, a603g, t615c, c621t, t630c, c658t, a660g, a669t, c672a, c681t, t687g, t708c, a714g, c715t, g720a, a723g, t726c, t729a, a741g, a744g, c747a, t759g, a768g, a771c, g804a, t819c, g822a, g828c, g831a, g834a, a837t, t840c, t843c, t852c, t870c, c874t, a876g, t880c, g888a, a891g, t897c, a906g, t912a, c921t, a945c, c951t, a963g, a969g, c972t, a975t, a981t, t993c, a996t, t1002c, t1005c, t1017a, a1023c, g1026a, c1033t, a1044g, c1047t, c1050t, g1053a, a1056g, a1072c, c1080t, a1083g, a1092g, a1101g, a1104g, c1107t, g1113a, a1119g, c1120t, c1124t, a1125g, t1152c, t1158c, c1164t, c1170t, c1179t, a1188c, a1194g, c1197g, t1203c, g1206t, t1215c, t1218c, a1230g, t1236c, g1257a, c1264a, c1275t, t1276g, a1278c, c1287t, t1290c, t1302c, a1305g, c1314t, g1341a, a1350g	Asian-SEA3	Asian-SEA3
Asian-SEA3	Asian-SEA3	t48c, t57a, a75g, g87a, t93a, c96t, a102g, t105c, a111g, c117t, t118a, g119c, a132g, t144c, t145c, a147g, t168c, t169c, a171g, a174t, t175g, g182a, c186t, a192g, c204t, a210g, t219c, g225a, g228t, g237a, t240c, t243c, g249a, a250g, t255c, g258t, g283t, t303c, c312t, a315t, g317a, g324t, g327a, g354t, t363a, c375t, c382g, a387g, c393t, t399c, c402t, c403g, g414a, c417t, c423t, g435a, c462g, g470a, t477c, a525t, t537a, a540g, g546a, a561g, a576g, t582c, t597c, a603g, t615c, c621t, t630c, c658t, a660g, a669t, c672a, c681t, t687g, t708c, a714g, c715t, g720a, a723g, t726c, t729a, a741g, a744g, c747a, t759g, a768g, a771c, g804a, t819c, g822a, g828c, g831a, g834a, a837t, t840c, t843c, t852c, t870c, c874t, a876g, t880c, g888a, a891g, t897c, a906g, t912a, c921t, a945c, c951t, a963g, a969g, c972t, a975t, a981t, t993c, a996t, t1002c, t1005c, t1017a, a1023c, g1026a, c1033t, a1044g, c1047t, c1050t, g1053a, a1056g, a1072c, c1080t, a1083g, a1092g, a1101g, a1104g, c1107t, g1113a, a1119g, c1120t, c1124t, a1125g, t1152c, t1158c, c1164t, c1170t, c1179t, a1188c, a1194g, c1197g, t1203c, g1206t, t1215c, t1218c, a1230g, t1236c, g1257a, c1264a, c1275t, t1276g, a1278c, c1287t, t1290c, t1302c, a1305g, c1314t, g1341a, a1350g	Asian-SEA3	Asian-SEA3
Arctic-related-AL2	Arctic-related-AL2	c24t, t48c, g60a, c96g, a102g, t105c, t118a, a123t, t126c, a132g, g135a, t138c, c141a, a147g, a153g, c159t, a171g, t175g, c177t, a178t, g182a, c183t, c186t, a192g, c204t, t213c, c216t, t219c, g222a, g225a, g228c, t240a, g258t, g283c, a315g, g317a, g324t, a336g, c364t, a369g, c375a, a387g, a390g, c402t, t405c, c417t, t418c, c423t, c432t, t448c, c462g, g470a, t474c, c501t, g504a, g513a, t519c, g535a, t537c, c552t, a561g, a576g, t585c, a603t, t615c, c627t, t630c, g678a, a684g, t687a, a702g, c705t, t708c, a711t, a714g, a723g, a744g, c747a, c756t, t759a, g765a, g789a, t795c, a810g, g828a, g834a, t840c, c861t, a876g, t880c, a891g, t894c, t900c, a903g, t912a, c921t, a945c, a948c, c951t, t960g, c966a, a969g, c972t, a975g, g984a, t987c, g994c, t1005c, t1008c, a1011g, c1021t, c1047t, c1050t, g1053a, g1059a, a1062g, a1068g, c1080t, a1095g, a1104g, c1107t, g1111a, c1120t, a1125c, c1134t, a1137g, a1140g, t1152c, t1158g, t1167g, c1170t, c1179t, c1185t, t1203c, g1206t, a1219g, a1230g, t1293c, a1296g, a1305g, c1314t, g1341t, g1343a	Arctic-related-AL2	Arctic-related-AL2
Asian-SEA1b	Asian-SEA1b	a21g, t48c, t57a, g69t, g81a, c84t, t93a, c96t, t106c, a111g, g114a, t118a, a123c, a124t, t126c, a132g, t144c, t150c, a153g, a156c, c159t, t169c, a171g, a174t, t175g, c177t, g182a, c183t, c186t, a192g, c204t, a210g, g222a, g225a, g228c, g237a, t240c, g249a, t255c, g258t, a261g, c273t, c282a, g283t, a297g, t303c, a315t, g317a, t321c, g324t, g327t, t363c, c364t, a369g, c375t, a381g, a387g, t399a, c403t, t405g, g414a, c417t, c427t, t429a, g435a, c462g, g465a, g470a, t474c, t477c, t483c, a498g, c501t, a525t, a540g, a549g, a561g, a576g, t585c, t588c, t597c, a603g, t615c, g618a, c621t, t639c, g654a, a660c, a669t, c681t, a684t, t699c, c705t, t708c, g720a, t729a, a741g, a744g, c747a, c756t, t759a, g765a, c786t, t819c, g822a, a825g, a837t, c849t, t852c, c864t, a873g, a876g, t880c, g888a, a891g, t897c, t912a, a945t, a963g, a969g, c972t, a975t, a981g, g984a, t993c, t1005c, a1023t, g1026a, c1033t, a1044g, g1053a, a1062g, a1071g, t1086c, a1092g, a1101g, a1104g, c1107t, c1120t, a1125g, c1134t, g1135t, c1141t, t1152c, a1155g, c1164t, c1170t, c1173t, c1182t, a1188t, a1194g, a1200g, g1206t, a1209g, t1215c, a1230g, g1248a, g1257a, c1260t, c1264a, c1275t, t1299c, a1311g, c1314t, c1317t, a1328g, c1329t, g1332a, a1335g, g1341t	Asian-SEA1b	Asian-SEA1b
Cosmopolitan-AF1a	Cosmopolitan-AF1a	g81a, c96t, t126c, g135a, t138c, t144c, a147g, t150c, g162a, t175g, c177t, g182a, c183t, a192g, t201c, c204t, t219c, g225a, g228a, t240c, g258a, c264t, g283c, t303c, g317a, g330a, a336g, a348g, t357c, a390g, c403t, t411c, g414a, c417t, t433c, c462a, g465a, g470a, t474c, g486a, c501t, t519c, a525g, g535a, a549g, t558a, a603g, c606t, t630c, c645t, g678a, c690t, a714g, g720a, a723g, a741g, a744g, t759a, g765a, c772t, t777c, c786t, t819c, c861t, c879a, a891g, a906g, t912c, c921t, a945t, a975g, g984a, t993c, a996g, t1005g, a1011g, a1023g, g1053a, g1059a, t1065c, a1137g, c1141t, c1170t, a1188c, g1206a, a1230g, g1248a, g1251a, c1260t, t1290c, t1299c	Cosmopolitan-AF1a	Cosmopolitan-AF1a
Asian-SEA1b	Asian-SEA1b	a21g, t48c, t57a, g69t, g81a, c84t, t93a, c96t, t106c, a111g, g114a, t118a, a123c, a124t, t126c, a132g, t144c, t150c, a153g, a156c, c159t, t169c, a171g, a174t, t175g, c177t, g182a, c183t, c186t, a192g, c204t, a210g, g222a, g225a, g228c, g237a, t240c, g249a, t255c, g258t, a261g, c273t, c282a, g283t, a297g, t303c, a315t, g317a, t321c, g324t, g327t, t363c, c364t, a369g, c375t, a381g, a387g, t399a, c403t, t405g, g414a, c417t, c427t, t429a, g435a, c462g, g465a, g470a, t474c, t477c, t483c, a498g, c501t, a525t, a540g, a549g, a561g, a576g, t585c, t588c, t597c, a603g, t615c, g618a, c621t, t639c, g654a, a660c, a669t, c681t, a684t, t699c, c705t, t708c, g720a, t729a, a741g, a744g, c747a, c756t, t759a, g765a, c786t, t819c, g822a, a825g, a837t, c849t, t852c, c864t, a873g, a876g, t880c, g888a, a891g, t897c, t912a, a945t, a963g, a969g, c972t, a975t, a981g, g984a, t993c, t1005c, a1023t, g1026a, c1033t, a1044g, g1053a, a1062g, a1071g, t1086c, a1092g, a1101g, a1104g, c1107t, c1120t, a1125g, c1134t, g1135t, c1141t, t1152c, a1155g, c1164t, c1170t, c1173t, c1182t, a1188t, a1194g, a1200g, g1206t, a1209g, t1215c, a1230g, g1248a, g1257a, c1260t, c1264a, c1275t, t1299c, a1311g, c1314t, c1317t, a1328g, c1329t, g1332a, a1335g, g1341t	Asian-SEA1b	Asian-SEA1b
Cosmopolitan-CA1	Cosmopolitan-CA1	a21c, c66a, c96t, t126c, c127t, a132g, t138c, t144c, t150c, t175g, g182a, c183t, c186t, t195a, c204t, g225a, g228a, t240c, a252g, g283t, g301a, t303c, a315g, g317a, g330a, a336g, a348g, g354a, c382t, a387t, a390g, c403t, g408a, c417t, a420g, c462a, g465a, g470a, g486a, t495c, c501t, t519c, a525c, a549g, a567g, a603g, c606t, c621t, a624g, t630c, a684g, c690t, a714t, g720a, a723g, a741g, a744g, t759c, g765a, t777c, t852c, c861t, t885c, g888a, a891g, a906g, c921t, a945t, c972a, g984a, t993c, a1011g, g1041a, a1044g, g1059a, t1065c, a1068g, g1113a, a1137g, c1141t, a1162c, c1173t, a1188c, g1206a, a1230g, g1248a, c1260t, c1287a, c1314t, c1317t, a1335g, g1343a, t1344c, a1350t, a1353g	Cosmopolitan-CA1	Cosmopolitan-CA1
Asian-SEA1b	Asian-SEA1b	a21g, t48c, t57a, g69t, g81a, c84t, t93a, c96t, t106c, a111g, g114a, t118a, a123c, a124t, t126c, a132g, t144c, t150c, a153g, a156c, c159t, t169c, a171g, a174t, t175g, c177t, g182a, c183t, c186t, a192g, c204t, a210g, g222a, g225a, g228c, g237a, t240c, g249a, t255c, g258t, a261g, c273t, c282a, g283t, a297g, t303c, a315t, g317a, t321c, g324t, g327t, t363c, c364t, a369g, c375t, a381g, a387g, t399a, c403t, t405g, g414a, c417t, c427t, t429a, g435a, c462g, g465a, g470a, t474c, t477c, t483c, a498g, c501t, a525t, a540g, a549g, a561g, a576g, t585c, t588c, t597c, a603g, t615c, g618a, c621t, t639c, g654a, a660c, a669t, c681t, a684t, t699c, c705t, t708c, g720a, t729a, a741g, a744g, c747a, c756t, t759a, g765a, c786t, t819c, g822a, a825g, a837t, c849t, t852c, c864t, a873g, a876g, t880c, g888a, a891g, t897c, t912a, a945t, a963g, a969g, c972t, a975t, a981g, g984a, t993c, t1005c, a1023t, g1026a, c1033t, a1044g, g1053a, a1062g, a1071g, t1086c, a1092g, a1101g, a1104g, c1107t, c1120t, a1125g, c1134t, g1135t, c1141t, t1152c, a1155g, c1164t, c1170t, c1173t, c1182t, a1188t, a1194g, a1200g, g1206t, a1209g, t1215c, a1230g, g1248a, g1257a, c1260t, c1264a, c1275t, t1299c, a1311g, c1314t, c1317t, a1328g, c1329t, g1332a, a1335g, g1341t	Asian-SEA1b	Asian-SEA1b
Asian-SEA1b	Asian-SEA1b	a21g, t48c, t57a, g69t, g81a, c84t, t93a, c96t, t106c, a111g, g114a, t118a, a123c, a124t, t126c, a132g, t144c, t150c, a153g, a156c, c159t, t169c, a171g, a174t, t175g, c177t, g182a, c183t, c186t, a192g, c204t, a210g, g222a, g225a, g228c, g237a, t240c, g249a, t255c, g258t, a261g, c273t, c282a, g283t, a297g, t303c, a315t, g317a, t321c, g324t, g327t, t363c, c364t, a369g, c375t, a381g, a387g, t399a, c403t, t405g, g414a, c417t, c427t, t429a, g435a, c462g, g465a, g470a, t474c, t477c, t483c, a498g, c501t, a525t, a540g, a549g, a561g, a576g, t585c, t588c, t597c, a603g, t615c, g618a, c621t, t639c, g654a, a660c, a669t, c681t, a684t, t699c, c705t, t708c, g720a, t729a, a741g, a744g, c747a, c756t, t759a, g765a, c786t, t819c, g822a, a825g, a837t, c849t, t852c, c864t, a873g, a876g, t880c, g888a, a891g, t897c, t912a, a945t, a963g, a969g, c972t, a975t, a981g, g984a, t993c, t1005c, a1023t, g1026a, c1033t, a1044g, g1053a, a1062g, a1071g, t1086c, a1092g, a1101g, a1104g, c1107t, c1120t, a1125g, c1134t, g1135t, c1141t, t1152c, a1155g, c1164t, c1170t, c1173t, c1182t, a1188t, a1194g, a1200g, g1206t, a1209g, t1215c, a1230g, g1248a, g1257a, c1260t, c1264a, c1275t, t1299c, a1311g, c1314t, c1317t, a1328g, c1329t, g1332a, a1335g, g1341t	Asian-SEA1b	Asian-SEA1b
Asian-SEA5	Asian-SEA5	c24t, t48c, t57c, t63c, c66t, g69a, g81a, g87a, c90t, t93g, a111g, g114a, c117g, t118a, a123c, t126c, c127t, a132g, t138c, a147g, t150c, a156g, t168c, t169c, a174t, t175g, g182a, c183t, c186t, t198c, t201g, c204t, a210g, t213c, t219c, g222a, g225a, g228t, g237a, g246a, t255c, g258t, c264t, c269t, a279g, g283t, a291g, c292a, a294g, a300g, t303c, a315c, g317a, t321c, g324c, g327a, g330t, a335g, t345c, a348t, t363c, a369g, c375t, a381g, c382t, c402t, c403t, c423t, c439t, c462a, g465a, g470a, t477c, t483c, c501t, g510a, a525c, t534c, g535a, t537c, a540g, g546a, a561g, a576g, t588c, t597c, a603g, t615c, c621t, c627t, t630c, a660g, a669t, c681t, t696c, t699c, t708c, a714g, g717a, g720a, t729a, a741g, a744g, c747a, c756t, t759a, c792t, t795c, t819c, a825t, g831a, a837c, c849t, t852c, c861t, t870a, c874t, a876g, t880c, g888a, a891g, t894a, t897g, t909c, t912a, t915g, c921t, t930c, t936c, a945t, c972t, a975t, g984a, t993c, a996t, t1002c, t1005c, a1011g, a1023g, g1026a, c1033t, g1041a, a1044g, c1047t, c1050t, g1053a, a1056g, g1059a, a1062g, a1104g, c1107t, g1113a, g1114a, a1119g, c1120t, t1121c, g1122a, a1125t, g1128a, c1134t, a1137g, c1141t, t1149c, c1161t, a1162g, c1170t, c1185t, a1188t, a1194g, a1200g, g1206t, t1215c, a1230g, g1233a, t1236c, g1248a, g1257a, c1264a, t1272c, c1275t, a1278c, c1287t, t1299a, a1311c, c1314t, t1338c, g1341t, a1350g, a1352g	Asian-SEA5	Asian-SEA5
Asian-SEA2a	Asian-SEA2a	t48c, t49c, t57c, c66t, g81a, g87a, c90t, t93a, t105c, t106c, a111g, g114a, t118a, a123c, a132g, g135a, c141t, t144c, t150c, t168c, t169c, a171g, a174t, t175g, g182a, c183t, c186t, c189t, a192g, t201g, c204t, t207c, t213c, t219c, g222a, g225a, g228t, g237a, t240c, t243c, t255c, g258c, c269a, c270t, t276c, a279g, g283t, t303c, g306a, a315t, g317a, t318c, g324t, g327a, g330c, a369g, a372g, c375t, a381g, c382t, a387g, c402g, c403t, t411c, g414a, c417t, c423t, g441t, c462g, g465a, g470a, t474a, t477c, t483c, a498g, a525t, c528t, t534c, t537c, a540g, g546a, t555c, a561g, a576g, t582c, t588c, t597c, a603g, t615c, g618a, c621t, t630c, g654a, a660g, a669t, c672t, g678a, c681t, t708c, a714g, g717a, g720a, a723g, t729g, c735t, a741g, c747a, t759a, a762g, t819c, g831a, a837t, c849t, t852c, c874t, t880c, g882a, g888a, a891g, t894a, t897a, t900c, t912a, a945c, a975t, g984a, t993c, t1002c, t1005c, a1011g, a1023g, g1026a, t1032c, c1033t, a1044g, c1047t, a1056g, a1062g, a1104g, c1107t, g1113a, a1119g, c1120t, g1122a, a1125t, g1135t, t1149c, t1152c, t1158c, c1170t, c1173t, g1176a, c1182t, a1188c, a1200g, t1215c, a1230g, t1236c, g1248a, c1264a, t1272c, c1275t, a1278t, t1284c, c1287t, t1299c, c1314t, g1341t, a1350c	Asian-SEA2a	Asian-SEA2a
Asian-SEA1b	Asian-SEA1b	a21g, t48c, t57a, g69t, g81a, c84t, t93a, c96t, t106c, a111g, g114a, t118a, a123c, a124t, t126c, a132g, t144c, t150c, a153g, a156c, c159t, t169c, a171g, a174t, t175g, c177t, g182a, c183t, c186t, a192g, c204t, a210g, g222a, g225a, g228c, g237a, t240c, g249a, t255c, g258t, a261g, c273t, c282a, g283t, a297g, t303c, a315t, g317a, t321c, g324t, g327t, t363c, c364t, a369g, c375t, a381g, a387g, t399a, c403t, t405g, g414a, c417t, c427t, t429a, g435a, c462g, g465a, g470a, t474c, t477c, t483c, a498g, c501t, a525t, a540g, a549g, a561g, a576g, t585c, t588c, t597c, a603g, t615c, g618a, c621t, t639c, g654a, a660c, a669t, c681t, a684t, t699c, c705t, t708c, g720a, t729a, a741g, a744g, c747a, c756t, t759a, g765a, c786t, t819c, g822a, a825g, a837t, c849t, t852c, c864t, a873g, a876g, t880c, g888a, a891g, t897c, t912a, a945t, a963g, a969g, c972t, a975t, a981g, g984a, t993c, t1005c, a1023t, g1026a, c1033t, a1044g, g1053a, a1062g, a1071g, t1086c, a1092g, a1101g, a1104g, c1107t, c1120t, a1125g, c1134t, g1135t, c1141t, t1152c, a1155g, c1164t, c1170t, c1173t, c1182t, a1188t, a1194g, a1200g, g1206t, a1209g, t1215c, a1230g, g1248a, g1257a, c1260t, c1264a, c1275t, t1299c, a1311g, c1314t, c1317t, a1328g, c1329t, g1332a, a1335g, g1341t	Asian-SEA1b	Asian-SEA1b
Asian-SEA1b	Asian-SEA1b	a21g, t48c, t57a, g69t, g81a, c84t, t93a, c96t, t106c, a111g, g114a, t118a, a123c, a124t, t126c, a132g, t144c, t150c, a153g, a156c, c159t, t169c, a171g, a174t, t175g, c177t, g182a, c183t, c186t, a192g, c204t, a210g, g222a, g225a, g228c, g237a, t240c, g249a, t255c, g258t, a261g, c273t, c282a, g283t, a297g, t303c, a315t, g317a, t321c, g324t, g327t, t363c, c364t, a369g, c375t, a381g, a387g, t399a, c403t, t405g, g414a, c417t, c427t, t429a, g435a, c462g, g465a, g470a, t474c, t477c, t483c, a498g, c501t, a525t, a540g, a549g, a561g, a576g, t585c, t588c, t597c, a603g, t615c, g618a, c621t, t639c, g654a, a660c, a669t, c681t, a684t, t699c, c705t, t708c, g720a, t729a, a741g, a744g, c747a, c756t, t759a, g765a, c786t, t819c, g822a, a825g, a837t, c849t, t852c, c864t, a873g, a876g, t880c, g888a, a891g, t897c, t912a, a945t, a963g, a969g, c972t, a975t, a981g, g984a, t993c, t1005c, a1023t, g1026a, c1033t, a1044g, g1053a, a1062g, a1071g, t1086c, a1092g, a1101g, a1104g, c1107t, c1120t, a1125g, c1134t, g1135t, c1141t, t1152c, a1155g, c1164t, c1170t, c1173t, c1182t, a1188t, a1194g, a1200g, g1206t, a1209g, t1215c, a1230g, g1248a, g1257a, c1260t, c1264a, c1275t, t1299c, a1311g, c1314t, c1317t, a1328g, c1329t, g1332a, a1335g, g1341t	Asian-SEA1b	Asian-SEA1b
Asian-SEA1b	Asian-SEA1b	a21g, t48c, t57a, g69t, g81a, c84t, t93a, c96t, t106c, a111g, g114a, t118a, a123c, a124t, t126c, a132g, t144c, t150c, a153g, a156c, c159t, t169c, a171g, a174t, t175g, c177t, g182a, c183t, c186t, a192g, c204t, a210g, g222a, g225a, g228c, g237a, t240c, g249a, t255c, g258t, a261g, c273t, c282a, g283t, a297g, t303c, a315t, g317a, t321c, g324t, g327t, t363c, c364t, a369g, c375t, a381g, a387g, t399a, c403t, t405g, g414a, c417t, c427t, t429a, g435a, c462g, g465a, g470a, t474c, t477c, t483c, a498g, c501t, a525t, a540g, a549g, a561g, a576g, t585c, t588c, t597c, a603g, t615c, g618a, c621t, t639c, g654a, a660c, a669t, c681t, a684t, t699c, c705t, t708c, g720a, t729a, a741g, a744g, c747a, c756t, t759a, g765a, c786t, t819c, g822a, a825g, a837t, c849t, t852c, c864t, a873g, a876g, t880c, g888a, a891g, t897c, t912a, a945t, a963g, a969g, c972t, a975t, a981g, g984a, t993c, t1005c, a1023t, g1026a, c1033t, a1044g, g1053a, a1062g, a1071g, t1086c, a1092g, a1101g, a1104g, c1107t, c1120t, a1125g, c1134t, g1135t, c1141t, t1152c, a1155g, c1164t, c1170t, c1173t, c1182t, a1188t, a1194g, a1200g, g1206t, a1209g, t1215c, a1230g, g1248a, g1257a, c1260t, c1264a, c1275t, t1299c, a1311g, c1314t, c1317t, a1328g, c1329t, g1332a, a1335g, g1341t	Asian-SEA1b	Asian-SEA1b
Asian-SEA1b	Asian-SEA1b	a21g, t48c, t57a, g69t, g81a, c84t, t93a, c96t, t106c, a111g, g114a, t118a, a123c, a124t, t126c, a132g, t144c, t150c, a153g, a156c, c159t, t169c, a171g, a174t, t175g, c177t, g182a, c183t, c186t, a192g, c204t, a210g, g222a, g225a, g228c, g237a, t240c, g249a, t255c, g258t, a261g, c273t, c282a, g283t, a297g, t303c, a315t, g317a, t321c, g324t, g327t, t363c, c364t, a369g, c375t, a381g, a387g, t399a, c403t, t405g, g414a, c417t, c427t, t429a, g435a, c462g, g465a, g470a, t474c, t477c, t483c, a498g, c501t, a525t, a540g, a549g, a561g, a576g, t585c, t588c, t597c, a603g, t615c, g618a, c621t, t639c, g654a, a660c, a669t, c681t, a684t, t699c, c705t, t708c, g720a, t729a, a741g, a744g, c747a, c756t, t759a, g765a, c786t, t819c, g822a, a825g, a837t, c849t, t852c, c864t, a873g, a876g, t880c, g888a, a891g, t897c, t912a, a945t, a963g, a969g, c972t, a975t, a981g, g984a, t993c, t1005c, a1023t, g1026a, c1033t, a1044g, g1053a, a1062g, a1071g, t1086c, a1092g, a1101g, a1104g, c1107t, c1120t, a1125g, c1134t, g1135t, c1141t, t1152c, a1155g, c1164t, c1170t, c1173t, c1182t, a1188t, a1194g, a1200g, g1206t, a1209g, t1215c, a1230g, g1248a, g1257a, c1260t, c1264a, c1275t, t1299c, a1311g, c1314t, c1317t, a1328g, c1329t, g1332a, a1335g, g1341t	Asian-SEA1b	Asian-SEA1b
Asian-SEA1b	Asian-SEA1b	a21g, t48c, t57a, g69t, g81a, c84t, t93a, c96t, t106c, a111g, g114a, t118a, a123c, a124t, t126c, a132g, t144c, t150c, a153g, a156c, c159t, t169c, a171g, a174t, t175g, c177t, g182a, c183t, c186t, a192g, c204t, a210g, g222a, g225a, g228c, g237a, t240c, g249a, t255c, g258t, a261g, c273t, c282a, g283t, a297g, t303c, a315t, g317a, t321c, g324t, g327t, t363c, c364t, a369g, c375t, a381g, a387g, t399a, c403t, t405g, g414a, c417t, c427t, t429a, g435a, c462g, g465a, g470a, t474c, t477c, t483c, a498g, c501t, a525t, a540g, a549g, a561g, a576g, t585c, t588c, t597c, a603g, t615c, g618a, c621t, t639c, g654a, a660c, a669t, c681t, a684t, t699c, c705t, t708c, g720a, t729a, a741g, a744g, c747a, c756t, t759a, g765a, c786t, t819c, g822a, a825g, a837t, c849t, t852c, c864t, a873g, a876g, t880c, g888a, a891g, t897c, t912a, a945t, a963g, a969g, c972t, a975t, a981g, g984a, t993c, t1005c, a1023t, g1026a, c1033t, a1044g, g1053a, a1062g, a1071g, t1086c, a1092g, a1101g, a1104g, c1107t, c1120t, a1125g, c1134t, g1135t, c1141t, t1152c, a1155g, c1164t, c1170t, c1173t, c1182t, a1188t, a1194g, a1200g, g1206t, a1209g, t1215c, a1230g, g1248a, g1257a, c1260t, c1264a, c1275t, t1299c, a1311g, c1314t, c1317t, a1328g, c1329t, g1332a, a1335g, g1341t	Asian-SEA1b	Asian-SEA1b
Asian-SEA1b	Asian-SEA1b	a21g, t48c, t57a, g69t, g81a, c84t, t93a, c96t, t106c, a111g, g114a, t118a, a123c, a124t, t126c, a132g, t144c, t150c, a153g, a156c, c159t, t169c, a171g, a174t, t175g, c177t, g182a, c183t, c186t, a192g, c204t, a210g, g222a, g225a, g228c, g237a, t240c, g249a, t255c, g258t, a261g, c273t, c282a, g283t, a297g, t303c, a315t, g317a, t321c, g324t, g327t, t363c, c364t, a369g, c375t, a381g, a387g, t399a, c403t, t405g, g414a, c417t, c427t, t429a, g435a, c462g, g465a, g470a, t474c, t477c, t483c, a498g, c501t, a525t, a540g, a549g, a561g, a576g, t585c, t588c, t597c, a603g, t615c, g618a, c621t, t639c, g654a, a660c, a669t, c681t, a684t, t699c, c705t, t708c, g720a, t729a, a741g, a744g, c747a, c756t, t759a, g765a, c786t, t819c, g822a, a825g, a837t, c849t, t852c, c864t, a873g, a876g, t880c, g888a, a891g, t897c, t912a, a945t, a963g, a969g, c972t, a975t, a981g, g984a, t993c, t1005c, a1023t, g1026a, c1033t, a1044g, g1053a, a1062g, a1071g, t1086c, a1092g, a1101g, a1104g, c1107t, c1120t, a1125g, c1134t, g1135t, c1141t, t1152c, a1155g, c1164t, c1170t, c1173t, c1182t, a1188t, a1194g, a1200g, g1206t, a1209g, t1215c, a1230g, g1248a, g1257a, c1260t, c1264a, c1275t, t1299c, a1311g, c1314t, c1317t, a1328g, c1329t, g1332a, a1335g, g1341t	Asian-SEA1b	Asian-SEA1b
Asian-SEA1b	Asian-SEA1b	a21g, t48c, t57a, g69t, g81a, c84t, t93a, c96t, t106c, a111g, g114a, t118a, a123c, a124t, t126c, a132g, t144c, t150c, a153g, a156c, c159t, t169c, a171g, a174t, t175g, c177t, g182a, c183t, c186t, a192g, c204t, a210g, g222a, g225a, g228c, g237a, t240c, g249a, t255c, g258t, a261g, c273t, c282a, g283t, a297g, t303c, a315t, g317a, t321c, g324t, g327t, t363c, c364t, a369g, c375t, a381g, a387g, t399a, c403t, t405g, g414a, c417t, c427t, t429a, g435a, c462g, g465a, g470a, t474c, t477c, t483c, a498g, c501t, a525t, a540g, a549g, a561g, a576g, t585c, t588c, t597c, a603g, t615c, g618a, c621t, t639c, g654a, a660c, a669t, c681t, a684t, t699c, c705t, t708c, g720a, t729a, a741g, a744g, c747a, c756t, t759a, g765a, c786t, t819c, g822a, a825g, a837t, c849t, t852c, c864t, a873g, a876g, t880c, g888a, a891g, t897c, t912a, a945t, a963g, a969g, c972t, a975t, a981g, g984a, t993c, t1005c, a1023t, g1026a, c1033t, a1044g, g1053a, a1062g, a1071g, t1086c, a1092g, a1101g, a1104g, c1107t, c1120t, a1125g, c1134t, g1135t, c1141t, t1152c, a1155g, c1164t, c1170t, c1173t, c1182t, a1188t, a1194g, a1200g, g1206t, a1209g, t1215c, a1230g, g1248a, g1257a, c1260t, c1264a, c1275t, t1299c, a1311g, c1314t, c1317t, a1328g, c1329t, g1332a, a1335g, g1341t	Asian-SEA1b	Asian-SEA1b
Asian-SEA2b	Asian-SEA2b	c24t, t48c, t49c, g54a, t57c, a64g, t65c, c66t, g81a, g87a, c90t, t93g, t105c, a111g, g114a, t118a, a123c, t126c, a132g, g135a, c141t, t150c, g162a, t168c, t169c, a171g, a174c, t175g, g182a, c183t, c186t, a192g, t201g, c204t, a210g, t219c, g222a, g225a, g228t, g237a, t240c, t255c, g258t, c269a, c270t, c273t, t276c, a279g, g283t, t303c, g306a, a315t, g317a, t318c, g324t, g327a, g330t, a348g, t363c, c364t, a369g, a372g, c375t, a381g, c382t, a390g, c402g, c403t, t411c, g414a, c417t, t418c, c423t, g441t, c462g, g465a, g470a, t474a, t477c, t483c, a489c, a498g, t519c, g522a, a525t, t534c, a540g, a541g, g546a, t555c, a561g, a576g, t582c, t588c, t594c, a603g, t615c, g618a, c621t, t630c, g654a, a660g, a669t, c672t, a675g, g678a, c681t, t687c, t708c, a714g, g717a, g720a, a723g, t729a, c735t, a741g, a744g, c747a, t759a, a762g, g789a, t819c, g822a, a837t, t852c, c874t, c879t, t880c, g882a, g888a, a891g, t894a, t897a, t912a, a945t, c951t, a969g, a975t, t978c, t993c, g994a, t1002c, t1005c, a1011g, a1023g, g1026a, t1032c, c1033t, g1041a, a1044g, c1047t, c1050t, a1056g, a1062g, t1098c, a1104g, g1113a, a1119g, c1120t, t1121c, g1122a, a1125c, g1135t, t1149c, t1158c, c1170t, c1173t, g1176a, c1182t, a1188c, a1200g, g1206a, t1215c, a1230g, g1248a, c1264a, t1272c, c1275t, a1278c, t1284c, c1287t, t1299c, c1314t, t1338c, g1341t	Asian-SEA2b	Asian-SEA2b
Asian-SEA1b	Asian-SEA1b	a21g, t48c, t57a, g69t, g81a, c84t, t93a, c96t, t106c, a111g, g114a, t118a, a123c, a124t, t126c, a132g, t144c, t150c, a153g, a156c, c159t, t169c, a171g, a174t, t175g, c177t, g182a, c183t, c186t, a192g, c204t, a210g, g222a, g225a, g228c, g237a, t240c, g249a, t255c, g258t, a261g, c273t, c282a, g283t, a297g, t303c, a315t, g317a, t321c, g324t, g327t, t363c, c364t, a369g, c375t, a381g, a387g, t399a, c403t, t405g, g414a, c417t, c427t, t429a, g435a, c462g, g465a, g470a, t474c, t477c, t483c, a498g, c501t, a525t, a540g, a549g, a561g, a576g, t585c, t588c, t597c, a603g, t615c, g618a, c621t, t639c, g654a, a660c, a669t, c681t, a684t, t699c, c705t, t708c, g720a, t729a, a741g, a744g, c747a, c756t, t759a, g765a, c786t, t819c, g822a, a825g, a837t, c849t, t852c, c864t, a873g, a876g, t880c, g888a, a891g, t897c, t912a, a945t, a963g, a969g, c972t, a975t, a981g, g984a, t993c, t1005c, a1023t, g1026a, c1033t, a1044g, g1053a, a1062g, a1071g, t1086c, a1092g, a1101g, a1104g, c1107t, c1120t, a1125g, c1134t, g1135t, c1141t, t1152c, a1155g, c1164t, c1170t, c1173t, c1182t, a1188t, a1194g, a1200g, g1206t, a1209g, t1215c, a1230g, g1248a, g1257a, c1260t, c1264a, c1275t, t1299c, a1311g, c1314t, c1317t, a1328g, c1329t, g1332a, a1335g, g1341t	Asian-SEA1b	Asian-SEA1b
Africa-2	Africa-2	c45t, t48c, t57a, g87a, c96t, t105c, t106c, a111g, t118a, t126c, c127t, a132g, g135a, t138c, t150c, t175g, g182a, c183t, a192g, c216t, g225a, g228t, g237a, t238c, t240c, g246a, g258t, c270t, g283t, c292a, a297g, t303c, c312t, g317a, g324t, a333c, a336g, t342g, g354a, t357c, c375t, t399g, c402t, c403t, g408a, g414a, c417t, t429g, g450a, c462g, g465a, g470a, t474a, t477c, t483c, c501t, a502c, t534c, t537c, c543t, c552t, a561g, c573t, t582c, t588c, a603g, a610c, t615c, c627a, t630c, t638a, g654a, a669c, t687a, c705t, t708c, a711t, a714g, a723g, t726c, t729a, a744g, c747a, c753t, c756t, t759a, g765a, t777c, g798a, a801g, a808c, t819c, a837t, t840g, t852c, c861t, t870c, a873g, c874t, a876g, c879t, t880c, t885c, t894c, t897g, a903g, t912g, t915a, c921t, g924a, a945t, c951t, a963g, a969g, c972t, c973t, a981g, t987c, a1011g, t1020c, c1029t, g1035a, a1038g, g1041a, a1044g, c1047t, c1050t, g1053a, g1059c, t1065c, c1080t, t1086c, g1089a, t1098c, c1107t, g1113a, c1120t, a1125g, c1134t, a1137g, t1152c, t1158c, c1170t, c1173t, c1179t, c1185t, a1188c, a1200g, g1206t, t1212c, a1224g, a1230g, t1236c, t1242g, g1248a, g1257t, c1264a, c1275t, t1299c, t1302c, c1314t, c1317t, t1323c, g1332a, g1341t, c1347t	Africa-2	Africa-2
Arctic-related-AL1a	Arctic-related-AL1a	c96t, a102g, t105c, a111g, c117t, t118a, a123t, t126c, a132g, g135a, t138c, a147g, t150c, t175g, c177t, a178t, g182a, c183t, c186t, a192g, t201a, c204t, t219c, g222a, g225a, g228t, a231g, t240c, g246a, g258t, t276c, a279g, g283t, t288c, a291g, c292a, g317a, g324t, a336g, c364t, a369g, c375a, g384a, a387g, a390g, c402t, t405c, c417t, t444c, t448c, c462t, g470a, t474c, c492t, c501t, t516c, g535a, a561g, t585c, t615c, t616c, c621a, a624g, t630c, t657c, a660g, a669g, g678a, a684g, t687a, a702g, t708c, a711g, a714g, t726c, a741g, a744g, c747a, c756t, t759a, a762g, g765a, g789a, t795c, a825g, g831a, t852c, c861t, a873t, a876g, a891g, t894c, t912a, c921t, a945t, t954c, t960g, c966a, a969g, a975g, t987c, t993g, c995g, a1011g, c1021t, t1032c, c1033t, g1035a, a1038g, a1044g, c1047t, g1059a, a1062g, t1065c, a1071g, g1089a, c1107t, g1111a, t1116a, c1120t, a1140g, c1164t, t1167g, c1170t, a1188c, t1203c, g1206c, a1219g, a1230g, t1236c, t1242c, g1248a, c1275t, t1284c, t1293c, a1305g, c1314t, c1329t, g1341t, a1352g	Arctic-related-AL1a	Arctic-related-AL1a
Arctic-related-AL1a	Arctic-related-AL1a	c96t, a102g, t105c, a111g, c117t, t118a, a123t, t126c, a132g, g135a, t138c, a147g, t150c, t175g, c177t, a178t, g182a, c183t, c186t, a192g, t201a, c204t, t219c, g222a, g225a, g228t, a231g, t240c, g246a, g258t, t276c, a279g, g283t, t288c, a291g, c292a, g317a, g324t, a336g, c364t, a369g, c375a, g384a, a387g, a390g, c402t, t405c, c417t, t444c, t448c, c462t, g470a, t474c, c492t, c501t, t516c, g535a, a561g, t585c, t615c, t616c, c621a, a624g, t630c, t657c, a660g, a669g, g678a, a684g, t687a, a702g, t708c, a711g, a714g, t726c, a741g, a744g, c747a, c756t, t759a, a762g, g765a, g789a, t795c, a825g, g831a, t852c, c861t, a873t, a876g, a891g, t894c, t912a, c921t, a945t, t954c, t960g, c966a, a969g, a975g, t987c, t993g, c995g, a1011g, c1021t, t1032c, c1033t, g1035a, a1038g, a1044g, c1047t, g1059a, a1062g, t1065c, a1071g, g1089a, c1107t, g1111a, t1116a, c1120t, a1140g, c1164t, t1167g, c1170t, a1188c, t1203c, g1206c, a1219g, a1230g, t1236c, t1242c, g1248a, c1275t, t1284c, t1293c, a1305g, c1314t, c1329t, g1341t, a1352g	Arctic-related-AL1a	Arctic-related-AL1a
Arctic-related-AL1a	Arctic-related-AL1a	c96t, a102g, t105c, a111g, c117t, t118a, a123t, t126c, a132g, g135a, t138c, a147g, t150c, t175g, c177t, a178t, g182a, c183t, c186t, a192g, t201a, c204t, t219c, g222a, g225a, g228t, a231g, t240c, g246a, g258t, t276c, a279g, g283t, t288c, a291g, c292a, g317a, g324t, a336g, c364t, a369g, c375a, g384a, a387g, a390g, c402t, t405c, c417t, t444c, t448c, c462t, g470a, t474c, c492t, c501t, t516c, g535a, a561g, t585c, t615c, t616c, c621a, a624g, t630c, t657c, a660g, a669g, g678a, a684g, t687a, a702g, t708c, a711g, a714g, t726c, a741g, a744g, c747a, c756t, t759a, a762g, g765a, g789a, t795c, a825g, g831a, t852c, c861t, a873t, a876g, a891g, t894c, t912a, c921t, a945t, t954c, t960g, c966a, a969g, a975g, t987c, t993g, c995g, a1011g, c1021t, t1032c, c1033t, g1035a, a1038g, a1044g, c1047t, g1059a, a1062g, t1065c, a1071g, g1089a, c1107t, g1111a, t1116a, c1120t, a1140g, c1164t, t1167g, c1170t, a1188c, t1203c, g1206c, a1219g, a1230g, t1236c, t1242c, g1248a, c1275t, t1284c, t1293c, a1305g, c1314t, c1329t, g1341t, a1352g	Arctic-related-AL1a	Arctic-related-AL1a
Cosmopolitan-NEE	Cosmopolitan-NEE	c66a, a75g, c96t, a111g, t126c, a132g, g135a, t138c, t144c, t150c, t175g, g182a, c183t, c186a, a192g, c204t, t219c, g225a, g228a, t240c, a252g, g258a, a261g, g283t, t303c, g317a, t318c, g327a, g330a, a336g, a344g, g354a, a390g, c403t, g408a, c417t, c462a, g465a, g470a, g486a, t495c, c501t, c528t, c543t, t555c, c559t, a603g, c606t, g618a, c621a, a624g, a666g, c681t, a684g, a714t, g720a, a723g, a741g, a744g, t759a, g765a, t777c, t819c, t852c, t885c, a891g, t912c, c921t, a945t, c972t, g984a, t993c, a1011g, g1059a, t1065c, c1080t, a1104g, g1113a, c1134t, a1137g, c1141t, a1146c, c1173t, g1176a, a1188c, t1191c, g1206a, a1230g, g1248a, g1253a, c1260t, a1269g, c1287a, c1317t, a1326g, g1343a, t1344c	Cosmopolitan-NEE	Cosmopolitan-NEE
Cosmopolitan-AF4	Cosmopolitan-AF4	a27g, t106c, t126c, a132g, g135a, t138c, c141t, t144c, t150c, a171g, a174g, t175g, g182a, c183t, a192g, t198c, c204t, t213c, t219c, g225a, t238c, g283c, c292a, t303c, g317a, t321c, g324c, a336g, t342g, a356g, t357c, a387c, a390g, c403t, c417t, g447a, c462a, g470a, c501t, t516a, a525t, t537c, c543t, a567g, t585c, a603g, t615c, c627a, t630c, t639c, g648a, a669g, t708c, a714g, g720a, a723g, t729a, a741g, a744g, c756t, t759a, g765a, t777c, a801g, a813g, t843c, t846c, c861t, c867t, a891g, t897c, t912c, t915c, c921t, g924t, a945g, c972t, a981g, g984a, t999c, a1011g, t1017g, g1035a, a1044g, g1059a, t1065c, a1081c, c1107t, g1113a, g1135t, a1137g, a1146g, t1152c, c1164t, t1167c, c1173t, g1176a, a1188c, g1206a, a1219g, a1230g, t1236c, t1242c, a1245g, g1248a, c1260t, t1299c, c1317g, g1341a	Cosmopolitan-AF4	Cosmopolitan-AF4
IndianSubcontinent	IndianSubcontinent	c30t, t48c, t57c, t63c, c66t, g69a, a75g, g87a, t93g, t105c, t106c, a111g, g114a, c117t, t118a, t120c, t126c, a132g, c141t, t144c, t150c, a153g, g162a, a165t, a171g, a174g, t175g, g182a, c183t, c186t, a192g, t198c, c204t, a210g, t213c, g222a, g225a, g228t, g237a, t243c, g249a, a250t, a252c, g258t, a261g, c270t, c282a, g283c, t288c, c292a, a294g, a300g, t303c, c312t, g317a, g324c, g327a, g330t, a336g, t339c, a351g, t363c, a369c, c375a, c382t, g384a, a387g, a390g, c402t, c403t, c417t, t418c, a445c, a456g, c462g, g470a, t474c, t477c, c480t, t483c, c501t, a540g, c543t, c559t, a561g, a576g, t597c, a603g, t615c, g618a, c621t, c627a, t630c, t639c, a660g, a666c, c672t, g678a, c690t, a702g, t708c, a714g, a723g, t729a, a741g, c747a, c753t, c756t, t759a, g765a, a768g, a774g, a801g, a810g, g828t, t840c, c849t, t852c, c861t, c867t, c874t, a876g, t880c, g882a, t885c, g888t, a891g, t894c, t897g, t912a, t918c, t936c, a945t, c951t, c972t, a975t, t1002c, a1011g, a1023c, c1029a, g1035a, g1041a, a1044g, c1047t, c1050t, g1053a, a1056g, a1068g, a1125g, g1135a, a1137t, c1141t, a1146t, t1152c, t1158c, c1170t, c1179t, c1185t, a1200g, g1206t, a1230g, c1246t, g1251a, g1257a, c1264a, a1269g, c1275t, t1302c, c1317a, a1326c, a1335g, g1341t	IndianSubcontinent	IndianSubcontinent
Cosmopolitan-CA2	Cosmopolitan-CA2	a75g, t93c, c96t, a111g, t126c, a132g, g135a, t138c, t144c, t150c, t175g, g182a, c183t, c189t, c204t, t219c, g225a, g228a, t240c, a252t, c270t, g283c, t303c, g317a, g330a, c364t, c382t, a390g, c403t, g414a, c417t, c462a, g465a, g470a, t474c, g486a, c501t, t519c, t555c, a603g, c606t, t630c, c672t, a675g, c690t, a714g, g720a, a723g, a741g, a744g, t759a, g765a, a771t, c772t, t777c, g834a, a837c, c861t, t870c, c874t, a891g, a906g, t912c, c921t, a945t, g984a, a1011g, g1059a, c1080t, a1137g, a1140g, c1141t, t1158g, c1161t, c1170t, c1173t, a1188c, g1206a, t1212c, a1230g, g1248a, c1260t, g1266a, t1299c, g1332a, t1338c, g1341a	Cosmopolitan-CA2	Cosmopolitan-CA2
Cosmopolitan-AF1a	Cosmopolitan-AF1a	g81a, c96t, t126c, g135a, t138c, t144c, a147g, t150c, g162a, t175g, c177t, g182a, c183t, a192g, t201c, c204t, t219c, g225a, g228a, t240c, g258a, c264t, g283c, t303c, g317a, g330a, a336g, a348g, t357c, a390g, c403t, t411c, g414a, c417t, t433c, c462a, g465a, g470a, t474c, g486a, c501t, t519c, a525g, g535a, a549g, t558a, a603g, c606t, t630c, c645t, g678a, c690t, a714g, g720a, a723g, a741g, a744g, t759a, g765a, c772t, t777c, c786t, t819c, c861t, c879a, a891g, a906g, t912c, c921t, a945t, a975g, g984a, t993c, a996g, t1005g, a1011g, a1023g, g1053a, g1059a, t1065c, a1137g, c1141t, c1170t, a1188c, g1206a, a1230g, g1248a, g1251a, c1260t, t1290c, t1299c	Cosmopolitan-AF1a	Cosmopolitan-AF1a
Cosmopolitan-AF1b	Cosmopolitan-AF1b	t107c, t126c, a132g, t138c, t144c, t145c, t150c, g162a, t169c, a171g, t175g, g182a, c183t, t195a, c204t, t219c, t220c, g225a, g228a, t240c, g283c, t288c, a291g, c292a, t303c, a315g, g317a, t318c, g324a, g330a, a336g, t342c, g354a, t357c, a367g, a390g, c403t, g414a, c417t, c462a, g465a, g470a, t474c, g486a, c501t, t519c, g535a, a549g, t558c, a603g, c606t, t630c, t663c, c690t, a714g, g720a, a723g, t729a, a741g, a744g, c756t, t759a, g761a, a762g, g765a, c786t, t819c, t840a, t843c, c861t, a891g, t894a, a906g, t912c, c921t, a945t, c951t, t993c, a1011g, t1032c, t1065c, a1137g, a1140t, c1141t, c1173t, a1188c, g1206a, t1215c, t1221c, c1222a, c1227a, a1230g, g1248a, c1260t, c1287t, t1299c, c1317t, c1324t	Cosmopolitan-AF1b	Cosmopolitan-AF1b
Cosmopolitan-AM3a	Cosmopolitan-AM3a	a21g, c24t, c96t, a102g, t126c, c127t, a129g, a132g, g135a, t138c, t144c, t150c, a165g, t175g, g182a, t195g, c204t, t219c, g225a, g228a, t240c, c264t, g283c, g317a, g324t, a333c, a336g, a351g, g378a, c396t, c403t, c417t, t418c, g435a, t438c, t448c, c462a, g465a, g470a, c471t, t474a, t477c, c501t, t519c, c543t, a549g, t585c, t588c, t594c, a603g, c621t, t630c, a675g, g678a, c690t, c705t, t708c, a714g, g720a, a723g, t729a, g732t, a738c, a741g, c747t, t759a, g765a, t819c, g888a, a891g, t912c, t915c, c921t, a945t, t954c, a975t, g991a, a996c, a1011g, g1035t, a1038g, a1062g, c1080t, g1089a, a1100g, c1107t, g1122a, a1137g, a1140g, t1158a, t1167c, a1188c, a1194g, g1206a, a1230g, g1297a, t1299c, a1306g, a1307g, c1317t, t1323c, a1335g, t1348c, a1350g	Cosmopolitan-AM3a	Cosmopolitan-AM3a
Asian-SEA1b	Asian-SEA1b	a21g, t48c, t57a, g69t, g81a, c84t, t93a, c96t, t106c, a111g, g114a, t118a, a123c, a124t, t126c, a132g, t144c, t150c, a153g, a156c, c159t, t169c, a171g, a174t, t175g, c177t, g182a, c183t, c186t, a192g, c204t, a210g, g222a, g225a, g228c, g237a, t240c, g249a, t255c, g258t, a261g, c273t, c282a, g283t, a297g, t303c, a315t, g317a, t321c, g324t, g327t, t363c, c364t, a369g, c375t, a381g, a387g, t399a, c403t, t405g, g414a, c417t, c427t, t429a, g435a, c462g, g465a, g470a, t474c, t477c, t483c, a498g, c501t, a525t, a540g, a549g, a561g, a576g, t585c, t588c, t597c, a603g, t615c, g618a, c621t, t639c, g654a, a660c, a669t, c681t, a684t, t699c, c705t, t708c, g720a, t729a, a741g, a744g, c747a, c756t, t759a, g765a, c786t, t819c, g822a, a825g, a837t, c849t, t852c, c864t, a873g, a876g, t880c, g888a, a891g, t897c, t912a, a945t, a963g, a969g, c972t, a975t, a981g, g984a, t993c, t1005c, a1023t, g1026a, c1033t, a1044g, g1053a, a1062g, a1071g, t1086c, a1092g, a1101g, a1104g, c1107t, c1120t, a1125g, c1134t, g1135t, c1141t, t1152c, a1155g, c1164t, c1170t, c1173t, c1182t, a1188t, a1194g, a1200g, g1206t, a1209g, t1215c, a1230g, g1248a, g1257a, c1260t, c1264a, c1275t, t1299c, a1311g, c1314t, c1317t, a1328g, c1329t, g1332a, a1335g, g1341t	Asian-SEA1b	Asian-SEA1b
Cosmopolitan-CA1	Cosmopolitan-CA1	a21c, c66a, c96t, t126c, c127t, a132g, t138c, t144c, t150c, t175g, g182a, c183t, c186t, t195a, c204t, g225a, g228a, t240c, a252g, g283t, g301a, t303c, a315g, g317a, g330a, a336g, a348g, g354a, c382t, a387t, a390g, c403t, g408a, c417t, a420g, c462a, g465a, g470a, g486a, t495c, c501t, t519c, a525c, a549g, a567g, a603g, c606t, c621t, a624g, t630c, a684g, c690t, a714t, g720a, a723g, a741g, a744g, t759c, g765a, t777c, t852c, c861t, t885c, g888a, a891g, a906g, c921t, a945t, c972a, g984a, t993c, a1011g, g1041a, a1044g, g1059a, t1065c, a1068g, g1113a, a1137g, c1141t, a1162c, c1173t, a1188c, g1206a, a1230g, g1248a, c1260t, c1287a, c1314t, c1317t, a1335g, g1343a, t1344c, a1350t, a1353g	Cosmopolitan-CA1	Cosmopolitan-CA1
Cosmopolitan-CA1	Cosmopolitan-CA1	a21c, c66a, c96t, t126c, c127t, a132g, t138c, t144c, t150c, t175g, g182a, c183t, c186t, t195a, c204t, g225a, g228a, t240c, a252g, g283t, g301a, t303c, a315g, g317a, g330a, a336g, a348g, g354a, c382t, a387t, a390g, c403t, g408a, c417t, a420g, c462a, g465a, g470a, g486a, t495c, c501t, t519c, a525c, a549g, a567g, a603g, c606t, c621t, a624g, t630c, a684g, c690t, a714t, g720a, a723g, a741g, a744g, t759c, g765a, t777c, t852c, c861t, t885c, g888a, a891g, a906g, c921t, a945t, c972a, g984a, t993c, a1011g, g1041a, a1044g, g1059a, t1065c, a1068g, g1113a, a1137g, c1141t, a1162c, c1173t, a1188c, g1206a, a1230g, g1248a, c1260t, c1287a, c1314t, c1317t, a1335g, g1343a, t1344c, a1350t, a1353g	Cosmopolitan-CA1	Cosmopolitan-CA1
Cosmopolitan-CA1	Cosmopolitan-CA1	a21c, c66a, c96t, t126c, c127t, a132g, t138c, t144c, t150c, t175g, g182a, c183t, c186t, t195a, c204t, g225a, g228a, t240c, a252g, g283t, g301a, t303c, a315g, g317a, g330a, a336g, a348g, g354a, c382t, a387t, a390g, c403t, g408a, c417t, a420g, c462a, g465a, g470a, g486a, t495c, c501t, t519c, a525c, a549g, a567g, a603g, c606t, c621t, a624g, t630c, a684g, c690t, a714t, g720a, a723g, a741g, a744g, t759c, g765a, t777c, t852c, c861t, t885c, g888a, a891g, a906g, c921t, a945t, c972a, g984a, t993c, a1011g, g1041a, a1044g, g1059a, t1065c, a1068g, g1113a, a1137g, c1141t, a1162c, c1173t, a1188c, g1206a, a1230g, g1248a, c1260t, c1287a, c1314t, c1317t, a1335g, g1343a, t1344c, a1350t, a1353g	Cosmopolitan-CA1	Cosmopolitan-CA1
Arctic-related-AL2	Arctic-related-AL2	c24t, t48c, g60a, c96g, a102g, t105c, t118a, a123t, t126c, a132g, g135a, t138c, c141a, a147g, a153g, c159t, a171g, t175g, c177t, a178t, g182a, c183t, c186t, a192g, c204t, t213c, c216t, t219c, g222a, g225a, g228c, t240a, g258t, g283c, a315g, g317a, g324t, a336g, c364t, a369g, c375a, a387g, a390g, c402t, t405c, c417t, t418c, c423t, c432t, t448c, c462g, g470a, t474c, c501t, g504a, g513a, t519c, g535a, t537c, c552t, a561g, a576g, t585c, a603t, t615c, c627t, t630c, g678a, a684g, t687a, a702g, c705t, t708c, a711t, a714g, a723g, a744g, c747a, c756t, t759a, g765a, g789a, t795c, a810g, g828a, g834a, t840c, c861t, a876g, t880c, a891g, t894c, t900c, a903g, t912a, c921t, a945c, a948c, c951t, t960g, c966a, a969g, c972t, a975g, g984a, t987c, g994c, t1005c, t1008c, a1011g, c1021t, c1047t, c1050t, g1053a, g1059a, a1062g, a1068g, c1080t, a1095g, a1104g, c1107t, g1111a, c1120t, a1125c, c1134t, a1137g, a1140g, t1152c, t1158g, t1167g, c1170t, c1179t, c1185t, t1203c, g1206t, a1219g, a1230g, t1293c, a1296g, a1305g, c1314t, g1341t, g1343a	Arctic-related-AL2	Arctic-related-AL2
Arctic-related-AL2	Arctic-related-AL2	c24t, t48c, g60a, c96g, a102g, t105c, t118a, a123t, t126c, a132g, g135a, t138c, c141a, a147g, a153g, c159t, a171g, t175g, c177t, a178t, g182a, c183t, c186t, a192g, c204t, t213c, c216t, t219c, g222a, g225a, g228c, t240a, g258t, g283c, a315g, g317a, g324t, a336g, c364t, a369g, c375a, a387g, a390g, c402t, t405c, c417t, t418c, c423t, c432t, t448c, c462g, g470a, t474c, c501t, g504a, g513a, t519c, g535a, t537c, c552t, a561g, a576g, t585c, a603t, t615c, c627t, t630c, g678a, a684g, t687a, a702g, c705t, t708c, a711t, a714g, a723g, a744g, c747a, c756t, t759a, g765a, g789a, t795c, a810g, g828a, g834a, t840c, c861t, a876g, t880c, a891g, t894c, t900c, a903g, t912a, c921t, a945c, a948c, c951t, t960g, c966a, a969g, c972t, a975g, g984a, t987c, g994c, t1005c, t1008c, a1011g, c1021t, c1047t, c1050t, g1053a, g1059a, a1062g, a1068g, c1080t, a1095g, a1104g, c1107t, g1111a, c1120t, a1125c, c1134t, a1137g, a1140g, t1152c, t1158g, t1167g, c1170t, c1179t, c1185t, t1203c, g1206t, a1219g, a1230g, t1293c, a1296g, a1305g, c1314t, g1341t, g1343a	Arctic-related-AL2	Arctic-related-AL2
Arctic-related-AL2	Arctic-related-AL2	c24t, t48c, g60a, c96g, a102g, t105c, t118a, a123t, t126c, a132g, g135a, t138c, c141a, a147g, a153g, c159t, a171g, t175g, c177t, a178t, g182a, c183t, c186t, a192g, c204t, t213c, c216t, t219c, g222a, g225a, g228c, t240a, g258t, g283c, a315g, g317a, g324t, a336g, c364t, a369g, c375a, a387g, a390g, c402t, t405c, c417t, t418c, c423t, c432t, t448c, c462g, g470a, t474c, c501t, g504a, g513a, t519c, g535a, t537c, c552t, a561g, a576g, t585c, a603t, t615c, c627t, t630c, g678a, a684g, t687a, a702g, c705t, t708c, a711t, a714g, a723g, a744g, c747a, c756t, t759a, g765a, g789a, t795c, a810g, g828a, g834a, t840c, c861t, a876g, t880c, a891g, t894c, t900c, a903g, t912a, c921t, a945c, a948c, c951t, t960g, c966a, a969g, c972t, a975g, g984a, t987c, g994c, t1005c, t1008c, a1011g, c1021t, c1047t, c1050t, g1053a, g1059a, a1062g, a1068g, c1080t, a1095g, a1104g, c1107t, g1111a, c1120t, a1125c, c1134t, a1137g, a1140g, t1152c, t1158g, t1167g, c1170t, c1179t, c1185t, t1203c, g1206t, a1219g, a1230g, t1293c, a1296g, a1305g, c1314t, g1341t, g1343a	Arctic-related-AL2	Arctic-related-AL2
Asian-SEA1b	Asian-SEA1b	a21g, t48c, t57a, g69t, g81a, c84t, t93a, c96t, t106c, a111g, g114a, t118a, a123c, a124t, t126c, a132g, t144c, t150c, a153g, a156c, c159t, t169c, a171g, a174t, t175g, c177t, g182a, c183t, c186t, a192g, c204t, a210g, g222a, g225a, g228c, g237a, t240c, g249a, t255c, g258t, a261g, c273t, c282a, g283t, a297g, t303c, a315t, g317a, t321c, g324t, g327t, t363c, c364t, a369g, c375t, a381g, a387g, t399a, c403t, t405g, g414a, c417t, c427t, t429a, g435a, c462g, g465a, g470a, t474c, t477c, t483c, a498g, c501t, a525t, a540g, a549g, a561g, a576g, t585c, t588c, t597c, a603g, t615c, g618a, c621t, t639c, g654a, a660c, a669t, c681t, a684t, t699c, c705t, t708c, g720a, t729a, a741g, a744g, c747a, c756t, t759a, g765a, c786t, t819c, g822a, a825g, a837t, c849t, t852c, c864t, a873g, a876g, t880c, g888a, a891g, t897c, t912a, a945t, a963g, a969g, c972t, a975t, a981g, g984a, t993c, t1005c, a1023t, g1026a, c1033t, a1044g, g1053a, a1062g, a1071g, t1086c, a1092g, a1101g, a1104g, c1107t, c1120t, a1125g, c1134t, g1135t, c1141t, t1152c, a1155g, c1164t, c1170t, c1173t, c1182t, a1188t, a1194g, a1200g, g1206t, a1209g, t1215c, a1230g, g1248a, g1257a, c1260t, c1264a, c1275t, t1299c, a1311g, c1314t, c1317t, a1328g, c1329t, g1332a, a1335g, g1341t	Asian-SEA1b	Asian-SEA1b
Asian-SEA1b	Asian-SEA1b	a21g, t48c, t57a, g69t, g81a, c84t, t93a, c96t, t106c, a111g, g114a, t118a, a123c, a124t, t126c, a132g, t144c, t150c, a153g, a156c, c159t, t169c, a171g, a174t, t175g, c177t, g182a, c183t, c186t, a192g, c204t, a210g, g222a, g225a, g228c, g237a, t240c, g249a, t255c, g258t, a261g, c273t, c282a, g283t, a297g, t303c, a315t, g317a, t321c, g324t, g327t, t363c, c364t, a369g, c375t, a381g, a387g, t399a, c403t, t405g, g414a, c417t, c427t, t429a, g435a, c462g, g465a, g470a, t474c, t477c, t483c, a498g, c501t, a525t, a540g, a549g, a561g, a576g, t585c, t588c, t597c, a603g, t615c, g618a, c621t, t639c, g654a, a660c, a669t, c681t, a684t, t699c, c705t, t708c, g720a, t729a, a741g, a744g, c747a, c756t, t759a, g765a, c786t, t819c, g822a, a825g, a837t, c849t, t852c, c864t, a873g, a876g, t880c, g888a, a891g, t897c, t912a, a945t, a963g, a969g, c972t, a975t, a981g, g984a, t993c, t1005c, a1023t, g1026a, c1033t, a1044g, g1053a, a1062g, a1071g, t1086c, a1092g, a1101g, a1104g, c1107t, c1120t, a1125g, c1134t, g1135t, c1141t, t1152c, a1155g, c1164t, c1170t, c1173t, c1182t, a1188t, a1194g, a1200g, g1206t, a1209g, t1215c, a1230g, g1248a, g1257a, c1260t, c1264a, c1275t, t1299c, a1311g, c1314t, c1317t, a1328g, c1329t, g1332a, a1335g, g1341t	Asian-SEA1b	Asian-SEA1b
Africa-2	Africa-2	c45t, t48c, t57a, g87a, c96t, t105c, t106c, a111g, t118a, t126c, c127t, a132g, g135a, t138c, t150c, t175g, g182a, c183t, a192g, c216t, g225a, g228t, g237a, t238c, t240c, g246a, g258t, c270t, g283t, c292a, a297g, t303c, c312t, g317a, g324t, a333c, a336g, t342g, g354a, t357c, c375t, t399g, c402t, c403t, g408a, g414a, c417t, t429g, g450a, c462g, g465a, g470a, t474a, t477c, t483c, c501t, a502c, t534c, t537c, c543t, c552t, a561g, c573t, t582c, t588c, a603g, a610c, t615c, c627a, t630c, t638a, g654a, a669c, t687a, c705t, t708c, a711t, a714g, a723g, t726c, t729a, a744g, c747a, c753t, c756t, t759a, g765a, t777c, g798a, a801g, a808c, t819c, a837t, t840g, t852c, c861t, t870c, a873g, c874t, a876g, c879t, t880c, t885c, t894c, t897g, a903g, t912g, t915a, c921t, g924a, a945t, c951t, a963g, a969g, c972t, c973t, a981g, t987c, a1011g, t1020c, c1029t, g1035a, a1038g, g1041a, a1044g, c1047t, c1050t, g1053a, g1059c, t1065c, c1080t, t1086c, g1089a, t1098c, c1107t, g1113a, c1120t, a1125g, c1134t, a1137g, t1152c, t1158c, c1170t, c1173t, c1179t, c1185t, a1188c, a1200g, g1206t, t1212c, a1224g, a1230g, t1236c, t1242g, g1248a, g1257t, c1264a, c1275t, t1299c, t1302c, c1314t, c1317t, t1323c, g1332a, g1341t, c1347t	Africa-2	Africa-2
Cosmopolitan-AF1b	Cosmopolitan-AF1b	t107c, t126c, a132g, t138c, t144c, t145c, t150c, g162a, t169c, a171g, t175g, g182a, c183t, t195a, c204t, t219c, t220c, g225a, g228a, t240c, g283c, t288c, a291g, c292a, t303c, a315g, g317a, t318c, g324a, g330a, a336g, t342c, g354a, t357c, a367g, a390g, c403t, g414a, c417t, c462a, g465a, g470a, t474c, g486a, c501t, t519c, g535a, a549g, t558c, a603g, c606t, t630c, t663c, c690t, a714g, g720a, a723g, t729a, a741g, a744g, c756t, t759a, g761a, a762g, g765a, c786t, t819c, t840a, t843c, c861t, a891g, t894a, a906g, t912c, c921t, a945t, c951t, t993c, a1011g, t1032c, t1065c, a1137g, a1140t, c1141t, c1173t, a1188c, g1206a, t1215c, t1221c, c1222a, c1227a, a1230g, g1248a, c1260t, c1287t, t1299c, c1317t, c1324t	Cosmopolitan-AF1b	Cosmopolitan-AF1b
Cosmopolitan-AF1b	Cosmopolitan-AF1b	t107c, t126c, a132g, t138c, t144c, t145c, t150c, g162a, t169c, a171g, t175g, g182a, c183t, t195a, c204t, t219c, t220c, g225a, g228a, t240c, g283c, t288c, a291g, c292a, t303c, a315g, g317a, t318c, g324a, g330a, a336g, t342c, g354a, t357c, a367g, a390g, c403t, g414a, c417t, c462a, g465a, g470a, t474c, g486a, c501t, t519c, g535a, a549g, t558c, a603g, c606t, t630c, t663c, c690t, a714g, g720a, a723g, t729a, a741g, a744g, c756t, t759a, g761a, a762g, g765a, c786t, t819c, t840a, t843c, c861t, a891g, t894a, a906g, t912c, c921t, a945t, c951t, t993c, a1011g, t1032c, t1065c, a1137g, a1140t, c1141t, c1173t, a1188c, g1206a, t1215c, t1221c, c1222a, c1227a, a1230g, g1248a, c1260t, c1287t, t1299c, c1317t, c1324t	Cosmopolitan-AF1b	Cosmopolitan-AF1b
Cosmopolitan-AF1b	Cosmopolitan-AF1b	t107c, t126c, a132g, t138c, t144c, t145c, t150c, g162a, t169c, a171g, t175g, g182a, c183t, t195a, c204t, t219c, t220c, g225a, g228a, t240c, g283c, t288c, a291g, c292a, t303c, a315g, g317a, t318c, g324a, g330a, a336g, t342c, g354a, t357c, a367g, a390g, c403t, g414a, c417t, c462a, g465a, g470a, t474c, g486a, c501t, t519c, g535a, a549g, t558c, a603g, c606t, t630c, t663c, c690t, a714g, g720a, a723g, t729a, a741g, a744g, c756t, t759a, g761a, a762g, g765a, c786t, t819c, t840a, t843c, c861t, a891g, t894a, a906g, t912c, c921t, a945t, c951t, t993c, a1011g, t1032c, t1065c, a1137g, a1140t, c1141t, c1173t, a1188c, g1206a, t1215c, t1221c, c1222a, c1227a, a1230g, g1248a, c1260t, c1287t, t1299c, c1317t, c1324t	Cosmopolitan-AF1b	Cosmopolitan-AF1b
Cosmopolitan-AF1b	Cosmopolitan-AF1b	t107c, t126c, a132g, t138c, t144c, t145c, t150c, g162a, t169c, a171g, t175g, g182a, c183t, t195a, c204t, t219c, t220c, g225a, g228a, t240c, g283c, t288c, a291g, c292a, t303c, a315g, g317a, t318c, g324a, g330a, a336g, t342c, g354a, t357c, a367g, a390g, c403t, g414a, c417t, c462a, g465a, g470a, t474c, g486a, c501t, t519c, g535a, a549g, t558c, a603g, c606t, t630c, t663c, c690t, a714g, g720a, a723g, t729a, a741g, a744g, c756t, t759a, g761a, a762g, g765a, c786t, t819c, t840a, t843c, c861t, a891g, t894a, a906g, t912c, c921t, a945t, c951t, t993c, a1011g, t1032c, t1065c, a1137g, a1140t, c1141t, c1173t, a1188c, g1206a, t1215c, t1221c, c1222a, c1227a, a1230g, g1248a, c1260t, c1287t, t1299c, c1317t, c1324t	Cosmopolitan-AF1b	Cosmopolitan-AF1b
Asian-SEA3	Asian-SEA3	t48c, t57a, a75g, g87a, t93a, c96t, a102g, t105c, a111g, c117t, t118a, g119c, a132g, t144c, t145c, a147g, t168c, t169c, a171g, a174t, t175g, g182a, c186t, a192g, c204t, a210g, t219c, g225a, g228t, g237a, t240c, t243c, g249a, a250g, t255c, g258t, g283t, t303c, c312t, a315t, g317a, g324t, g327a, g354t, t363a, c375t, c382g, a387g, c393t, t399c, c402t, c403g, g414a, c417t, c423t, g435a, c462g, g470a, t477c, a525t, t537a, a540g, g546a, a561g, a576g, t582c, t597c, a603g, t615c, c621t, t630c, c658t, a660g, a669t, c672a, c681t, t687g, t708c, a714g, c715t, g720a, a723g, t726c, t729a, a741g, a744g, c747a, t759g, a768g, a771c, g804a, t819c, g822a, g828c, g831a, g834a, a837t, t840c, t843c, t852c, t870c, c874t, a876g, t880c, g888a, a891g, t897c, a906g, t912a, c921t, a945c, c951t, a963g, a969g, c972t, a975t, a981t, t993c, a996t, t1002c, t1005c, t1017a, a1023c, g1026a, c1033t, a1044g, c1047t, c1050t, g1053a, a1056g, a1072c, c1080t, a1083g, a1092g, a1101g, a1104g, c1107t, g1113a, a1119g, c1120t, c1124t, a1125g, t1152c, t1158c, c1164t, c1170t, c1179t, a1188c, a1194g, c1197g, t1203c, g1206t, t1215c, t1218c, a1230g, t1236c, g1257a, c1264a, c1275t, t1276g, a1278c, c1287t, t1290c, t1302c, a1305g, c1314t, g1341a, a1350g	Asian-SEA3	Asian-SEA3
Asian-SEA2a	Asian-SEA2a	t48c, t49c, t57c, c66t, g81a, g87a, c90t, t93a, t105c, t106c, a111g, g114a, t118a, a123c, a132g, g135a, c141t, t144c, t150c, t168c, t169c, a171g, a174t, t175g, g182a, c183t, c186t, c189t, a192g, t201g, c204t, t207c, t213c, t219c, g222a, g225a, g228t, g237a, t240c, t243c, t255c, g258c, c269a, c270t, t276c, a279g, g283t, t303c, g306a, a315t, g317a, t318c, g324t, g327a, g330c, a369g, a372g, c375t, a381g, c382t, a387g, c402g, c403t, t411c, g414a, c417t, c423t, g441t, c462g, g465a, g470a, t474a, t477c, t483c, a498g, a525t, c528t, t534c, t537c, a540g, g546a, t555c, a561g, a576g, t582c, t588c, t597c, a603g, t615c, g618a, c621t, t630c, g654a, a660g, a669t, c672t, g678a, c681t, t708c, a714g, g717a, g720a, a723g, t729g, c735t, a741g, c747a, t759a, a762g, t819c, g831a, a837t, c849t, t852c, c874t, t880c, g882a, g888a, a891g, t894a, t897a, t900c, t912a, a945c, a975t, g984a, t993c, t1002c, t1005c, a1011g, a1023g, g1026a, t1032c, c1033t, a1044g, c1047t, a1056g, a1062g, a1104g, c1107t, g1113a, a1119g, c1120t, g1122a, a1125t, g1135t, t1149c, t1152c, t1158c, c1170t, c1173t, g1176a, c1182t, a1188c, a1200g, t1215c, a1230g, t1236c, g1248a, c1264a, t1272c, c1275t, a1278t, t1284c, c1287t, t1299c, c1314t, g1341t, a1350c	Asian-SEA2a	Asian-SEA2a
Cosmopolitan-NEE	Cosmopolitan-NEE	c66a, a75g, c96t, a111g, t126c, a132g, g135a, t138c, t144c, t150c, t175g, g182a, c183t, c186a, a192g, c204t, t219c, g225a, g228a, t240c, a252g, g258a, a261g, g283t, t303c, g317a, t318c, g327a, g330a, a336g, a344g, g354a, a390g, c403t, g408a, c417t, c462a, g465a, g470a, g486a, t495c, c501t, c528t, c543t, t555c, c559t, a603g, c606t, g618a, c621a, a624g, a666g, c681t, a684g, a714t, g720a, a723g, a741g, a744g, t759a, g765a, t777c, t819c, t852c, t885c, a891g, t912c, c921t, a945t, c972t, g984a, t993c, a1011g, g1059a, t1065c, c1080t, a1104g, g1113a, c1134t, a1137g, c1141t, a1146c, c1173t, g1176a, a1188c, t1191c, g1206a, a1230g, g1248a, g1253a, c1260t, a1269g, c1287a, c1317t, a1326g, g1343a, t1344c	Cosmopolitan-NEE	Cosmopolitan-NEE
Cosmopolitan-CA1	Cosmopolitan-CA1	a21c, c66a, c96t, t126c, c127t, a132g, t138c, t144c, t150c, t175g, g182a, c183t, c186t, t195a, c204t, g225a, g228a, t240c, a252g, g283t, g301a, t303c, a315g, g317a, g330a, a336g, a348g, g354a, c382t, a387t, a390g, c403t, g408a, c417t, a420g, c462a, g465a, g470a, g486a, t495c, c501t, t519c, a525c, a549g, a567g, a603g, c606t, c621t, a624g, t630c, a684g, c690t, a714t, g720a, a723g, a741g, a744g, t759c, g765a, t777c, t852c, c861t, t885c, g888a, a891g, a906g, c921t, a945t, c972a, g984a, t993c, a1011g, g1041a, a1044g, g1059a, t1065c, a1068g, g1113a, a1137g, c1141t, a1162c, c1173t, a1188c, g1206a, a1230g, g1248a, c1260t, c1287a, c1314t, c1317t, a1335g, g1343a, t1344c, a1350t, a1353g	Cosmopolitan-CA1	Cosmopolitan-CA1
Cosmopolitan-CA2	Cosmopolitan-CA2	a75g, t93c, c96t, a111g, t126c, a132g, g135a, t138c, t144c, t150c, t175g, g182a, c183t, c189t, c204t, t219c, g225a, g228a, t240c, a252t, c270t, g283c, t303c, g317a, g330a, c364t, c382t, a390g, c403t, g414a, c417t, c462a, g465a, g470a, t474c, g486a, c501t, t519c, t555c, a603g, c606t, t630c, c672t, a675g, c690t, a714g, g720a, a723g, a741g, a744g, t759a, g765a, a771t, c772t, t777c, g834a, a837c, c861t, t870c, c874t, a891g, a906g, t912c, c921t, a945t, g984a, a1011g, g1059a, c1080t, a1137g, a1140g, c1141t, t1158g, c1161t, c1170t, c1173t, a1188c, g1206a, t1212c, a1230g, g1248a, c1260t, g1266a, t1299c, g1332a, t1338c, g1341a	Cosmopolitan-CA2	Cosmopolitan-CA2
Arctic-related-A	Arctic-related-A	c30t, c96t, c99t, a102g, t105c, a111g, t118a, a123c, t126c, a132g, g135a, t138c, a147g, t150c, a153g, t175g, a178t, g182a, c183t, c186t, a192g, c204t, t207c, t219c, g222a, g225a, g228c, t240c, t243c, a252g, g258c, a279g, g283c, a294g, g317a, a336g, t342a, a344g, c364t, a369g, c375g, a387t, a390g, c402t, t405a, c417t, g447a, t448c, g450a, c462t, g470a, c501t, t519c, t531c, g535a, a540g, a549g, c552t, a561g, a576g, t585c, t588c, t616c, c621a, a624g, t630c, a660g, g678a, c681t, a684g, t687a, t708c, a711g, a714g, g720a, a744g, c747a, c756t, t759a, a762g, g765a, g789a, t795c, g828a, g831a, t852c, c861t, c867t, a876g, a891g, t894c, t912a, c921t, t936c, a945c, t960a, c966g, c972t, a975g, t987c, a1011g, c1021t, g1026a, c1033t, a1038g, a1044g, c1047t, a1056g, g1059a, a1062g, a1071g, c1107t, g1111a, c1120t, g1135a, t1136c, a1137g, c1164t, t1167g, c1170t, a1188c, t1191g, t1203c, g1206t, a1209g, a1219g, t1221c, a1230g, t1236c, a1239g, t1242c, c1243a, g1248a, t1284c, c1287a, t1293c, c1314t, c1317t, c1329t, a1335g, g1341t, a1350g	Arctic-related-A	Arctic-related-A
Cosmopolitan-CA3	Cosmopolitan-CA3	t33c, g43a, c45t, t63c, c96t, t105c, t126c, a132g, g135a, t138c, t144c, t150c, t175g, g182a, c183t, c186a, c204t, t219c, g225a, g228a, t240c, a252g, a261g, c264t, g283t, t284g, c292a, t303c, a315g, g317a, g330a, a336g, g354a, a381g, a390g, c403t, g408a, c417t, t426c, c462a, g465a, g470a, g486a, t495c, c501t, t519c, a525c, a624g, a649g, a684g, a714t, g720a, a723g, a741g, a744g, t759a, g765a, t777c, c786t, t819c, a825g, g828a, t852c, c861t, a876g, a891g, t900c, a906g, c921t, a945t, g984a, t993c, t1005c, a1011g, c1029t, c1050t, a1055g, g1059a, t1065c, a1092g, t1131c, c1141t, c1173t, g1176a, a1188c, g1206a, a1209g, a1230g, c1260t, c1287a, c1314t, c1317t, g1320a, g1343a, t1344c	Cosmopolitan-CA3	Cosmopolitan-CA3
Bat-EF-W1	Bat-EF-W1	c37a, t49c, g60a, t72c, a75g, t93g, c96t, a102g, t105c, g108a, a111g, t118a, t126c, c127t, g135a, t138c, c141t, t144c, a147g, t150c, g162a, a174t, t175g, g182a, c183t, c186a, a192g, t195c, t198c, c204t, t213c, c216t, t220c, g222a, g225a, g228c, t240c, t243c, g249a, a250g, g258t, a261t, t276c, g283c, t288a, a294g, a296g, a297g, t303c, g316a, g317a, g324t, g330c, t339c, t342c, a348g, g366a, c375t, a381g, c382t, g384a, a387g, a390g, c402t, c403t, t405g, g414a, c417t, a420g, c423t, c462t, g465a, a468g, g470a, t474c, t477c, c480t, t483c, t495c, c501t, g522a, t537a, a540g, g546a, c552t, c559t, a561g, t570c, t582c, t588c, t597c, a603g, t615c, t616c, g618a, a624g, g654a, a669g, c672t, a702g, t708c, a714g, c715t, t729a, c735t, a741g, c747a, c756t, t759g, g765a, a769c, g798a, a825g, g831a, a837t, t840a, t852c, c864t, a873g, c874t, a876g, t880c, t885c, t897g, t900c, t912a, c921t, t930c, a945t, c951t, a963g, c966g, c972t, a975g, g984a, t987g, t993c, g994a, t1002c, t1005a, a1011g, a1023t, c1029t, c1033t, a1038g, a1044g, c1047t, c1050t, g1053a, a1062t, a1068g, a1083g, t1086c, a1092g, a1101g, c1107t, g1113a, c1120t, t1121c, g1122a, a1125t, c1134a, a1140c, c1141t, a1146t, t1152c, t1158c, c1164t, c1170t, a1188t, g1189a, a1194g, a1200g, a1209g, t1212a, t1215c, t1218c, a1230g, c1243a, g1251a, g1257a, c1264a, a1269g, t1284c, t1302c, a1305c, c1324t, t1338c, c1347t, a1350g	Bat-EF-W1	Bat-EF-W1
Cosmopolitan-AM4	Cosmopolitan-AM4	g7a, g39t, t93a, c96t, a111g, a129g, a132g, g135a, t138c, c141t, t144c, t150c, t168c, t169c, t175g, g182a, c183t, c204t, c216t, t219c, g225a, g228a, g229t, t243c, g258a, c264t, g283c, g285a, t288c, a294g, t303c, c309t, g317a, g324t, a336g, t339c, t363c, c364t, a390g, c393t, c403t, c417t, c439t, c462a, g470a, t474c, t516c, a540g, a561g, a603g, t616c, c627a, t630c, c645t, g654a, a660g, g678a, t708c, a714g, g720a, a723g, t729a, t759a, g765a, a813g, t819c, t843c, t855c, c861t, a891g, t900c, t912c, t915c, c921t, a945c, a963g, c972t, a1011g, c1050t, a1074g, t1098c, a1104g, t1105c, g1122a, c1130t, a1137g, a1140g, t1167c, g1176a, c1185t, a1188c, g1206a, t1215g, a1230g, g1248c, c1260t, c1308t, a1326g, a1335g	Cosmopolitan-AM4	Cosmopolitan-AM4
Bat-LN	Bat-LN	c9a, c24t, t33g, t48c, t63c, t72c, t93g, c96a, t105c, t107c, a110g, a111g, t118a, t126c, c127t, a129g, g135a, t138c, c141t, t144c, a147g, t150c, g166a, a171g, a174t, t175g, g182a, c183t, c186a, a192g, t195c, t198c, c204t, t213c, c216t, t220c, g222a, g225a, g228t, t240c, g249a, a250g, a252g, g258c, a261t, a268g, c269t, c270t, t276c, g283c, t288a, a291g, a294g, a296g, a297g, a300c, t303c, g316a, g317a, g324t, g330t, a335g, g343a, a348g, g366a, a372g, c375t, a381g, c382t, a390g, c393t, c402t, t405a, g414a, a420g, c423t, t433c, g435a, c439t, c462a, g465a, a468g, g470a, t477c, c480t, t483c, c501t, g504a, g513a, t519c, t537g, a540g, c543t, a549g, c552t, c559t, a561g, t570c, t582c, t588c, t597c, a603g, t615c, t616c, g618a, c621t, a624g, c645t, g654a, c672t, a675g, g678a, t687a, a702g, a714g, c715t, a723g, t729a, c735t, a741g, c747a, c756t, t759a, a762g, g765a, a768g, a769c, a771g, t777c, t795c, g798a, g804a, a813g, a825g, a837t, t840a, c864t, c867t, a873g, c874t, a876g, t880c, t885c, t897a, t909c, t912a, g924t, t930c, a945t, c951t, t954c, c966g, c972t, c973t, a975g, g994a, t1002c, t1005a, a1011g, t1020c, a1023t, c1029t, t1032c, c1033t, a1038g, a1044g, c1047t, c1050t, g1053a, a1062t, a1068g, a1083g, t1086c, a1092g, a1101g, c1107t, g1113a, a1125c, c1134a, a1137g, a1140t, c1141t, t1152c, t1158c, c1170t, c1173t, c1179t, a1188t, g1189a, a1200g, g1206t, a1209g, t1212g, t1218c, t1221c, a1230g, c1243a, c1246t, g1251a, g1257a, c1264a, t1284c, a1296g, a1305c, c1308t, c1317t, c1324t, a1326g, t1338c, g1341a, c1347t, a1350t	Bat-LN	Bat-LN
Bat-EF-W1	Bat-EF-W1	c37a, t49c, g60a, t72c, a75g, t93g, c96t, a102g, t105c, g108a, a111g, t118a, t126c, c127t, g135a, t138c, c141t, t144c, a147g, t150c, g162a, a174t, t175g, g182a, c183t, c186a, a192g, t195c, t198c, c204t, t213c, c216t, t220c, g222a, g225a, g228c, t240c, t243c, g249a, a250g, g258t, a261t, t276c, g283c, t288a, a294g, a296g, a297g, t303c, g316a, g317a, g324t, g330c, t339c, t342c, a348g, g366a, c375t, a381g, c382t, g384a, a387g, a390g, c402t, c403t, t405g, g414a, c417t, a420g, c423t, c462t, g465a, a468g, g470a, t474c, t477c, c480t, t483c, t495c, c501t, g522a, t537a, a540g, g546a, c552t, c559t, a561g, t570c, t582c, t588c, t597c, a603g, t615c, t616c, g618a, a624g, g654a, a669g, c672t, a702g, t708c, a714g, c715t, t729a, c735t, a741g, c747a, c756t, t759g, g765a, a769c, g798a, a825g, g831a, a837t, t840a, t852c, c864t, a873g, c874t, a876g, t880c, t885c, t897g, t900c, t912a, c921t, t930c, a945t, c951t, a963g, c966g, c972t, a975g, g984a, t987g, t993c, g994a, t1002c, t1005a, a1011g, a1023t, c1029t, c1033t, a1038g, a1044g, c1047t, c1050t, g1053a, a1062t, a1068g, a1083g, t1086c, a1092g, a1101g, c1107t, g1113a, c1120t, t1121c, g1122a, a1125t, c1134a, a1140c, c1141t, a1146t, t1152c, t1158c, c1164t, c1170t, a1188t, g1189a, a1194g, a1200g, a1209g, t1212a, t1215c, t1218c, a1230g, c1243a, g1251a, g1257a, c1264a, a1269g, t1284c, t1302c, a1305c, c1324t, t1338c, c1347t, a1350g	Bat-EF-W1	Bat-EF-W1
Bat-EF-W1	Bat-EF-W1	c37a, t49c, g60a, t72c, a75g, t93g, c96t, a102g, t105c, g108a, a111g, t118a, t126c, c127t, g135a, t138c, c141t, t144c, a147g, t150c, g162a, a174t, t175g, g182a, c183t, c186a, a192g, t195c, t198c, c204t, t213c, c216t, t220c, g222a, g225a, g228c, t240c, t243c, g249a, a250g, g258t, a261t, t276c, g283c, t288a, a294g, a296g, a297g, t303c, g316a, g317a, g324t, g330c, t339c, t342c, a348g, g366a, c375t, a381g, c382t, g384a, a387g, a390g, c402t, c403t, t405g, g414a, c417t, a420g, c423t, c462t, g465a, a468g, g470a, t474c, t477c, c480t, t483c, t495c, c501t, g522a, t537a, a540g, g546a, c552t, c559t, a561g, t570c, t582c, t588c, t597c, a603g, t615c, t616c, g618a, a624g, g654a, a669g, c672t, a702g, t708c, a714g, c715t, t729a, c735t, a741g, c747a, c756t, t759g, g765a, a769c, g798a, a825g, g831a, a837t, t840a, t852c, c864t, a873g, c874t, a876g, t880c, t885c, t897g, t900c, t912a, c921t, t930c, a945t, c951t, a963g, c966g, c972t, a975g, g984a, t987g, t993c, g994a, t1002c, t1005a, a1011g, a1023t, c1029t, c1033t, a1038g, a1044g, c1047t, c1050t, g1053a, a1062t, a1068g, a1083g, t1086c, a1092g, a1101g, c1107t, g1113a, c1120t, t1121c, g1122a, a1125t, c1134a, a1140c, c1141t, a1146t, t1152c, t1158c, c1164t, c1170t, a1188t, g1189a, a1194g, a1200g, a1209g, t1212a, t1215c, t1218c, a1230g, c1243a, g1251a, g1257a, c1264a, a1269g, t1284c, t1302c, a1305c, c1324t, t1338c, c1347t, a1350g	Bat-EF-W1	Bat-EF-W1
Cosmopolitan-AM2b	Cosmopolitan-AM2b	g7a, c9t, a21c, g39t, g87a, c96t, t105c, t106c, t120c, t126c, a132g, g135a, t138c, c141t, t144c, t150c, a153g, a165g, t175g, g182a, c183t, c186t, t201c, c204t, t213c, t219c, g228t, t240c, g249a, g258a, c264t, g283c, g285a, a291g, a300g, t303c, a315t, g317a, g324a, a336g, t339g, a348g, a351g, a381g, c382t, a390g, c402t, c403t, t411c, g414a, c417t, t444c, a456g, c462a, g465a, g470a, t474c, a498g, c501t, t519c, t537c, a540g, t558c, c559t, a567g, a576g, a603g, t616c, t630c, c645a, a660g, a669c, a675g, c690a, t693c, t708c, a714g, a723g, t729a, a741g, a744g, t759a, g765a, c772t, g789a, g798a, a807t, g809a, t819c, g828a, c861t, a873g, a891g, a906g, t912c, c921t, t936c, a945t, c966t, t1002c, a1011g, c1029a, c1033t, a1056g, g1059t, a1071g, a1074g, g1089a, a1095g, a1101g, c1107t, a1137g, t1167c, c1179t, a1188c, a1194g, a1195g, g1206a, t1215c, a1219g, a1230g, c1243a, a1245g, g1248a, a1261g, t1299c, a1305g, c1314t, c1317t, a1335g, g1341t, c1347t	Cosmopolitan-AM2b	Cosmopolitan-AM2b
Bat-LS	Bat-LS	c9t, c24t, t33g, t48c, t63c, t72c, t93g, c96a, a102g, t105c, t107c, a110g, a111g, t118a, t126c, c127t, g135a, t138c, c141t, t144c, t150c, g166a, a171g, a174t, t175g, g182a, c183t, c186a, c189t, a192g, t195c, t198c, t213c, c216t, t220c, g222a, g228t, t240c, g249a, a250g, g258c, a261t, c264t, c269t, c270t, t276c, g283c, t288a, a294g, a297g, a300c, t303c, g306a, t318c, g324t, g330t, a333c, a335g, g343a, a348g, a356g, g366a, a372g, a381g, c382t, a387g, c393t, c402t, t405a, g414a, a420g, c439t, c462a, g465a, g470a, t477c, c480t, t483c, g504a, g513a, t519c, t537c, a540g, c543t, g546a, a549g, c552t, c559t, a561g, t570c, t582c, t585c, t588c, a603g, t615c, t616c, g618a, g654a, a660g, a669t, c672t, a675g, g678a, t687a, c690t, a702g, t708c, a714g, a723t, t729a, a741g, c747a, c756t, t759a, g765a, a768g, a769c, a771g, a774g, t777c, t795c, g798a, a813g, a825t, g834a, a837t, t840a, c864t, c867t, t870c, t880c, t885c, a891g, t897a, t900c, a906g, t909c, t912g, c921t, g924t, t930c, a945t, c951t, t954c, t960c, c966g, c972t, a975g, g994a, t1002c, t1005a, a1011g, a1023t, c1029t, t1032c, c1033t, g1035a, a1038g, a1044g, c1047t, c1050t, g1053a, a1062t, a1068g, a1083g, c1107t, g1110a, g1113a, a1125c, t1131a, c1134a, a1137g, a1140t, c1141t, t1152c, t1158c, c1170t, c1173t, g1189a, a1194g, a1200g, g1206t, a1209g, t1212g, t1218c, t1221c, a1230g, c1246t, g1251a, g1257a, c1264a, a1269g, a1278g, t1284c, a1296g, t1299c, a1305t, c1317t, g1320a, c1324t, a1326g, t1338c, g1341a, c1347t, a1350t	Bat-LS	Bat-LS
RAC-SK-RAC	RAC-SK-RAC	g7a, g15a, g42t, t49c, g51a, g54a, g60a, c66t, g69a, g87a, t93g, c96g, t105c, g108a, t118a, a123c, a124t, t126c, a129g, c141t, a147g, t150c, a153g, a156g, c159t, g166a, a171g, a174c, t175g, g182a, c183t, c186a, c189t, a192g, t195c, t198c, c204t, a210g, t213c, c216t, t219c, g225a, g228t, g237a, t240c, g246a, g249a, g258a, c270t, g283t, c292a, a294g, t303c, c309a, c312t, g316a, g317a, t318c, g324c, g327a, g330c, t342a, t357c, g366a, c375a, a381g, c382t, a387t, a390g, c393t, t399c, g400a, c402t, t405a, g408a, g414a, c417t, a420g, c423t, c439t, a445c, g447a, g465a, a468g, g470a, t474a, t477c, c480t, t483c, c492t, t495c, g496t, a498t, c501t, a502c, g504t, g510a, a525g, t531c, a540g, c543a, c552t, t555c, c559t, t582c, t588c, t594c, t597c, a603g, c609t, t615c, t616c, c627t, c645t, g654a, c658t, c681t, t699c, a702g, t708c, a714g, g720a, a723g, t729a, c735t, a738c, a741g, a744g, c747a, t750c, c753t, c756a, t759a, g761a, a762g, g765a, a774t, c792t, a800g, a825g, g828a, g834a, a837t, t840a, t843c, t852c, c864t, t870g, a873t, c874t, t880c, t897a, a903g, a908g, t912a, t930c, a945t, c966g, a969g, c972t, c973t, a975g, t993c, g994a, t1005a, a1011g, a1023c, c1029t, c1033t, a1038g, a1044g, c1050t, g1053c, a1056g, a1062t, a1068g, a1083g, a1092g, a1101g, a1104t, c1107t, g1110a, g1113a, t1116a, a1119g, c1120t, c1134g, a1137c, a1140t, t1149c, t1152c, t1158a, c1164t, g1176a, a1188t, a1200g, g1206a, a1209g, t1212g, t1215c, a1224g, a1230g, g1233c, a1239g, t1242c, g1248c, g1251a, g1257a, c1260t, c1264a, g1266a, a1269g, c1275a, t1302c, a1305t, c1308t, c1314t, c1317t, g1320a, g1341t, g1343a, t1344c, c1347t, t1348c	RAC-SK-RAC	RAC-SK-RAC
Bat-LB	Bat-LB	c24t, t33g, t48c, t63c, t72c, g87a, t93g, c96a, a102g, t105c, t107c, a110g, a111g, t118a, t126c, c127t, g135a, t138c, c141t, t150c, a165g, g166a, a171g, a174t, t175g, g182a, c183t, c186a, a192g, t195c, t198c, t213c, c216t, t220c, g222a, g225a, g228t, t240c, g249a, a250g, g258t, a261t, c269t, c270t, t276c, g283t, t288a, a294g, a297g, t303c, g324t, g327a, g330t, a335g, t339c, t342c, g343a, a348g, a356g, g366a, a372g, c375t, a381g, c382t, a390g, c393t, c396t, c402t, t405a, g414a, a420g, c439t, c462a, g465a, a468g, g470a, t477c, c480t, t483c, g504a, g513a, t537c, a540g, c543t, a549g, c552t, t555c, c559t, a561g, t570c, t585c, t588c, t597c, a603g, t615c, t616c, g618a, g654a, t657c, a660g, a666g, c672t, a675g, g678a, t687a, a702g, t708c, a714g, c715t, a723t, t729a, a741g, c747a, t750c, c756t, t759a, g765a, a768g, a769c, a771g, t777c, t795c, g798a, a813g, a825g, g834a, a837t, t840a, c864t, c867t, c874t, t880c, t885c, a891g, t897c, t900c, a906g, t909c, t912g, g924t, t930c, t942c, a945t, c951t, t954c, t960c, c966g, c972t, a975g, t993c, g994a, t1002c, t1005a, a1011g, a1023t, c1029t, t1032c, c1033t, g1035a, a1038g, a1044g, c1047t, c1050t, g1059a, a1062t, a1068g, a1083g, c1107t, g1110a, g1113a, a1125c, t1131a, c1134a, a1137g, a1140t, c1141t, t1152c, a1155g, t1158c, c1170t, c1173t, g1189a, a1194g, a1200g, g1206t, t1212g, t1218c, t1221c, a1230g, c1243a, c1246t, g1251a, g1257a, c1264a, a1269g, t1284c, a1296g, t1299c, t1302c, a1305t, a1311t, c1317t, g1320a, c1324t, t1338c, g1341a, c1347t, a1350t	Bat-LB	Bat-LB
Bat-EF-W2	Bat-EF-W2	a38g, t49c, g60a, c66a, t93g, c96t, a102g, t105c, t118a, t126c, c127t, g135a, t138c, c141t, t144c, a147g, t150c, g162a, t168g, a171g, a174c, t175g, g182a, c183t, c186a, a192g, t198c, c204t, t213c, c216t, t220c, g222a, g225a, g228c, t240c, g249a, a250g, g258t, a261t, g283c, t288a, a294g, a297g, t303c, g316a, g317a, g324t, g330c, t342c, g343a, a348g, g366a, a372g, a381g, c382t, a387g, a390g, c402t, c403t, t405g, g414a, c417t, a420g, c423t, c462a, g465a, a468g, g470a, c471t, t474c, t477c, c480t, t495c, c501t, t519c, g522a, t537a, a540g, g546a, c552t, a561g, a576g, t582c, t588c, t597a, a603g, t615c, t616c, g618a, a624g, g654a, a660g, a669g, c672t, g678a, a702g, t708c, a714g, c715t, g720a, t729a, c735t, a741g, c747a, c756a, t759g, g765a, a769c, g798a, a825g, g831a, a837t, t840a, t852c, c864t, c867t, a873g, c874t, a876g, t880c, t885c, t897g, t900c, a903c, t912a, c921t, t930c, a945t, c951t, c966g, c972t, a975g, g984a, t987g, t993c, g994a, t1002c, t1005g, t1008c, a1011g, a1023t, c1029t, c1033t, a1044g, c1047t, c1050t, a1062t, a1083g, t1086c, a1101g, c1107t, g1110a, g1113a, c1120t, g1122a, a1125g, c1134a, a1140c, a1146g, t1152c, t1158c, c1164t, c1170t, a1188t, g1189a, a1194g, a1200g, a1209g, t1212a, t1218c, a1230g, t1242c, c1243a, g1251a, g1257a, a1263c, c1264a, a1269g, t1284c, t1302c, a1305c, c1317a, c1324t, t1338c, g1343a, c1347t, a1350g	Bat-EF-W2	Bat-EF-W2
Bat-EF-W1	Bat-EF-W1	c37a, t49c, g60a, t72c, a75g, t93g, c96t, a102g, t105c, g108a, a111g, t118a, t126c, c127t, g135a, t138c, c141t, t144c, a147g, t150c, g162a, a174t, t175g, g182a, c183t, c186a, a192g, t195c, t198c, c204t, t213c, c216t, t220c, g222a, g225a, g228c, t240c, t243c, g249a, a250g, g258t, a261t, t276c, g283c, t288a, a294g, a296g, a297g, t303c, g316a, g317a, g324t, g330c, t339c, t342c, a348g, g366a, c375t, a381g, c382t, g384a, a387g, a390g, c402t, c403t, t405g, g414a, c417t, a420g, c423t, c462t, g465a, a468g, g470a, t474c, t477c, c480t, t483c, t495c, c501t, g522a, t537a, a540g, g546a, c552t, c559t, a561g, t570c, t582c, t588c, t597c, a603g, t615c, t616c, g618a, a624g, g654a, a669g, c672t, a702g, t708c, a714g, c715t, t729a, c735t, a741g, c747a, c756t, t759g, g765a, a769c, g798a, a825g, g831a, a837t, t840a, t852c, c864t, a873g, c874t, a876g, t880c, t885c, t897g, t900c, t912a, c921t, t930c, a945t, c951t, a963g, c966g, c972t, a975g, g984a, t987g, t993c, g994a, t1002c, t1005a, a1011g, a1023t, c1029t, c1033t, a1038g, a1044g, c1047t, c1050t, g1053a, a1062t, a1068g, a1083g, t1086c, a1092g, a1101g, c1107t, g1113a, c1120t, t1121c, g1122a, a1125t, c1134a, a1140c, c1141t, a1146t, t1152c, t1158c, c1164t, c1170t, a1188t, g1189a, a1194g, a1200g, a1209g, t1212a, t1215c, t1218c, a1230g, c1243a, g1251a, g1257a, c1264a, a1269g, t1284c, t1302c, a1305c, c1324t, t1338c, c1347t, a1350g	Bat-EF-W1	Bat-EF-W1
Bat-TB	Bat-TB	a27g, t49c, g60a, t72c, t93g, c96t, t105c, t106c, a111g, t118a, t126c, c127t, g135a, c141t, a147g, t150c, g162a, g166a, a174t, t175g, g182a, c183t, c186a, t195c, t198c, c204t, t213c, t220c, g225t, g228t, a231c, t240c, g249a, a250t, g258c, a261t, g283c, t288a, a291t, a294g, a297g, a315g, g317a, g324t, g330c, a335g, a336g, g343a, a348g, c364t, g366a, a372g, c375t, a381g, c382t, a390g, c402t, c403t, t405a, g408a, g414a, c417t, t418c, a420g, c423t, t426c, c439t, g441a, a459t, c462t, g465a, a468g, g470a, c471t, t474c, t477c, c480t, t483c, t495c, a498g, c501t, g504a, g513a, t519c, c528t, t531c, g535a, t536c, t537a, a540g, g546a, c552t, a561g, a567g, t570c, t585c, t588c, t594c, t615c, t616c, g618a, c627t, g654a, a660g, a669g, c672t, g678a, a702g, c705t, t708c, t729a, c735t, a741g, c753t, c756t, t759g, g765a, a769c, c772t, c783t, g789a, g798a, g804a, a825t, g831a, a837t, c849t, t852c, c864t, c867t, c874t, a876g, t897g, t900c, a906c, t912a, t930c, a945t, c951t, a963t, c966g, c972t, a975g, g984a, t987g, t993g, g994a, t1002c, a1011g, a1023t, c1033t, a1044g, c1047t, c1050t, g1053a, g1059a, a1062t, a1071g, a1083g, t1086c, a1092g, a1095g, a1101g, c1107t, g1113a, c1120t, g1128a, a1129g, g1135a, t1136c, a1137g, a1140c, c1141t, a1155g, t1158a, c1164t, c1173t, a1188c, g1189a, a1200g, g1206a, a1209g, t1212a, t1218c, c1222a, a1224g, a1230g, c1243a, g1248a, g1251a, g1257a, c1264a, t1284c, c1287t, g1297a, t1302c, a1305t, a1311g, c1314t, c1317t, g1320a, c1324t, a1350t	Bat-TB	Bat-TB
Bat-EF-W1	Bat-EF-W1	c37a, t49c, g60a, t72c, a75g, t93g, c96t, a102g, t105c, g108a, a111g, t118a, t126c, c127t, g135a, t138c, c141t, t144c, a147g, t150c, g162a, a174t, t175g, g182a, c183t, c186a, a192g, t195c, t198c, c204t, t213c, c216t, t220c, g222a, g225a, g228c, t240c, t243c, g249a, a250g, g258t, a261t, t276c, g283c, t288a, a294g, a296g, a297g, t303c, g316a, g317a, g324t, g330c, t339c, t342c, a348g, g366a, c375t, a381g, c382t, g384a, a387g, a390g, c402t, c403t, t405g, g414a, c417t, a420g, c423t, c462t, g465a, a468g, g470a, t474c, t477c, c480t, t483c, t495c, c501t, g522a, t537a, a540g, g546a, c552t, c559t, a561g, t570c, t582c, t588c, t597c, a603g, t615c, t616c, g618a, a624g, g654a, a669g, c672t, a702g, t708c, a714g, c715t, t729a, c735t, a741g, c747a, c756t, t759g, g765a, a769c, g798a, a825g, g831a, a837t, t840a, t852c, c864t, a873g, c874t, a876g, t880c, t885c, t897g, t900c, t912a, c921t, t930c, a945t, c951t, a963g, c966g, c972t, a975g, g984a, t987g, t993c, g994a, t1002c, t1005a, a1011g, a1023t, c1029t, c1033t, a1038g, a1044g, c1047t, c1050t, g1053a, a1062t, a1068g, a1083g, t1086c, a1092g, a1101g, c1107t, g1113a, c1120t, t1121c, g1122a, a1125t, c1134a, a1140c, c1141t, a1146t, t1152c, t1158c, c1164t, c1170t, a1188t, g1189a, a1194g, a1200g, a1209g, t1212a, t1215c, t1218c, a1230g, c1243a, g1251a, g1257a, c1264a, a1269g, t1284c, t1302c, a1305c, c1324t, t1338c, c1347t, a1350g	Bat-EF-W1	Bat-EF-W1
Bat-EF-W1	Bat-EF-W1	c37a, t49c, g60a, t72c, a75g, t93g, c96t, a102g, t105c, g108a, a111g, t118a, t126c, c127t, g135a, t138c, c141t, t144c, a147g, t150c, g162a, a174t, t175g, g182a, c183t, c186a, a192g, t195c, t198c, c204t, t213c, c216t, t220c, g222a, g225a, g228c, t240c, t243c, g249a, a250g, g258t, a261t, t276c, g283c, t288a, a294g, a296g, a297g, t303c, g316a, g317a, g324t, g330c, t339c, t342c, a348g, g366a, c375t, a381g, c382t, g384a, a387g, a390g, c402t, c403t, t405g, g414a, c417t, a420g, c423t, c462t, g465a, a468g, g470a, t474c, t477c, c480t, t483c, t495c, c501t, g522a, t537a, a540g, g546a, c552t, c559t, a561g, t570c, t582c, t588c, t597c, a603g, t615c, t616c, g618a, a624g, g654a, a669g, c672t, a702g, t708c, a714g, c715t, t729a, c735t, a741g, c747a, c756t, t759g, g765a, a769c, g798a, a825g, g831a, a837t, t840a, t852c, c864t, a873g, c874t, a876g, t880c, t885c, t897g, t900c, t912a, c921t, t930c, a945t, c951t, a963g, c966g, c972t, a975g, g984a, t987g, t993c, g994a, t1002c, t1005a, a1011g, a1023t, c1029t, c1033t, a1038g, a1044g, c1047t, c1050t, g1053a, a1062t, a1068g, a1083g, t1086c, a1092g, a1101g, c1107t, g1113a, c1120t, t1121c, g1122a, a1125t, c1134a, a1140c, c1141t, a1146t, t1152c, t1158c, c1164t, c1170t, a1188t, g1189a, a1194g, a1200g, a1209g, t1212a, t1215c, t1218c, a1230g, c1243a, g1251a, g1257a, c1264a, a1269g, t1284c, t1302c, a1305c, c1324t, t1338c, c1347t, a1350g	Bat-EF-W1	Bat-EF-W1
Bat-LX	Bat-LX	c24t, t33g, t48c, t63c, c66t, t72c, g81a, t93g, c96a, a102g, t105c, t107c, a110g, a111g, t118a, t126c, c127t, g135a, t138c, c141t, t144c, t150c, g166a, a171g, a174t, t175g, g182a, c183t, c186a, a192g, t195c, t213c, c216t, t220c, g222a, g225a, g228t, t240c, t243c, g249a, a250g, g258c, a261t, c269t, c270t, t276c, g283c, t288a, a294g, a300c, t303c, a315c, t318c, g324t, g330t, a335g, t342c, g343a, a351g, a356g, a372g, c375t, a381g, c382t, c393t, c402t, t405a, g414a, a420g, c439t, c462a, g465a, a468g, g470a, t477c, c480t, t483c, t495a, g504a, g513a, t519c, t537c, a540g, c543t, g546a, a549g, c552t, c559t, a561g, t570c, t582c, t585c, t588c, t597c, a603g, t615c, g618a, t639c, g654a, a660g, c672t, a675g, g678a, t687a, c690t, a702g, t708c, a714g, c715t, a723t, t729a, a741g, c747a, c756t, t759a, g765a, a768g, a769c, a771g, t777c, t795c, g798a, a801t, g804a, a813g, a825g, g834a, a837t, t840a, c864t, c867t, t870c, c874t, t880c, t885c, a891g, t897a, t900c, a906g, t912g, c921t, g924t, t930c, a945t, c951t, t954c, t960c, c966g, c972t, a975g, g994a, t1002c, t1005a, a1011g, a1023t, c1029t, t1032c, c1033t, g1035a, a1038g, a1044g, c1047t, c1050t, g1053a, a1062t, a1068g, a1083g, a1092g, c1107t, g1110a, g1113a, a1125c, t1131a, c1134a, a1137g, a1140t, c1141t, t1152c, t1158c, c1170t, c1173t, g1189a, a1194g, a1200g, g1206t, a1209g, t1212g, t1221c, a1230g, c1243a, c1246t, g1251a, t1255c, g1257a, c1264a, a1269g, t1284c, a1296g, t1299a, a1305t, c1317t, g1320a, c1324t, a1326g, t1338c, g1341a, c1347t, a1350t	Bat-LX	Bat-LX
Bat-EF-W1	Bat-EF-W1	c37a, t49c, g60a, t72c, a75g, t93g, c96t, a102g, t105c, g108a, a111g, t118a, t126c, c127t, g135a, t138c, c141t, t144c, a147g, t150c, g162a, a174t, t175g, g182a, c183t, c186a, a192g, t195c, t198c, c204t, t213c, c216t, t220c, g222a, g225a, g228c, t240c, t243c, g249a, a250g, g258t, a261t, t276c, g283c, t288a, a294g, a296g, a297g, t303c, g316a, g317a, g324t, g330c, t339c, t342c, a348g, g366a, c375t, a381g, c382t, g384a, a387g, a390g, c402t, c403t, t405g, g414a, c417t, a420g, c423t, c462t, g465a, a468g, g470a, t474c, t477c, c480t, t483c, t495c, c501t, g522a, t537a, a540g, g546a, c552t, c559t, a561g, t570c, t582c, t588c, t597c, a603g, t615c, t616c, g618a, a624g, g654a, a669g, c672t, a702g, t708c, a714g, c715t, t729a, c735t, a741g, c747a, c756t, t759g, g765a, a769c, g798a, a825g, g831a, a837t, t840a, t852c, c864t, a873g, c874t, a876g, t880c, t885c, t897g, t900c, t912a, c921t, t930c, a945t, c951t, a963g, c966g, c972t, a975g, g984a, t987g, t993c, g994a, t1002c, t1005a, a1011g, a1023t, c1029t, c1033t, a1038g, a1044g, c1047t, c1050t, g1053a, a1062t, a1068g, a1083g, t1086c, a1092g, a1101g, c1107t, g1113a, c1120t, t1121c, g1122a, a1125t, c1134a, a1140c, c1141t, a1146t, t1152c, t1158c, c1164t, c1170t, a1188t, g1189a, a1194g, a1200g, a1209g, t1212a, t1215c, t1218c, a1230g, c1243a, g1251a, g1257a, c1264a, a1269g, t1284c, t1302c, a1305c, c1324t, t1338c, c1347t, a1350g	Bat-EF-W1	Bat-EF-W1
Bat-EF-W1	Bat-EF-W1	c37a, t49c, g60a, t72c, a75g, t93g, c96t, a102g, t105c, g108a, a111g, t118a, t126c, c127t, g135a, t138c, c141t, t144c, a147g, t150c, g162a, a174t, t175g, g182a, c183t, c186a, a192g, t195c, t198c, c204t, t213c, c216t, t220c, g222a, g225a, g228c, t240c, t243c, g249a, a250g, g258t, a261t, t276c, g283c, t288a, a294g, a296g, a297g, t303c, g316a, g317a, g324t, g330c, t339c, t342c, a348g, g366a, c375t, a381g, c382t, g384a, a387g, a390g, c402t, c403t, t405g, g414a, c417t, a420g, c423t, c462t, g465a, a468g, g470a, t474c, t477c, c480t, t483c, t495c, c501t, g522a, t537a, a540g, g546a, c552t, c559t, a561g, t570c, t582c, t588c, t597c, a603g, t615c, t616c, g618a, a624g, g654a, a669g, c672t, a702g, t708c, a714g, c715t, t729a, c735t, a741g, c747a, c756t, t759g, g765a, a769c, g798a, a825g, g831a, a837t, t840a, t852c, c864t, a873g, c874t, a876g, t880c, t885c, t897g, t900c, t912a, c921t, t930c, a945t, c951t, a963g, c966g, c972t, a975g, g984a, t987g, t993c, g994a, t1002c, t1005a, a1011g, a1023t, c1029t, c1033t, a1038g, a1044g, c1047t, c1050t, g1053a, a1062t, a1068g, a1083g, t1086c, a1092g, a1101g, c1107t, g1113a, c1120t, t1121c, g1122a, a1125t, c1134a, a1140c, c1141t, a1146t, t1152c, t1158c, c1164t, c1170t, a1188t, g1189a, a1194g, a1200g, a1209g, t1212a, t1215c, t1218c, a1230g, c1243a, g1251a, g1257a, c1264a, a1269g, t1284c, t1302c, a1305c, c1324t, t1338c, c1347t, a1350g	Bat-EF-W1	Bat-EF-W1
Bat-LI	Bat-LI	c24t, t33g, t49c, g60a, c66t, t72c, t93g, c96t, t105c, t107c, g108t, a110g, a111g, t118a, t126c, c127t, a129g, g135a, t138c, c141t, t144c, a147g, t150c, a153g, g162a, g166a, a174c, t175g, g182a, c183t, c186a, t195a, t198c, c204t, t213c, c216t, t220c, g225a, g228c, t240c, g249a, a250g, g258t, a261t, c269t, g283c, t288a, a296g, a297g, t303c, g317a, t318a, g324c, g327a, g330c, a333c, a335g, a336g, t342c, g343a, a348g, g366a, a372g, c375t, a381g, c382t, a387t, a390g, c402t, c403t, g408a, g414a, c417t, a420g, c423t, c439t, c453t, c462t, g465a, a468g, g470a, t474c, t477c, c480t, t483c, t495c, c501t, t519c, a525g, t531c, t537a, a540g, c543t, c552t, c559t, t570c, c573t, t582c, t585c, t588c, t597c, a603t, t616c, c621t, a624g, g654a, a660g, a666c, a669g, c672t, g678a, c690t, a702g, t708c, a714g, c715t, t726c, t729g, c735t, a741g, c747a, c753t, c756t, t759g, g765a, a768t, a769c, a771g, c786t, g822a, a825g, a837t, t840a, t852c, c864t, a873c, c874t, a876g, t894g, t897a, t900c, t912a, t918c, c921t, a945c, a948g, t954c, a963g, c966g, c972t, c973t, a975g, a981c, t993c, g994a, t1002c, t1005g, a1011g, a1023t, c1029a, t1032c, c1033t, a1038g, a1044g, c1047t, c1050t, g1053a, a1062t, a1068g, t1086c, a1091g, a1101g, c1107t, g1110a, a1119g, c1120t, c1124t, a1125g, a1127g, c1134t, g1135a, t1136c, a1137g, c1141t, t1152c, a1155g, t1158c, c1170t, a1188t, a1194g, a1198c, a1200g, a1209g, t1212g, t1221c, a1230g, c1243a, g1251a, g1257a, c1260t, c1264a, a1269g, c1275a, t1284c, t1302a, a1305c, c1308t, c1314t, c1317t, t1323c, c1324t, g1343a	Bat-LI	Bat-LI
Bat-LI	Bat-LI	c24t, t33g, t49c, g60a, c66t, t72c, t93g, c96t, t105c, t107c, g108t, a110g, a111g, t118a, t126c, c127t, a129g, g135a, t138c, c141t, t144c, a147g, t150c, a153g, g162a, g166a, a174c, t175g, g182a, c183t, c186a, t195a, t198c, c204t, t213c, c216t, t220c, g225a, g228c, t240c, g249a, a250g, g258t, a261t, c269t, g283c, t288a, a296g, a297g, t303c, g317a, t318a, g324c, g327a, g330c, a333c, a335g, a336g, t342c, g343a, a348g, g366a, a372g, c375t, a381g, c382t, a387t, a390g, c402t, c403t, g408a, g414a, c417t, a420g, c423t, c439t, c453t, c462t, g465a, a468g, g470a, t474c, t477c, c480t, t483c, t495c, c501t, t519c, a525g, t531c, t537a, a540g, c543t, c552t, c559t, t570c, c573t, t582c, t585c, t588c, t597c, a603t, t616c, c621t, a624g, g654a, a660g, a666c, a669g, c672t, g678a, c690t, a702g, t708c, a714g, c715t, t726c, t729g, c735t, a741g, c747a, c753t, c756t, t759g, g765a, a768t, a769c, a771g, c786t, g822a, a825g, a837t, t840a, t852c, c864t, a873c, c874t, a876g, t894g, t897a, t900c, t912a, t918c, c921t, a945c, a948g, t954c, a963g, c966g, c972t, c973t, a975g, a981c, t993c, g994a, t1002c, t1005g, a1011g, a1023t, c1029a, t1032c, c1033t, a1038g, a1044g, c1047t, c1050t, g1053a, a1062t, a1068g, t1086c, a1091g, a1101g, c1107t, g1110a, a1119g, c1120t, c1124t, a1125g, a1127g, c1134t, g1135a, t1136c, a1137g, c1141t, t1152c, a1155g, t1158c, c1170t, a1188t, a1194g, a1198c, a1200g, a1209g, t1212g, t1221c, a1230g, c1243a, g1251a, g1257a, c1260t, c1264a, a1269g, c1275a, t1284c, t1302a, a1305c, c1308t, c1314t, c1317t, t1323c, c1324t, g1343a	Bat-LI	Bat-LI
Bat-EF-W1	Bat-EF-W1	c37a, t49c, g60a, t72c, a75g, t93g, c96t, a102g, t105c, g108a, a111g, t118a, t126c, c127t, g135a, t138c, c141t, t144c, a147g, t150c, g162a, a174t, t175g, g182a, c183t, c186a, a192g, t195c, t198c, c204t, t213c, c216t, t220c, g222a, g225a, g228c, t240c, t243c, g249a, a250g, g258t, a261t, t276c, g283c, t288a, a294g, a296g, a297g, t303c, g316a, g317a, g324t, g330c, t339c, t342c, a348g, g366a, c375t, a381g, c382t, g384a, a387g, a390g, c402t, c403t, t405g, g414a, c417t, a420g, c423t, c462t, g465a, a468g, g470a, t474c, t477c, c480t, t483c, t495c, c501t, g522a, t537a, a540g, g546a, c552t, c559t, a561g, t570c, t582c, t588c, t597c, a603g, t615c, t616c, g618a, a624g, g654a, a669g, c672t, a702g, t708c, a714g, c715t, t729a, c735t, a741g, c747a, c756t, t759g, g765a, a769c, g798a, a825g, g831a, a837t, t840a, t852c, c864t, a873g, c874t, a876g, t880c, t885c, t897g, t900c, t912a, c921t, t930c, a945t, c951t, a963g, c966g, c972t, a975g, g984a, t987g, t993c, g994a, t1002c, t1005a, a1011g, a1023t, c1029t, c1033t, a1038g, a1044g, c1047t, c1050t, g1053a, a1062t, a1068g, a1083g, t1086c, a1092g, a1101g, c1107t, g1113a, c1120t, t1121c, g1122a, a1125t, c1134a, a1140c, c1141t, a1146t, t1152c, t1158c, c1164t, c1170t, a1188t, g1189a, a1194g, a1200g, a1209g, t1212a, t1215c, t1218c, a1230g, c1243a, g1251a, g1257a, c1264a, a1269g, t1284c, t1302c, a1305c, c1324t, t1338c, c1347t, a1350g	Bat-EF-W1	Bat-EF-W1
Bat-MYsp	Bat-MYsp	c24t, a27g, t36c, c45t, t49c, g51a, g60a, c66t, g69a, a75g, g81a, c90t, t93g, c96t, t105c, t107c, g108a, a111g, g114a, t118a, t126c, c127t, g135a, t138c, c141t, t144c, a147g, t150c, g166a, a174c, t175g, g182a, c183t, c186a, a192g, t198c, c204t, t213c, c216t, t220c, g228t, t240c, g249a, c251t, g258t, a261t, a279g, c282t, g283c, a294g, a297g, t303c, g317a, g324t, g327a, g330c, g343c, a348g, g366a, a372g, c375t, a381g, c382t, a387g, a390g, t399c, c402t, c403t, t405g, g414a, c417t, c423t, t426c, c462t, g465a, g470a, c480t, t483c, t495c, c501t, g504a, t519c, a525g, c528t, t531c, t536c, t537a, a540g, c552t, c559t, a561g, t570c, t582c, t585c, t588c, a603g, c609t, t615c, t616c, g618a, c621t, t630c, c646a, g654a, c658t, a660g, c672t, c681a, c690t, t693g, a702g, t708c, a714g, c715t, t729a, c735t, a741g, c747a, c753t, c756t, t759g, g765a, a825t, g834a, a837c, t840a, c849t, t852c, c864t, c874t, a876g, t880c, t897g, a903g, t912a, t930c, a945t, c951t, c966g, c972t, c973t, a975g, t993c, g994a, t1002c, t1005c, a1011g, a1023t, c1029t, a1038g, a1044g, c1047t, c1050t, g1053a, a1062t, a1083g, t1086c, c1107t, g1110a, g1113a, c1120t, t1121c, g1122a, a1125g, g1128a, c1134g, a1140c, c1141t, t1152c, t1158a, c1164t, c1170t, c1173t, a1188t, g1189a, a1194g, c1197t, a1200g, g1206t, t1212a, c1222a, a1230g, t1242c, c1243a, g1248a, a1250g, g1251a, a1254g, g1257a, c1264a, c1281t, t1302c, a1305t, c1308t, a1311c, c1317t, t1338c, c1347t	Bat-MYsp	Bat-MYsp
Bat-LB	Bat-LB	c24t, t33g, t48c, t63c, t72c, g87a, t93g, c96a, a102g, t105c, t107c, a110g, a111g, t118a, t126c, c127t, g135a, t138c, c141t, t150c, a165g, g166a, a171g, a174t, t175g, g182a, c183t, c186a, a192g, t195c, t198c, t213c, c216t, t220c, g222a, g225a, g228t, t240c, g249a, a250g, g258t, a261t, c269t, c270t, t276c, g283t, t288a, a294g, a297g, t303c, g324t, g327a, g330t, a335g, t339c, t342c, g343a, a348g, a356g, g366a, a372g, c375t, a381g, c382t, a390g, c393t, c396t, c402t, t405a, g414a, a420g, c439t, c462a, g465a, a468g, g470a, t477c, c480t, t483c, g504a, g513a, t537c, a540g, c543t, a549g, c552t, t555c, c559t, a561g, t570c, t585c, t588c, t597c, a603g, t615c, t616c, g618a, g654a, t657c, a660g, a666g, c672t, a675g, g678a, t687a, a702g, t708c, a714g, c715t, a723t, t729a, a741g, c747a, t750c, c756t, t759a, g765a, a768g, a769c, a771g, t777c, t795c, g798a, a813g, a825g, g834a, a837t, t840a, c864t, c867t, c874t, t880c, t885c, a891g, t897c, t900c, a906g, t909c, t912g, g924t, t930c, t942c, a945t, c951t, t954c, t960c, c966g, c972t, a975g, t993c, g994a, t1002c, t1005a, a1011g, a1023t, c1029t, t1032c, c1033t, g1035a, a1038g, a1044g, c1047t, c1050t, g1059a, a1062t, a1068g, a1083g, c1107t, g1110a, g1113a, a1125c, t1131a, c1134a, a1137g, a1140t, c1141t, t1152c, a1155g, t1158c, c1170t, c1173t, g1189a, a1194g, a1200g, g1206t, t1212g, t1218c, t1221c, a1230g, c1243a, c1246t, g1251a, g1257a, c1264a, a1269g, t1284c, a1296g, t1299c, t1302c, a1305t, a1311t, c1317t, g1320a, c1324t, t1338c, g1341a, c1347t, a1350t	Bat-LB	Bat-LB
Bat-EF	Bat-EF	a21g, c24t, t49c, g60a, c66a, g67a, g69a, g81a, t93g, c96t, t118a, t126c, c127t, g135a, t138c, c141t, t144c, a147g, t150c, g166a, t169c, a171g, a174c, t175g, g182a, c183t, c186a, a192g, t198c, c204t, t213c, c216t, t220c, g222a, g225a, g228c, t240c, g258t, a261t, g283c, a294g, a297g, t303c, c309t, c312t, g316a, g317a, g324t, g330c, g343a, a348g, t357c, c364t, a372g, c375t, a381g, c382t, a387g, t399a, c402t, c403t, t405g, g414a, t418c, c423t, g441t, t444c, g450a, c462t, g465a, g470a, t474c, t477c, c480t, t483c, g486a, a489g, t495c, g504a, t519c, a525g, t531c, t537a, a540g, g546a, a549g, c552t, t558c, c559t, a561g, t570c, t588c, a603g, t616c, t630c, c633t, c645g, a649g, g654a, a660g, c672t, c681t, c690a, t693a, t696c, a702g, t708c, a714g, c715t, a723g, t729a, c735t, a738t, a741g, c747a, c756t, t759a, g761a, g765a, t795c, t819c, a825g, g831a, a837g, t840a, t852c, c861a, c864t, c867t, a873t, c874t, a876g, t880c, t897g, t912a, t930c, a945t, c951t, c966g, c972t, c973t, a975g, t978c, g994a, t1002c, t1005g, a1011g, a1023t, c1029t, c1033t, a1038g, a1044g, c1047t, g1053a, a1062t, a1068g, c1080t, a1083g, a1101g, c1107t, g1113a, c1120g, t1121c, g1122a, a1125g, c1134a, g1135a, a1140c, c1141t, a1146g, t1152c, t1158a, c1164t, c1170t, c1173t, a1188t, c1197t, a1200g, t1203c, a1209g, t1212a, a1230g, a1239g, c1243a, c1246t, g1248a, g1251a, g1257a, c1264a, t1302c, a1305t, c1308t, a1311g, c1317t, a1328g, c1329t, t1338c, g1341t, c1347t	Bat-EF	Bat-EF
Bat-MYsp	Bat-MYsp	c24t, a27g, t36c, c45t, t49c, g51a, g60a, c66t, g69a, a75g, g81a, c90t, t93g, c96t, t105c, t107c, g108a, a111g, g114a, t118a, t126c, c127t, g135a, t138c, c141t, t144c, a147g, t150c, g166a, a174c, t175g, g182a, c183t, c186a, a192g, t198c, c204t, t213c, c216t, t220c, g228t, t240c, g249a, c251t, g258t, a261t, a279g, c282t, g283c, a294g, a297g, t303c, g317a, g324t, g327a, g330c, g343c, a348g, g366a, a372g, c375t, a381g, c382t, a387g, a390g, t399c, c402t, c403t, t405g, g414a, c417t, c423t, t426c, c462t, g465a, g470a, c480t, t483c, t495c, c501t, g504a, t519c, a525g, c528t, t531c, t536c, t537a, a540g, c552t, c559t, a561g, t570c, t582c, t585c, t588c, a603g, c609t, t615c, t616c, g618a, c621t, t630c, c646a, g654a, c658t, a660g, c672t, c681a, c690t, t693g, a702g, t708c, a714g, c715t, t729a, c735t, a741g, c747a, c753t, c756t, t759g, g765a, a825t, g834a, a837c, t840a, c849t, t852c, c864t, c874t, a876g, t880c, t897g, a903g, t912a, t930c, a945t, c951t, c966g, c972t, c973t, a975g, t993c, g994a, t1002c, t1005c, a1011g, a1023t, c1029t, a1038g, a1044g, c1047t, c1050t, g1053a, a1062t, a1083g, t1086c, c1107t, g1110a, g1113a, c1120t, t1121c, g1122a, a1125g, g1128a, c1134g, a1140c, c1141t, t1152c, t1158a, c1164t, c1170t, c1173t, a1188t, g1189a, a1194g, c1197t, a1200g, g1206t, t1212a, c1222a, a1230g, t1242c, c1243a, g1248a, a1250g, g1251a, a1254g, g1257a, c1264a, c1281t, t1302c, a1305t, c1308t, a1311c, c1317t, t1338c, c1347t	Bat-MYsp	Bat-MYsp
Bat-PS	Bat-PS	c24t, t33g, t48c, g54a, g60a, t63c, t72c, t93g, c96a, t105c, t107c, a110g, a111g, t118a, a123c, t126c, c127t, g135a, t138c, c141t, t144c, a147g, t150c, g162a, g166a, a171g, a174t, t175g, g182a, c183t, c186a, a192g, t195c, t198c, c204t, t213c, c216t, t220c, g222a, g225a, g228t, t240c, g249a, a250g, g258c, a261t, a268g, c269t, t276c, g283a, t288a, a291g, a294g, a296g, a297g, t303c, c312t, g316a, g317a, g324t, g330t, a335g, g343a, a348g, g354c, g366c, a372g, c375t, a381g, c382t, a390g, c393t, c402t, t405a, g414a, a420g, c423t, c439t, c462a, g465a, a468g, g470a, t477c, c480t, t483c, c501t, g504a, g513a, t519c, t537g, a540g, c543t, a549g, c552t, c559t, a561g, t570c, t582c, t588c, t597c, t615c, t616c, g618a, c621t, c645t, g654a, c672t, a675g, g678a, t687a, a702g, a714g, c715t, a723g, t729a, c735t, a741g, c747a, c756t, t759a, g765a, a768g, a769c, a771g, t777c, g789a, t795c, g798a, g804a, a813g, a825g, a837t, t840a, g841a, c864t, c867t, t870c, a873g, c874t, a876g, t880c, t885c, t897a, t900c, t912a, g924t, t930c, a945t, c951t, t954c, c966g, c972t, c973t, a975g, g984t, t993c, g994a, t1002c, t1005a, a1011g, t1020c, a1023t, g1026a, c1029t, c1033t, a1038g, a1044g, c1047t, c1050t, g1053a, a1062t, a1068g, a1083g, t1086c, a1092g, c1107t, g1113t, a1125c, c1134a, a1137g, a1140t, c1141t, t1152c, t1158c, c1170t, c1173t, a1188t, g1189a, a1194g, a1200g, g1206t, a1209g, t1212a, t1218c, t1221c, a1230g, c1243a, c1246t, g1251a, g1257a, c1264a, a1269g, t1284c, a1296g, a1305c, c1308t, c1317t, c1324t, a1326g, t1338c, g1341a, c1347t, a1350t	Bat-PS	Bat-PS
Bat-EF-W1	Bat-EF-W1	c37a, t49c, g60a, t72c, a75g, t93g, c96t, a102g, t105c, g108a, a111g, t118a, t126c, c127t, g135a, t138c, c141t, t144c, a147g, t150c, g162a, a174t, t175g, g182a, c183t, c186a, a192g, t195c, t198c, c204t, t213c, c216t, t220c, g222a, g225a, g228c, t240c, t243c, g249a, a250g, g258t, a261t, t276c, g283c, t288a, a294g, a296g, a297g, t303c, g316a, g317a, g324t, g330c, t339c, t342c, a348g, g366a, c375t, a381g, c382t, g384a, a387g, a390g, c402t, c403t, t405g, g414a, c417t, a420g, c423t, c462t, g465a, a468g, g470a, t474c, t477c, c480t, t483c, t495c, c501t, g522a, t537a, a540g, g546a, c552t, c559t, a561g, t570c, t582c, t588c, t597c, a603g, t615c, t616c, g618a, a624g, g654a, a669g, c672t, a702g, t708c, a714g, c715t, t729a, c735t, a741g, c747a, c756t, t759g, g765a, a769c, g798a, a825g, g831a, a837t, t840a, t852c, c864t, a873g, c874t, a876g, t880c, t885c, t897g, t900c, t912a, c921t, t930c, a945t, c951t, a963g, c966g, c972t, a975g, g984a, t987g, t993c, g994a, t1002c, t1005a, a1011g, a1023t, c1029t, c1033t, a1038g, a1044g, c1047t, c1050t, g1053a, a1062t, a1068g, a1083g, t1086c, a1092g, a1101g, c1107t, g1113a, c1120t, t1121c, g1122a, a1125t, c1134a, a1140c, c1141t, a1146t, t1152c, t1158c, c1164t, c1170t, a1188t, g1189a, a1194g, a1200g, a1209g, t1212a, t1215c, t1218c, a1230g, c1243a, g1251a, g1257a, c1264a, a1269g, t1284c, t1302c, a1305c, c1324t, t1338c, c1347t, a1350g	Bat-EF-W1	Bat-EF-W1
Bat-EF	Bat-EF	a21g, c24t, t49c, g60a, c66a, g67a, g69a, g81a, t93g, c96t, t118a, t126c, c127t, g135a, t138c, c141t, t144c, a147g, t150c, g166a, t169c, a171g, a174c, t175g, g182a, c183t, c186a, a192g, t198c, c204t, t213c, c216t, t220c, g222a, g225a, g228c, t240c, g258t, a261t, g283c, a294g, a297g, t303c, c309t, c312t, g316a, g317a, g324t, g330c, g343a, a348g, t357c, c364t, a372g, c375t, a381g, c382t, a387g, t399a, c402t, c403t, t405g, g414a, t418c, c423t, g441t, t444c, g450a, c462t, g465a, g470a, t474c, t477c, c480t, t483c, g486a, a489g, t495c, g504a, t519c, a525g, t531c, t537a, a540g, g546a, a549g, c552t, t558c, c559t, a561g, t570c, t588c, a603g, t616c, t630c, c633t, c645g, a649g, g654a, a660g, c672t, c681t, c690a, t693a, t696c, a702g, t708c, a714g, c715t, a723g, t729a, c735t, a738t, a741g, c747a, c756t, t759a, g761a, g765a, t795c, t819c, a825g, g831a, a837g, t840a, t852c, c861a, c864t, c867t, a873t, c874t, a876g, t880c, t897g, t912a, t930c, a945t, c951t, c966g, c972t, c973t, a975g, t978c, g994a, t1002c, t1005g, a1011g, a1023t, c1029t, c1033t, a1038g, a1044g, c1047t, g1053a, a1062t, a1068g, c1080t, a1083g, a1101g, c1107t, g1113a, c1120g, t1121c, g1122a, a1125g, c1134a, g1135a, a1140c, c1141t, a1146g, t1152c, t1158a, c1164t, c1170t, c1173t, a1188t, c1197t, a1200g, t1203c, a1209g, t1212a, a1230g, a1239g, c1243a, c1246t, g1248a, g1251a, g1257a, c1264a, t1302c, a1305t, c1308t, a1311g, c1317t, a1328g, c1329t, t1338c, g1341t, c1347t	Bat-EF	Bat-EF
RAC-SK-MexSK-1	RAC-SK-MexSK-1	a21g, a27g, g28a, g39a, g40a, g42t, t49c, t57c, g60a, c66t, g69c, t72c, t93a, t105c, t106c, g108a, c117t, t118a, t126c, c127t, a132g, t138c, t144c, a147g, t150c, g166a, a171g, a174t, t175g, c177t, g182a, c183t, c186a, c189t, a192g, t198c, t201c, t213c, c216t, g222a, g225a, g228c, g237a, g246a, g249a, g258t, a261g, c282t, g283t, c292a, a294g, a295c, a297g, g306a, c309t, c312t, g316a, g317a, g324t, g330t, g366a, a372g, a376t, a381g, c382t, a387t, a390g, t399c, g400a, t401c, c402t, c403t, t405a, g408a, g414a, a420g, c423a, t444c, g447a, c462t, g465t, a468g, g470a, t474c, t477a, c480t, t483c, c492t, t495c, c501t, a502c, g504t, t516c, t519c, a525g, t531a, t537g, a541g, g546a, c552t, c559t, t588c, t594c, t597c, a603g, t615c, g618a, c621t, c627t, t630c, g654a, a660g, a666g, c672t, c681t, t687c, a702g, t708c, a714g, c715t, a723g, t729a, g732t, c735t, a741g, c747a, t750c, c756g, t759a, a774c, g798a, a810g, a813g, g822a, a825g, g828a, g831a, a837c, t840a, t852c, t870g, a873t, c874t, a876g, t880c, t897a, a906g, t912a, t915a, t918a, c939t, a945t, c951t, c966g, a969g, c972t, c973t, a975g, t978c, a981c, g984a, t993a, g994a, t1005a, a1011g, a1023t, g1026a, c1029t, a1038g, a1044g, c1050t, g1053a, a1055g, a1062c, c1080t, t1086c, a1101g, g1113a, t1116a, a1119g, c1120t, c1134a, t1136c, a1137c, a1140t, t1152c, t1158a, a1162g, g1176a, c1185t, a1188t, a1194g, a1200g, g1206t, a1209g, t1212a, t1215c, a1224g, a1230g, t1242c, g1248c, g1251a, c1264a, g1266a, t1299c, t1302c, a1305c, a1311g, c1317t, t1338c, t1344c, c1347t, a1350t, a1353g	RAC-SK-MexSK-1	RAC-SK-MexSK-1
Bat-EF-W2	Bat-EF-W2	a38g, t49c, g60a, c66a, t93g, c96t, a102g, t105c, t118a, t126c, c127t, g135a, t138c, c141t, t144c, a147g, t150c, g162a, t168g, a171g, a174c, t175g, g182a, c183t, c186a, a192g, t198c, c204t, t213c, c216t, t220c, g222a, g225a, g228c, t240c, g249a, a250g, g258t, a261t, g283c, t288a, a294g, a297g, t303c, g316a, g317a, g324t, g330c, t342c, g343a, a348g, g366a, a372g, a381g, c382t, a387g, a390g, c402t, c403t, t405g, g414a, c417t, a420g, c423t, c462a, g465a, a468g, g470a, c471t, t474c, t477c, c480t, t495c, c501t, t519c, g522a, t537a, a540g, g546a, c552t, a561g, a576g, t582c, t588c, t597a, a603g, t615c, t616c, g618a, a624g, g654a, a660g, a669g, c672t, g678a, a702g, t708c, a714g, c715t, g720a, t729a, c735t, a741g, c747a, c756a, t759g, g765a, a769c, g798a, a825g, g831a, a837t, t840a, t852c, c864t, c867t, a873g, c874t, a876g, t880c, t885c, t897g, t900c, a903c, t912a, c921t, t930c, a945t, c951t, c966g, c972t, a975g, g984a, t987g, t993c, g994a, t1002c, t1005g, t1008c, a1011g, a1023t, c1029t, c1033t, a1044g, c1047t, c1050t, a1062t, a1083g, t1086c, a1101g, c1107t, g1110a, g1113a, c1120t, g1122a, a1125g, c1134a, a1140c, a1146g, t1152c, t1158c, c1164t, c1170t, a1188t, g1189a, a1194g, a1200g, a1209g, t1212a, t1218c, a1230g, t1242c, c1243a, g1251a, g1257a, a1263c, c1264a, a1269g, t1284c, t1302c, a1305c, c1317a, c1324t, t1338c, g1343a, c1347t, a1350g	Bat-EF-W2	Bat-EF-W2
Bat-EF-W1	Bat-EF-W1	c37a, t49c, g60a, t72c, a75g, t93g, c96t, a102g, t105c, g108a, a111g, t118a, t126c, c127t, g135a, t138c, c141t, t144c, a147g, t150c, g162a, a174t, t175g, g182a, c183t, c186a, a192g, t195c, t198c, c204t, t213c, c216t, t220c, g222a, g225a, g228c, t240c, t243c, g249a, a250g, g258t, a261t, t276c, g283c, t288a, a294g, a296g, a297g, t303c, g316a, g317a, g324t, g330c, t339c, t342c, a348g, g366a, c375t, a381g, c382t, g384a, a387g, a390g, c402t, c403t, t405g, g414a, c417t, a420g, c423t, c462t, g465a, a468g, g470a, t474c, t477c, c480t, t483c, t495c, c501t, g522a, t537a, a540g, g546a, c552t, c559t, a561g, t570c, t582c, t588c, t597c, a603g, t615c, t616c, g618a, a624g, g654a, a669g, c672t, a702g, t708c, a714g, c715t, t729a, c735t, a741g, c747a, c756t, t759g, g765a, a769c, g798a, a825g, g831a, a837t, t840a, t852c, c864t, a873g, c874t, a876g, t880c, t885c, t897g, t900c, t912a, c921t, t930c, a945t, c951t, a963g, c966g, c972t, a975g, g984a, t987g, t993c, g994a, t1002c, t1005a, a1011g, a1023t, c1029t, c1033t, a1038g, a1044g, c1047t, c1050t, g1053a, a1062t, a1068g, a1083g, t1086c, a1092g, a1101g, c1107t, g1113a, c1120t, t1121c, g1122a, a1125t, c1134a, a1140c, c1141t, a1146t, t1152c, t1158c, c1164t, c1170t, a1188t, g1189a, a1194g, a1200g, a1209g, t1212a, t1215c, t1218c, a1230g, c1243a, g1251a, g1257a, c1264a, a1269g, t1284c, t1302c, a1305c, c1324t, t1338c, c1347t, a1350g	Bat-EF-W1	Bat-EF-W1
Bat-EF-W1	Bat-EF-W1	c37a, t49c, g60a, t72c, a75g, t93g, c96t, a102g, t105c, g108a, a111g, t118a, t126c, c127t, g135a, t138c, c141t, t144c, a147g, t150c, g162a, a174t, t175g, g182a, c183t, c186a, a192g, t195c, t198c, c204t, t213c, c216t, t220c, g222a, g225a, g228c, t240c, t243c, g249a, a250g, g258t, a261t, t276c, g283c, t288a, a294g, a296g, a297g, t303c, g316a, g317a, g324t, g330c, t339c, t342c, a348g, g366a, c375t, a381g, c382t, g384a, a387g, a390g, c402t, c403t, t405g, g414a, c417t, a420g, c423t, c462t, g465a, a468g, g470a, t474c, t477c, c480t, t483c, t495c, c501t, g522a, t537a, a540g, g546a, c552t, c559t, a561g, t570c, t582c, t588c, t597c, a603g, t615c, t616c, g618a, a624g, g654a, a669g, c672t, a702g, t708c, a714g, c715t, t729a, c735t, a741g, c747a, c756t, t759g, g765a, a769c, g798a, a825g, g831a, a837t, t840a, t852c, c864t, a873g, c874t, a876g, t880c, t885c, t897g, t900c, t912a, c921t, t930c, a945t, c951t, a963g, c966g, c972t, a975g, g984a, t987g, t993c, g994a, t1002c, t1005a, a1011g, a1023t, c1029t, c1033t, a1038g, a1044g, c1047t, c1050t, g1053a, a1062t, a1068g, a1083g, t1086c, a1092g, a1101g, c1107t, g1113a, c1120t, t1121c, g1122a, a1125t, c1134a, a1140c, c1141t, a1146t, t1152c, t1158c, c1164t, c1170t, a1188t, g1189a, a1194g, a1200g, a1209g, t1212a, t1215c, t1218c, a1230g, c1243a, g1251a, g1257a, c1264a, a1269g, t1284c, t1302c, a1305c, c1324t, t1338c, c1347t, a1350g	Bat-EF-W1	Bat-EF-W1
Bat-EF-W1	Bat-EF-W1	c37a, t49c, g60a, t72c, a75g, t93g, c96t, a102g, t105c, g108a, a111g, t118a, t126c, c127t, g135a, t138c, c141t, t144c, a147g, t150c, g162a, a174t, t175g, g182a, c183t, c186a, a192g, t195c, t198c, c204t, t213c, c216t, t220c, g222a, g225a, g228c, t240c, t243c, g249a, a250g, g258t, a261t, t276c, g283c, t288a, a294g, a296g, a297g, t303c, g316a, g317a, g324t, g330c, t339c, t342c, a348g, g366a, c375t, a381g, c382t, g384a, a387g, a390g, c402t, c403t, t405g, g414a, c417t, a420g, c423t, c462t, g465a, a468g, g470a, t474c, t477c, c480t, t483c, t495c, c501t, g522a, t537a, a540g, g546a, c552t, c559t, a561g, t570c, t582c, t588c, t597c, a603g, t615c, t616c, g618a, a624g, g654a, a669g, c672t, a702g, t708c, a714g, c715t, t729a, c735t, a741g, c747a, c756t, t759g, g765a, a769c, g798a, a825g, g831a, a837t, t840a, t852c, c864t, a873g, c874t, a876g, t880c, t885c, t897g, t900c, t912a, c921t, t930c, a945t, c951t, a963g, c966g, c972t, a975g, g984a, t987g, t993c, g994a, t1002c, t1005a, a1011g, a1023t, c1029t, c1033t, a1038g, a1044g, c1047t, c1050t, g1053a, a1062t, a1068g, a1083g, t1086c, a1092g, a1101g, c1107t, g1113a, c1120t, t1121c, g1122a, a1125t, c1134a, a1140c, c1141t, a1146t, t1152c, t1158c, c1164t, c1170t, a1188t, g1189a, a1194g, a1200g, a1209g, t1212a, t1215c, t1218c, a1230g, c1243a, g1251a, g1257a, c1264a, a1269g, t1284c, t1302c, a1305c, c1324t, t1338c, c1347t, a1350g	Bat-EF-W1	Bat-EF-W1
RAC-SK-SCSK	RAC-SK-SCSK	g7a, c24t, t33a, g42t, c45t, t48c, g51a, g60a, t63c, g69a, g81a, t93g, c96t, c99a, t105c, a111g, t126a, c127t, a129g, g135a, c141t, t144c, a147g, t150c, a153g, a165g, g166a, a174c, t175g, g182a, c183t, c186a, c189t, a192g, t195a, t198c, t201a, c204t, a210g, g225a, g228t, a231c, g237a, t240c, g246a, c270t, g278a, g283t, c292a, a294g, a297g, g316a, t318c, g324t, g327a, g330c, t345c, a348g, t357c, c364t, a372g, a376c, c382t, a387c, a390g, c393t, t399c, g400a, c403t, t405a, g408a, g414a, c417t, a420g, c423t, c432t, t433c, g441a, g447a, t448c, a456g, c462t, g465a, a467t, g470a, t474c, t477c, c480t, t483c, g496t, a498c, c501t, a502c, g504t, a507g, g510a, a525g, t531c, t537g, a540g, g544a, g546a, c552t, t555c, a561g, t570c, a576g, t582c, t588c, t594c, t597a, a603g, t615c, g618a, c621t, c627t, g654a, t663c, c672a, c681t, t687g, a702g, c705t, t708c, a711c, a714g, c715t, a723g, t729c, c735t, a744g, c747a, a762g, g765a, a771c, a774t, c792t, g798a, a801g, g804a, a810g, g828a, g834a, t840a, t852c, t855c, c864t, c867t, t870a, a873t, c874t, a876g, t880c, t897a, t900c, a903g, a906g, t912g, t930c, c933t, a945c, a948c, a963g, c966g, a969g, c973t, a975g, t987a, t990a, t993c, g994a, a996c, t1005g, a1011g, a1023c, g1026a, c1029t, c1033t, a1038g, a1044g, c1050t, g1053c, a1056g, g1059a, a1062t, a1068g, t1086c, g1089a, a1092g, a1101g, c1107t, g1110a, g1113a, t1116a, a1119g, t1131a, c1134a, a1137g, g1143a, a1146c, t1152c, a1155g, t1158a, c1170t, c1173t, c1182t, c1185t, a1188c, a1200g, g1206a, a1209g, t1212a, t1215c, t1218c, a1224c, c1227t, a1230g, t1242c, g1248c, g1251a, g1257a, c1264a, c1281t, t1302c, a1305t, c1308t, c1314t, c1317t, t1323c, a1326c, c1329t, g1332a, g1341a, g1343a, t1344c, c1347t, a1353g	RAC-SK-SCSK	RAC-SK-SCSK
Bat-EF-W1	Bat-EF-W1	c37a, t49c, g60a, t72c, a75g, t93g, c96t, a102g, t105c, g108a, a111g, t118a, t126c, c127t, g135a, t138c, c141t, t144c, a147g, t150c, g162a, a174t, t175g, g182a, c183t, c186a, a192g, t195c, t198c, c204t, t213c, c216t, t220c, g222a, g225a, g228c, t240c, t243c, g249a, a250g, g258t, a261t, t276c, g283c, t288a, a294g, a296g, a297g, t303c, g316a, g317a, g324t, g330c, t339c, t342c, a348g, g366a, c375t, a381g, c382t, g384a, a387g, a390g, c402t, c403t, t405g, g414a, c417t, a420g, c423t, c462t, g465a, a468g, g470a, t474c, t477c, c480t, t483c, t495c, c501t, g522a, t537a, a540g, g546a, c552t, c559t, a561g, t570c, t582c, t588c, t597c, a603g, t615c, t616c, g618a, a624g, g654a, a669g, c672t, a702g, t708c, a714g, c715t, t729a, c735t, a741g, c747a, c756t, t759g, g765a, a769c, g798a, a825g, g831a, a837t, t840a, t852c, c864t, a873g, c874t, a876g, t880c, t885c, t897g, t900c, t912a, c921t, t930c, a945t, c951t, a963g, c966g, c972t, a975g, g984a, t987g, t993c, g994a, t1002c, t1005a, a1011g, a1023t, c1029t, c1033t, a1038g, a1044g, c1047t, c1050t, g1053a, a1062t, a1068g, a1083g, t1086c, a1092g, a1101g, c1107t, g1113a, c1120t, t1121c, g1122a, a1125t, c1134a, a1140c, c1141t, a1146t, t1152c, t1158c, c1164t, c1170t, a1188t, g1189a, a1194g, a1200g, a1209g, t1212a, t1215c, t1218c, a1230g, c1243a, g1251a, g1257a, c1264a, a1269g, t1284c, t1302c, a1305c, c1324t, t1338c, c1347t, a1350g	Bat-EF-W1	Bat-EF-W1
Bat-EF-W1	Bat-EF-W1	c37a, t49c, g60a, t72c, a75g, t93g, c96t, a102g, t105c, g108a, a111g, t118a, t126c, c127t, g135a, t138c, c141t, t144c, a147g, t150c, g162a, a174t, t175g, g182a, c183t, c186a, a192g, t195c, t198c, c204t, t213c, c216t, t220c, g222a, g225a, g228c, t240c, t243c, g249a, a250g, g258t, a261t, t276c, g283c, t288a, a294g, a296g, a297g, t303c, g316a, g317a, g324t, g330c, t339c, t342c, a348g, g366a, c375t, a381g, c382t, g384a, a387g, a390g, c402t, c403t, t405g, g414a, c417t, a420g, c423t, c462t, g465a, a468g, g470a, t474c, t477c, c480t, t483c, t495c, c501t, g522a, t537a, a540g, g546a, c552t, c559t, a561g, t570c, t582c, t588c, t597c, a603g, t615c, t616c, g618a, a624g, g654a, a669g, c672t, a702g, t708c, a714g, c715t, t729a, c735t, a741g, c747a, c756t, t759g, g765a, a769c, g798a, a825g, g831a, a837t, t840a, t852c, c864t, a873g, c874t, a876g, t880c, t885c, t897g, t900c, t912a, c921t, t930c, a945t, c951t, a963g, c966g, c972t, a975g, g984a, t987g, t993c, g994a, t1002c, t1005a, a1011g, a1023t, c1029t, c1033t, a1038g, a1044g, c1047t, c1050t, g1053a, a1062t, a1068g, a1083g, t1086c, a1092g, a1101g, c1107t, g1113a, c1120t, t1121c, g1122a, a1125t, c1134a, a1140c, c1141t, a1146t, t1152c, t1158c, c1164t, c1170t, a1188t, g1189a, a1194g, a1200g, a1209g, t1212a, t1215c, t1218c, a1230g, c1243a, g1251a, g1257a, c1264a, a1269g, t1284c, t1302c, a1305c, c1324t, t1338c, c1347t, a1350g	Bat-EF-W1	Bat-EF-W1
Bat-EF-W2	Bat-EF-W2	a38g, t49c, g60a, c66a, t93g, c96t, a102g, t105c, t118a, t126c, c127t, g135a, t138c, c141t, t144c, a147g, t150c, g162a, t168g, a171g, a174c, t175g, g182a, c183t, c186a, a192g, t198c, c204t, t213c, c216t, t220c, g222a, g225a, g228c, t240c, g249a, a250g, g258t, a261t, g283c, t288a, a294g, a297g, t303c, g316a, g317a, g324t, g330c, t342c, g343a, a348g, g366a, a372g, a381g, c382t, a387g, a390g, c402t, c403t, t405g, g414a, c417t, a420g, c423t, c462a, g465a, a468g, g470a, c471t, t474c, t477c, c480t, t495c, c501t, t519c, g522a, t537a, a540g, g546a, c552t, a561g, a576g, t582c, t588c, t597a, a603g, t615c, t616c, g618a, a624g, g654a, a660g, a669g, c672t, g678a, a702g, t708c, a714g, c715t, g720a, t729a, c735t, a741g, c747a, c756a, t759g, g765a, a769c, g798a, a825g, g831a, a837t, t840a, t852c, c864t, c867t, a873g, c874t, a876g, t880c, t885c, t897g, t900c, a903c, t912a, c921t, t930c, a945t, c951t, c966g, c972t, a975g, g984a, t987g, t993c, g994a, t1002c, t1005g, t1008c, a1011g, a1023t, c1029t, c1033t, a1044g, c1047t, c1050t, a1062t, a1083g, t1086c, a1101g, c1107t, g1110a, g1113a, c1120t, g1122a, a1125g, c1134a, a1140c, a1146g, t1152c, t1158c, c1164t, c1170t, a1188t, g1189a, a1194g, a1200g, a1209g, t1212a, t1218c, a1230g, t1242c, c1243a, g1251a, g1257a, a1263c, c1264a, a1269g, t1284c, t1302c, a1305c, c1317a, c1324t, t1338c, g1343a, c1347t, a1350g	Bat-EF-W2	Bat-EF-W2
Cosmopolitan-AM2b	Cosmopolitan-AM2b	g7a, c9t, a21c, g39t, g87a, c96t, t105c, t106c, t120c, t126c, a132g, g135a, t138c, c141t, t144c, t150c, a153g, a165g, t175g, g182a, c183t, c186t, t201c, c204t, t213c, t219c, g228t, t240c, g249a, g258a, c264t, g283c, g285a, a291g, a300g, t303c, a315t, g317a, g324a, a336g, t339g, a348g, a351g, a381g, c382t, a390g, c402t, c403t, t411c, g414a, c417t, t444c, a456g, c462a, g465a, g470a, t474c, a498g, c501t, t519c, t537c, a540g, t558c, c559t, a567g, a576g, a603g, t616c, t630c, c645a, a660g, a669c, a675g, c690a, t693c, t708c, a714g, a723g, t729a, a741g, a744g, t759a, g765a, c772t, g789a, g798a, a807t, g809a, t819c, g828a, c861t, a873g, a891g, a906g, t912c, c921t, t936c, a945t, c966t, t1002c, a1011g, c1029a, c1033t, a1056g, g1059t, a1071g, a1074g, g1089a, a1095g, a1101g, c1107t, a1137g, t1167c, c1179t, a1188c, a1194g, a1195g, g1206a, t1215c, a1219g, a1230g, c1243a, a1245g, g1248a, a1261g, t1299c, a1305g, c1314t, c1317t, a1335g, g1341t, c1347t	Cosmopolitan-AM2b	Cosmopolitan-AM2b
Cosmopolitan-AM1	Cosmopolitan-AM1	c90t, t93c, c96t, t126c, a129g, g135a, t138c, t144c, t150c, g162a, t175g, g182a, c183t, c204t, g225a, g228a, t240c, t243c, a252g, c264t, g283c, a297g, g317a, a336g, a348c, a376t, a390g, c396t, c403t, c417t, c432a, c439t, c462a, g465a, g470a, t483c, t519c, c552t, a561g, t585c, a603g, g678t, a714g, g720a, a723g, t729g, a741g, t759a, a760g, g765a, a768g, t819c, g831a, c861t, t915c, c921t, a945t, c951t, t990c, t993c, g994a, a1011g, a1023g, g1059a, a1062g, g1113a, a1119g, g1122a, g1138t, t1167c, a1188c, t1215c, a1230g, g1248a, c1260t, c1287t, g1297a, t1299c, a1311g, c1314t, c1317t, a1335g	Cosmopolitan-AM1	Cosmopolitan-AM1
Bat-EF-W1	Bat-EF-W1	c37a, t49c, g60a, t72c, a75g, t93g, c96t, a102g, t105c, g108a, a111g, t118a, t126c, c127t, g135a, t138c, c141t, t144c, a147g, t150c, g162a, a174t, t175g, g182a, c183t, c186a, a192g, t195c, t198c, c204t, t213c, c216t, t220c, g222a, g225a, g228c, t240c, t243c, g249a, a250g, g258t, a261t, t276c, g283c, t288a, a294g, a296g, a297g, t303c, g316a, g317a, g324t, g330c, t339c, t342c, a348g, g366a, c375t, a381g, c382t, g384a, a387g, a390g, c402t, c403t, t405g, g414a, c417t, a420g, c423t, c462t, g465a, a468g, g470a, t474c, t477c, c480t, t483c, t495c, c501t, g522a, t537a, a540g, g546a, c552t, c559t, a561g, t570c, t582c, t588c, t597c, a603g, t615c, t616c, g618a, a624g, g654a, a669g, c672t, a702g, t708c, a714g, c715t, t729a, c735t, a741g, c747a, c756t, t759g, g765a, a769c, g798a, a825g, g831a, a837t, t840a, t852c, c864t, a873g, c874t, a876g, t880c, t885c, t897g, t900c, t912a, c921t, t930c, a945t, c951t, a963g, c966g, c972t, a975g, g984a, t987g, t993c, g994a, t1002c, t1005a, a1011g, a1023t, c1029t, c1033t, a1038g, a1044g, c1047t, c1050t, g1053a, a1062t, a1068g, a1083g, t1086c, a1092g, a1101g, c1107t, g1113a, c1120t, t1121c, g1122a, a1125t, c1134a, a1140c, c1141t, a1146t, t1152c, t1158c, c1164t, c1170t, a1188t, g1189a, a1194g, a1200g, a1209g, t1212a, t1215c, t1218c, a1230g, c1243a, g1251a, g1257a, c1264a, a1269g, t1284c, t1302c, a1305c, c1324t, t1338c, c1347t, a1350g	Bat-EF-W1	Bat-EF-W1
Bat-EF-W1	Bat-EF-W1	c37a, t49c, g60a, t72c, a75g, t93g, c96t, a102g, t105c, g108a, a111g, t118a, t126c, c127t, g135a, t138c, c141t, t144c, a147g, t150c, g162a, a174t, t175g, g182a, c183t, c186a, a192g, t195c, t198c, c204t, t213c, c216t, t220c, g222a, g225a, g228c, t240c, t243c, g249a, a250g, g258t, a261t, t276c, g283c, t288a, a294g, a296g, a297g, t303c, g316a, g317a, g324t, g330c, t339c, t342c, a348g, g366a, c375t, a381g, c382t, g384a, a387g, a390g, c402t, c403t, t405g, g414a, c417t, a420g, c423t, c462t, g465a, a468g, g470a, t474c, t477c, c480t, t483c, t495c, c501t, g522a, t537a, a540g, g546a, c552t, c559t, a561g, t570c, t582c, t588c, t597c, a603g, t615c, t616c, g618a, a624g, g654a, a669g, c672t, a702g, t708c, a714g, c715t, t729a, c735t, a741g, c747a, c756t, t759g, g765a, a769c, g798a, a825g, g831a, a837t, t840a, t852c, c864t, a873g, c874t, a876g, t880c, t885c, t897g, t900c, t912a, c921t, t930c, a945t, c951t, a963g, c966g, c972t, a975g, g984a, t987g, t993c, g994a, t1002c, t1005a, a1011g, a1023t, c1029t, c1033t, a1038g, a1044g, c1047t, c1050t, g1053a, a1062t, a1068g, a1083g, t1086c, a1092g, a1101g, c1107t, g1113a, c1120t, t1121c, g1122a, a1125t, c1134a, a1140c, c1141t, a1146t, t1152c, t1158c, c1164t, c1170t, a1188t, g1189a, a1194g, a1200g, a1209g, t1212a, t1215c, t1218c, a1230g, c1243a, g1251a, g1257a, c1264a, a1269g, t1284c, t1302c, a1305c, c1324t, t1338c, c1347t, a1350g	Bat-EF-W1	Bat-EF-W1
Bat-LC	Bat-LC	c24t, t33g, t48c, t63c, t72c, t93g, c96a, a102g, t105c, t107c, a110g, a111g, t118a, t126c, c127t, g135a, t138c, c141t, t144c, t150c, g166a, a171g, a174t, t175g, g182a, c183t, c186a, a192g, t198c, t213c, c216t, t220c, g222a, g225a, g228t, g249t, a250g, g258c, a261t, a268g, c269t, c270t, t276c, a279g, g283t, t288a, a294g, a297g, a300c, t303c, t318c, t319a, g324t, g330t, a335g, t342c, g343a, a348g, a356g, g366a, a372g, c375t, a381g, c382t, c393t, c396t, c402t, t405a, g414a, a420g, c439t, g450a, c462a, g465a, a468g, g470a, t477c, c480t, t483c, g504a, g513a, t519c, t537c, a540g, c543t, g546a, a549g, c552t, t558g, c559t, a561g, t570c, a576g, t585c, t588c, t597c, a603g, t615c, t616c, g618a, g654a, a660g, a675g, g678a, t687a, c690t, a702g, t708c, a714g, c715t, a723t, t729a, a741g, c747a, c756t, t759a, g765a, a768g, a769c, a771g, t777c, t795c, g798a, a813g, a825g, g834a, a837t, t840a, g841a, c864t, c867t, t870c, c874t, t880c, t885c, a891g, t897a, t900c, a906g, t912g, c921t, g924t, t930c, a945t, c951t, t954c, t960c, c966g, c972t, a975g, g984a, g994a, t1002c, t1005a, a1011g, a1023t, c1029t, t1032c, c1033t, g1035a, a1038g, a1044g, c1047t, c1050t, g1053a, a1062t, a1068g, a1083g, c1107t, g1110a, g1113a, a1125c, t1131a, c1134a, a1137g, a1140t, c1141t, t1152c, t1158c, c1170t, c1173t, g1189a, a1200g, g1206t, a1209g, t1212g, t1218c, t1221c, a1230g, g1240a, c1246t, g1251a, g1257a, c1264a, a1269g, t1284c, a1296g, t1299c, a1305t, c1317t, g1320a, c1324t, a1326g, t1338c, g1341a, c1347t, a1350t	Bat-LC	Bat-LC
Bat-EF-W2	Bat-EF-W2	a38g, t49c, g60a, c66a, t93g, c96t, a102g, t105c, t118a, t126c, c127t, g135a, t138c, c141t, t144c, a147g, t150c, g162a, t168g, a171g, a174c, t175g, g182a, c183t, c186a, a192g, t198c, c204t, t213c, c216t, t220c, g222a, g225a, g228c, t240c, g249a, a250g, g258t, a261t, g283c, t288a, a294g, a297g, t303c, g316a, g317a, g324t, g330c, t342c, g343a, a348g, g366a, a372g, a381g, c382t, a387g, a390g, c402t, c403t, t405g, g414a, c417t, a420g, c423t, c462a, g465a, a468g, g470a, c471t, t474c, t477c, c480t, t495c, c501t, t519c, g522a, t537a, a540g, g546a, c552t, a561g, a576g, t582c, t588c, t597a, a603g, t615c, t616c, g618a, a624g, g654a, a660g, a669g, c672t, g678a, a702g, t708c, a714g, c715t, g720a, t729a, c735t, a741g, c747a, c756a, t759g, g765a, a769c, g798a, a825g, g831a, a837t, t840a, t852c, c864t, c867t, a873g, c874t, a876g, t880c, t885c, t897g, t900c, a903c, t912a, c921t, t930c, a945t, c951t, c966g, c972t, a975g, g984a, t987g, t993c, g994a, t1002c, t1005g, t1008c, a1011g, a1023t, c1029t, c1033t, a1044g, c1047t, c1050t, a1062t, a1083g, t1086c, a1101g, c1107t, g1110a, g1113a, c1120t, g1122a, a1125g, c1134a, a1140c, a1146g, t1152c, t1158c, c1164t, c1170t, a1188t, g1189a, a1194g, a1200g, a1209g, t1212a, t1218c, a1230g, t1242c, c1243a, g1251a, g1257a, a1263c, c1264a, a1269g, t1284c, t1302c, a1305c, c1317a, c1324t, t1338c, g1343a, c1347t, a1350g	Bat-EF-W2	Bat-EF-W2
Bat-EF-W1	Bat-EF-W1	c37a, t49c, g60a, t72c, a75g, t93g, c96t, a102g, t105c, g108a, a111g, t118a, t126c, c127t, g135a, t138c, c141t, t144c, a147g, t150c, g162a, a174t, t175g, g182a, c183t, c186a, a192g, t195c, t198c, c204t, t213c, c216t, t220c, g222a, g225a, g228c, t240c, t243c, g249a, a250g, g258t, a261t, t276c, g283c, t288a, a294g, a296g, a297g, t303c, g316a, g317a, g324t, g330c, t339c, t342c, a348g, g366a, c375t, a381g, c382t, g384a, a387g, a390g, c402t, c403t, t405g, g414a, c417t, a420g, c423t, c462t, g465a, a468g, g470a, t474c, t477c, c480t, t483c, t495c, c501t, g522a, t537a, a540g, g546a, c552t, c559t, a561g, t570c, t582c, t588c, t597c, a603g, t615c, t616c, g618a, a624g, g654a, a669g, c672t, a702g, t708c, a714g, c715t, t729a, c735t, a741g, c747a, c756t, t759g, g765a, a769c, g798a, a825g, g831a, a837t, t840a, t852c, c864t, a873g, c874t, a876g, t880c, t885c, t897g, t900c, t912a, c921t, t930c, a945t, c951t, a963g, c966g, c972t, a975g, g984a, t987g, t993c, g994a, t1002c, t1005a, a1011g, a1023t, c1029t, c1033t, a1038g, a1044g, c1047t, c1050t, g1053a, a1062t, a1068g, a1083g, t1086c, a1092g, a1101g, c1107t, g1113a, c1120t, t1121c, g1122a, a1125t, c1134a, a1140c, c1141t, a1146t, t1152c, t1158c, c1164t, c1170t, a1188t, g1189a, a1194g, a1200g, a1209g, t1212a, t1215c, t1218c, a1230g, c1243a, g1251a, g1257a, c1264a, a1269g, t1284c, t1302c, a1305c, c1324t, t1338c, c1347t, a1350g	Bat-EF-W1	Bat-EF-W1
Bat-PH	Bat-PH	c45t, t49c, g54a, g60a, c66t, g69a, g81a, t93g, t105c, a111g, t118a, t126c, c127t, g135a, t138c, c141t, t144c, a147g, t150c, a153g, g166a, a174c, t175g, g182a, c183t, c186a, a192g, t195c, t198c, c204t, a210t, t213c, c216t, t220c, g222a, g225a, g228t, t240c, g246t, g249a, a250g, c251t, g258t, a261t, g283c, a294g, a297g, t303c, a315g, g317a, g324t, g330c, a335g, g343c, g366a, a372g, c375t, a381g, c382t, a390g, c402t, c403t, t405g, g414a, c417t, c462t, g465a, a468g, g470a, t474c, t477c, c480t, t483c, t495c, c501t, g504a, t519c, a525g, t531c, t537a, a540g, c543t, g546a, c552t, t558c, c559t, a561g, t570c, t588c, t597c, a603g, t615c, t616c, c621a, a625g, c645t, g654a, c658t, a660g, c672t, c681a, t687c, a702g, t708c, a714g, c715t, a723g, t729a, a738c, a741g, c747a, c756t, t759a, g765a, g789a, t795c, a825g, g834a, a837c, t840a, t852c, c864t, c874t, a876g, t880c, g888a, t897g, a906c, t912a, t930c, a945t, c951t, c966g, c972t, c973t, a975g, t987c, t993c, g994a, t1002c, t1005g, a1011g, a1023g, c1029t, c1033t, a1038g, g1041a, a1044g, c1047t, c1050t, g1053a, g1059a, a1062t, a1068g, c1080t, t1086c, a1092g, a1095g, a1101g, c1107t, g1113a, c1120t, g1122a, a1125g, c1134a, g1135t, a1140c, c1141t, t1152c, t1158a, c1164t, t1167c, c1173t, c1182t, a1188t, g1189a, a1194g, c1197t, a1198c, a1200g, g1206a, c1227t, a1230g, t1242c, c1243a, a1245g, g1248a, g1251a, g1257a, c1264a, c1281t, a1296g, t1302c, a1305c, c1308t, c1317t, t1338c, c1347t, a1350g	Bat-PH	Bat-PH
Bat-DR	Bat-DR	a27g, t49c, g60a, c66t, t72c, c90t, t93g, c96t, a102g, t105c, t106c, a111g, t118a, t126c, c127t, g135a, c141t, a147g, a149g, t150c, g162a, g166a, a174t, t175g, g182a, c183t, c186a, t195c, t198c, c204t, t213c, c216t, t220c, g225t, g228c, t240c, g249a, a250t, a252c, t255c, g258c, a261t, c270t, g283c, t288a, a291t, c292a, a294g, a296g, a297g, a315g, g317c, g324c, g330c, a348g, g366a, a372g, a381g, c382t, a390g, c393t, c396t, c402t, c403t, t405a, g414a, c417t, t418c, a420g, c423t, c432t, c439t, g441a, a459c, c462t, g465a, a468g, g470a, t474c, t477c, c480t, t483c, a498g, c501t, g504a, g513a, t519c, t531c, t536c, t537a, a540g, c543a, g546a, c552t, c559t, a561g, a567g, t570c, t582c, t588c, t597c, a600c, t616c, c621t, c627t, t630c, g654a, a669g, c672t, a702g, c705t, t708c, g717a, t729a, c735t, a741g, c747a, t759g, g765a, a769t, c772t, a774g, g798a, g804a, a825t, g828a, g831a, a837t, c849t, c858t, c864t, c867t, t870g, c874t, a876g, t880c, g888a, t897g, t900c, a906c, t912a, c921t, t930c, a945c, c951t, a963g, c966g, c972t, c973t, g984a, t987g, t993a, g994a, t1002c, t1005g, a1011g, a1023c, c1033t, a1044g, c1047t, g1053a, g1059a, a1062t, a1071g, a1083g, t1086c, a1092g, a1095g, a1101g, c1107t, g1113a, c1120t, g1122a, a1127g, g1128a, a1129g, c1134g, g1135a, t1136c, a1137g, a1140c, t1152c, a1155g, t1158a, c1164t, c1170t, c1173t, g1176a, a1188c, g1189a, a1200g, g1206a, a1209g, t1212a, t1218c, a1230g, c1243a, g1248a, g1251a, g1257a, c1264a, a1269g, t1284c, c1287t, g1297a, t1302c, a1305t, a1311g, c1314t, c1317t, g1320a, c1324t, t1338c, a1350g, a1352g	Bat-DR	Bat-DR
RAC-SK-MexSK-1	RAC-SK-MexSK-1	a21g, a27g, g28a, g39a, g40a, g42t, t49c, t57c, g60a, c66t, g69c, t72c, t93a, t105c, t106c, g108a, c117t, t118a, t126c, c127t, a132g, t138c, t144c, a147g, t150c, g166a, a171g, a174t, t175g, c177t, g182a, c183t, c186a, c189t, a192g, t198c, t201c, t213c, c216t, g222a, g225a, g228c, g237a, g246a, g249a, g258t, a261g, c282t, g283t, c292a, a294g, a295c, a297g, g306a, c309t, c312t, g316a, g317a, g324t, g330t, g366a, a372g, a376t, a381g, c382t, a387t, a390g, t399c, g400a, t401c, c402t, c403t, t405a, g408a, g414a, a420g, c423a, t444c, g447a, c462t, g465t, a468g, g470a, t474c, t477a, c480t, t483c, c492t, t495c, c501t, a502c, g504t, t516c, t519c, a525g, t531a, t537g, a541g, g546a, c552t, c559t, t588c, t594c, t597c, a603g, t615c, g618a, c621t, c627t, t630c, g654a, a660g, a666g, c672t, c681t, t687c, a702g, t708c, a714g, c715t, a723g, t729a, g732t, c735t, a741g, c747a, t750c, c756g, t759a, a774c, g798a, a810g, a813g, g822a, a825g, g828a, g831a, a837c, t840a, t852c, t870g, a873t, c874t, a876g, t880c, t897a, a906g, t912a, t915a, t918a, c939t, a945t, c951t, c966g, a969g, c972t, c973t, a975g, t978c, a981c, g984a, t993a, g994a, t1005a, a1011g, a1023t, g1026a, c1029t, a1038g, a1044g, c1050t, g1053a, a1055g, a1062c, c1080t, t1086c, a1101g, g1113a, t1116a, a1119g, c1120t, c1134a, t1136c, a1137c, a1140t, t1152c, t1158a, a1162g, g1176a, c1185t, a1188t, a1194g, a1200g, g1206t, a1209g, t1212a, t1215c, a1224g, a1230g, t1242c, g1248c, g1251a, c1264a, g1266a, t1299c, t1302c, a1305c, a1311g, c1317t, t1338c, t1344c, c1347t, a1350t, a1353g	RAC-SK-MexSK-1	RAC-SK-MexSK-1
Bat-MYu	Bat-MYu	c9a, g10a, t49c, g60a, t72c, t93g, c96t, a100c, t105c, t107c, g108a, a111g, t118a, t126c, c127t, g135a, t138a, c141t, t144c, a147g, t150c, g162a, g166a, a171g, a174c, t175g, g182a, c183t, c186a, a192g, t195c, t198c, c204t, a210g, t213c, c216t, t220c, g222a, g225a, g228c, t240c, g249a, a250g, g258t, a261t, c264t, g283c, g285t, t288a, a294g, t303c, g316a, g317a, g324t, g330c, t339c, g343a, a344g, a348g, c364t, a372g, c375t, a381g, c382t, g384a, a387t, a390g, c402t, c403t, t405g, g414a, a420g, c423t, t433c, g465a, g470a, t474c, t477c, c480t, t483c, t495c, g504a, t519c, a525g, t537a, a540g, g546a, c552t, c559t, a561g, t570c, t582c, t588c, a603g, t615c, g618a, t630c, c645t, g654a, a660g, g678a, c690t, a702g, t708c, a714g, g717a, t729a, c735t, a738c, a741g, c747a, c756t, t759g, g765a, a768g, a769c, a837g, t840a, c849t, t852c, c864t, c867t, c874t, a876g, t880c, g882a, t885c, t897a, t900c, t909c, t912a, t918c, t930c, a945t, c951t, t954c, c966g, c972t, a975g, t990c, t993c, g994a, a996g, t1002c, t1005g, a1011g, c1029t, c1033t, a1038g, a1044g, c1050t, g1059a, a1062c, a1068g, a1083g, c1107t, g1110a, g1113a, a1119g, c1120t, t1121c, g1122a, c1124a, a1125g, c1130t, c1134a, a1140c, c1141t, t1152c, t1158c, c1164t, c1170t, a1188t, g1189a, a1194g, a1200g, g1206a, a1209g, t1212a, t1218c, a1230g, a1239t, t1242c, c1243a, g1248t, g1251a, g1257a, c1264a, a1269g, t1284c, t1302c, a1305c, c1314t, c1317t, c1324t, t1338c, c1347t, a1350g	Bat-MYu	Bat-MYu
Bat-EF-W1	Bat-EF-W1	c37a, t49c, g60a, t72c, a75g, t93g, c96t, a102g, t105c, g108a, a111g, t118a, t126c, c127t, g135a, t138c, c141t, t144c, a147g, t150c, g162a, a174t, t175g, g182a, c183t, c186a, a192g, t195c, t198c, c204t, t213c, c216t, t220c, g222a, g225a, g228c, t240c, t243c, g249a, a250g, g258t, a261t, t276c, g283c, t288a, a294g, a296g, a297g, t303c, g316a, g317a, g324t, g330c, t339c, t342c, a348g, g366a, c375t, a381g, c382t, g384a, a387g, a390g, c402t, c403t, t405g, g414a, c417t, a420g, c423t, c462t, g465a, a468g, g470a, t474c, t477c, c480t, t483c, t495c, c501t, g522a, t537a, a540g, g546a, c552t, c559t, a561g, t570c, t582c, t588c, t597c, a603g, t615c, t616c, g618a, a624g, g654a, a669g, c672t, a702g, t708c, a714g, c715t, t729a, c735t, a741g, c747a, c756t, t759g, g765a, a769c, g798a, a825g, g831a, a837t, t840a, t852c, c864t, a873g, c874t, a876g, t880c, t885c, t897g, t900c, t912a, c921t, t930c, a945t, c951t, a963g, c966g, c972t, a975g, g984a, t987g, t993c, g994a, t1002c, t1005a, a1011g, a1023t, c1029t, c1033t, a1038g, a1044g, c1047t, c1050t, g1053a, a1062t, a1068g, a1083g, t1086c, a1092g, a1101g, c1107t, g1113a, c1120t, t1121c, g1122a, a1125t, c1134a, a1140c, c1141t, a1146t, t1152c, t1158c, c1164t, c1170t, a1188t, g1189a, a1194g, a1200g, a1209g, t1212a, t1215c, t1218c, a1230g, c1243a, g1251a, g1257a, c1264a, a1269g, t1284c, t1302c, a1305c, c1324t, t1338c, c1347t, a1350g	Bat-EF-W1	Bat-EF-W1
Bat-MYsp	Bat-MYsp	c24t, a27g, t36c, c45t, t49c, g51a, g60a, c66t, g69a, a75g, g81a, c90t, t93g, c96t, t105c, t107c, g108a, a111g, g114a, t118a, t126c, c127t, g135a, t138c, c141t, t144c, a147g, t150c, g166a, a174c, t175g, g182a, c183t, c186a, a192g, t198c, c204t, t213c, c216t, t220c, g228t, t240c, g249a, c251t, g258t, a261t, a279g, c282t, g283c, a294g, a297g, t303c, g317a, g324t, g327a, g330c, g343c, a348g, g366a, a372g, c375t, a381g, c382t, a387g, a390g, t399c, c402t, c403t, t405g, g414a, c417t, c423t, t426c, c462t, g465a, g470a, c480t, t483c, t495c, c501t, g504a, t519c, a525g, c528t, t531c, t536c, t537a, a540g, c552t, c559t, a561g, t570c, t582c, t585c, t588c, a603g, c609t, t615c, t616c, g618a, c621t, t630c, c646a, g654a, c658t, a660g, c672t, c681a, c690t, t693g, a702g, t708c, a714g, c715t, t729a, c735t, a741g, c747a, c753t, c756t, t759g, g765a, a825t, g834a, a837c, t840a, c849t, t852c, c864t, c874t, a876g, t880c, t897g, a903g, t912a, t930c, a945t, c951t, c966g, c972t, c973t, a975g, t993c, g994a, t1002c, t1005c, a1011g, a1023t, c1029t, a1038g, a1044g, c1047t, c1050t, g1053a, a1062t, a1083g, t1086c, c1107t, g1110a, g1113a, c1120t, t1121c, g1122a, a1125g, g1128a, c1134g, a1140c, c1141t, t1152c, t1158a, c1164t, c1170t, c1173t, a1188t, g1189a, a1194g, c1197t, a1200g, g1206t, t1212a, c1222a, a1230g, t1242c, c1243a, g1248a, a1250g, g1251a, a1254g, g1257a, c1264a, c1281t, t1302c, a1305t, c1308t, a1311c, c1317t, t1338c, c1347t	Bat-MYsp	Bat-MYsp
Bat-EF-W1	Bat-EF-W1	c37a, t49c, g60a, t72c, a75g, t93g, c96t, a102g, t105c, g108a, a111g, t118a, t126c, c127t, g135a, t138c, c141t, t144c, a147g, t150c, g162a, a174t, t175g, g182a, c183t, c186a, a192g, t195c, t198c, c204t, t213c, c216t, t220c, g222a, g225a, g228c, t240c, t243c, g249a, a250g, g258t, a261t, t276c, g283c, t288a, a294g, a296g, a297g, t303c, g316a, g317a, g324t, g330c, t339c, t342c, a348g, g366a, c375t, a381g, c382t, g384a, a387g, a390g, c402t, c403t, t405g, g414a, c417t, a420g, c423t, c462t, g465a, a468g, g470a, t474c, t477c, c480t, t483c, t495c, c501t, g522a, t537a, a540g, g546a, c552t, c559t, a561g, t570c, t582c, t588c, t597c, a603g, t615c, t616c, g618a, a624g, g654a, a669g, c672t, a702g, t708c, a714g, c715t, t729a, c735t, a741g, c747a, c756t, t759g, g765a, a769c, g798a, a825g, g831a, a837t, t840a, t852c, c864t, a873g, c874t, a876g, t880c, t885c, t897g, t900c, t912a, c921t, t930c, a945t, c951t, a963g, c966g, c972t, a975g, g984a, t987g, t993c, g994a, t1002c, t1005a, a1011g, a1023t, c1029t, c1033t, a1038g, a1044g, c1047t, c1050t, g1053a, a1062t, a1068g, a1083g, t1086c, a1092g, a1101g, c1107t, g1113a, c1120t, t1121c, g1122a, a1125t, c1134a, a1140c, c1141t, a1146t, t1152c, t1158c, c1164t, c1170t, a1188t, g1189a, a1194g, a1200g, a1209g, t1212a, t1215c, t1218c, a1230g, c1243a, g1251a, g1257a, c1264a, a1269g, t1284c, t1302c, a1305c, c1324t, t1338c, c1347t, a1350g	Bat-EF-W1	Bat-EF-W1
Bat-EF-W1	Bat-EF-W1	c37a, t49c, g60a, t72c, a75g, t93g, c96t, a102g, t105c, g108a, a111g, t118a, t126c, c127t, g135a, t138c, c141t, t144c, a147g, t150c, g162a, a174t, t175g, g182a, c183t, c186a, a192g, t195c, t198c, c204t, t213c, c216t, t220c, g222a, g225a, g228c, t240c, t243c, g249a, a250g, g258t, a261t, t276c, g283c, t288a, a294g, a296g, a297g, t303c, g316a, g317a, g324t, g330c, t339c, t342c, a348g, g366a, c375t, a381g, c382t, g384a, a387g, a390g, c402t, c403t, t405g, g414a, c417t, a420g, c423t, c462t, g465a, a468g, g470a, t474c, t477c, c480t, t483c, t495c, c501t, g522a, t537a, a540g, g546a, c552t, c559t, a561g, t570c, t582c, t588c, t597c, a603g, t615c, t616c, g618a, a624g, g654a, a669g, c672t, a702g, t708c, a714g, c715t, t729a, c735t, a741g, c747a, c756t, t759g, g765a, a769c, g798a, a825g, g831a, a837t, t840a, t852c, c864t, a873g, c874t, a876g, t880c, t885c, t897g, t900c, t912a, c921t, t930c, a945t, c951t, a963g, c966g, c972t, a975g, g984a, t987g, t993c, g994a, t1002c, t1005a, a1011g, a1023t, c1029t, c1033t, a1038g, a1044g, c1047t, c1050t, g1053a, a1062t, a1068g, a1083g, t1086c, a1092g, a1101g, c1107t, g1113a, c1120t, t1121c, g1122a, a1125t, c1134a, a1140c, c1141t, a1146t, t1152c, t1158c, c1164t, c1170t, a1188t, g1189a, a1194g, a1200g, a1209g, t1212a, t1215c, t1218c, a1230g, c1243a, g1251a, g1257a, c1264a, a1269g, t1284c, t1302c, a1305c, c1324t, t1338c, c1347t, a1350g	Bat-EF-W1	Bat-EF-W1
Bat-EF-W1	Bat-EF-W1	c37a, t49c, g60a, t72c, a75g, t93g, c96t, a102g, t105c, g108a, a111g, t118a, t126c, c127t, g135a, t138c, c141t, t144c, a147g, t150c, g162a, a174t, t175g, g182a, c183t, c186a, a192g, t195c, t198c, c204t, t213c, c216t, t220c, g222a, g225a, g228c, t240c, t243c, g249a, a250g, g258t, a261t, t276c, g283c, t288a, a294g, a296g, a297g, t303c, g316a, g317a, g324t, g330c, t339c, t342c, a348g, g366a, c375t, a381g, c382t, g384a, a387g, a390g, c402t, c403t, t405g, g414a, c417t, a420g, c423t, c462t, g465a, a468g, g470a, t474c, t477c, c480t, t483c, t495c, c501t, g522a, t537a, a540g, g546a, c552t, c559t, a561g, t570c, t582c, t588c, t597c, a603g, t615c, t616c, g618a, a624g, g654a, a669g, c672t, a702g, t708c, a714g, c715t, t729a, c735t, a741g, c747a, c756t, t759g, g765a, a769c, g798a, a825g, g831a, a837t, t840a, t852c, c864t, a873g, c874t, a876g, t880c, t885c, t897g, t900c, t912a, c921t, t930c, a945t, c951t, a963g, c966g, c972t, a975g, g984a, t987g, t993c, g994a, t1002c, t1005a, a1011g, a1023t, c1029t, c1033t, a1038g, a1044g, c1047t, c1050t, g1053a, a1062t, a1068g, a1083g, t1086c, a1092g, a1101g, c1107t, g1113a, c1120t, t1121c, g1122a, a1125t, c1134a, a1140c, c1141t, a1146t, t1152c, t1158c, c1164t, c1170t, a1188t, g1189a, a1194g, a1200g, a1209g, t1212a, t1215c, t1218c, a1230g, c1243a, g1251a, g1257a, c1264a, a1269g, t1284c, t1302c, a1305c, c1324t, t1338c, c1347t, a1350g	Bat-EF-W1	Bat-EF-W1
Bat-EF-W1	Bat-EF-W1	c37a, t49c, g60a, t72c, a75g, t93g, c96t, a102g, t105c, g108a, a111g, t118a, t126c, c127t, g135a, t138c, c141t, t144c, a147g, t150c, g162a, a174t, t175g, g182a, c183t, c186a, a192g, t195c, t198c, c204t, t213c, c216t, t220c, g222a, g225a, g228c, t240c, t243c, g249a, a250g, g258t, a261t, t276c, g283c, t288a, a294g, a296g, a297g, t303c, g316a, g317a, g324t, g330c, t339c, t342c, a348g, g366a, c375t, a381g, c382t, g384a, a387g, a390g, c402t, c403t, t405g, g414a, c417t, a420g, c423t, c462t, g465a, a468g, g470a, t474c, t477c, c480t, t483c, t495c, c501t, g522a, t537a, a540g, g546a, c552t, c559t, a561g, t570c, t582c, t588c, t597c, a603g, t615c, t616c, g618a, a624g, g654a, a669g, c672t, a702g, t708c, a714g, c715t, t729a, c735t, a741g, c747a, c756t, t759g, g765a, a769c, g798a, a825g, g831a, a837t, t840a, t852c, c864t, a873g, c874t, a876g, t880c, t885c, t897g, t900c, t912a, c921t, t930c, a945t, c951t, a963g, c966g, c972t, a975g, g984a, t987g, t993c, g994a, t1002c, t1005a, a1011g, a1023t, c1029t, c1033t, a1038g, a1044g, c1047t, c1050t, g1053a, a1062t, a1068g, a1083g, t1086c, a1092g, a1101g, c1107t, g1113a, c1120t, t1121c, g1122a, a1125t, c1134a, a1140c, c1141t, a1146t, t1152c, t1158c, c1164t, c1170t, a1188t, g1189a, a1194g, a1200g, a1209g, t1212a, t1215c, t1218c, a1230g, c1243a, g1251a, g1257a, c1264a, a1269g, t1284c, t1302c, a1305c, c1324t, t1338c, c1347t, a1350g	Bat-EF-W1	Bat-EF-W1
Bat-EF-W1	Bat-EF-W1	c37a, t49c, g60a, t72c, a75g, t93g, c96t, a102g, t105c, g108a, a111g, t118a, t126c, c127t, g135a, t138c, c141t, t144c, a147g, t150c, g162a, a174t, t175g, g182a, c183t, c186a, a192g, t195c, t198c, c204t, t213c, c216t, t220c, g222a, g225a, g228c, t240c, t243c, g249a, a250g, g258t, a261t, t276c, g283c, t288a, a294g, a296g, a297g, t303c, g316a, g317a, g324t, g330c, t339c, t342c, a348g, g366a, c375t, a381g, c382t, g384a, a387g, a390g, c402t, c403t, t405g, g414a, c417t, a420g, c423t, c462t, g465a, a468g, g470a, t474c, t477c, c480t, t483c, t495c, c501t, g522a, t537a, a540g, g546a, c552t, c559t, a561g, t570c, t582c, t588c, t597c, a603g, t615c, t616c, g618a, a624g, g654a, a669g, c672t, a702g, t708c, a714g, c715t, t729a, c735t, a741g, c747a, c756t, t759g, g765a, a769c, g798a, a825g, g831a, a837t, t840a, t852c, c864t, a873g, c874t, a876g, t880c, t885c, t897g, t900c, t912a, c921t, t930c, a945t, c951t, a963g, c966g, c972t, a975g, g984a, t987g, t993c, g994a, t1002c, t1005a, a1011g, a1023t, c1029t, c1033t, a1038g, a1044g, c1047t, c1050t, g1053a, a1062t, a1068g, a1083g, t1086c, a1092g, a1101g, c1107t, g1113a, c1120t, t1121c, g1122a, a1125t, c1134a, a1140c, c1141t, a1146t, t1152c, t1158c, c1164t, c1170t, a1188t, g1189a, a1194g, a1200g, a1209g, t1212a, t1215c, t1218c, a1230g, c1243a, g1251a, g1257a, c1264a, a1269g, t1284c, t1302c, a1305c, c1324t, t1338c, c1347t, a1350g	Bat-EF-W1	Bat-EF-W1
Bat-TB	Bat-TB	a27g, t49c, g60a, t72c, t93g, c96t, t105c, t106c, a111g, t118a, t126c, c127t, g135a, c141t, a147g, t150c, g162a, g166a, a174t, t175g, g182a, c183t, c186a, t195c, t198c, c204t, t213c, t220c, g225t, g228t, a231c, t240c, g249a, a250t, g258c, a261t, g283c, t288a, a291t, a294g, a297g, a315g, g317a, g324t, g330c, a335g, a336g, g343a, a348g, c364t, g366a, a372g, c375t, a381g, c382t, a390g, c402t, c403t, t405a, g408a, g414a, c417t, t418c, a420g, c423t, t426c, c439t, g441a, a459t, c462t, g465a, a468g, g470a, c471t, t474c, t477c, c480t, t483c, t495c, a498g, c501t, g504a, g513a, t519c, c528t, t531c, g535a, t536c, t537a, a540g, g546a, c552t, a561g, a567g, t570c, t585c, t588c, t594c, t615c, t616c, g618a, c627t, g654a, a660g, a669g, c672t, g678a, a702g, c705t, t708c, t729a, c735t, a741g, c753t, c756t, t759g, g765a, a769c, c772t, c783t, g789a, g798a, g804a, a825t, g831a, a837t, c849t, t852c, c864t, c867t, c874t, a876g, t897g, t900c, a906c, t912a, t930c, a945t, c951t, a963t, c966g, c972t, a975g, g984a, t987g, t993g, g994a, t1002c, a1011g, a1023t, c1033t, a1044g, c1047t, c1050t, g1053a, g1059a, a1062t, a1071g, a1083g, t1086c, a1092g, a1095g, a1101g, c1107t, g1113a, c1120t, g1128a, a1129g, g1135a, t1136c, a1137g, a1140c, c1141t, a1155g, t1158a, c1164t, c1173t, a1188c, g1189a, a1200g, g1206a, a1209g, t1212a, t1218c, c1222a, a1224g, a1230g, c1243a, g1248a, g1251a, g1257a, c1264a, t1284c, c1287t, g1297a, t1302c, a1305t, a1311g, c1314t, c1317t, g1320a, c1324t, a1350t	Bat-TB	Bat-TB
Bat-EF-W1	Bat-EF-W1	c37a, t49c, g60a, t72c, a75g, t93g, c96t, a102g, t105c, g108a, a111g, t118a, t126c, c127t, g135a, t138c, c141t, t144c, a147g, t150c, g162a, a174t, t175g, g182a, c183t, c186a, a192g, t195c, t198c, c204t, t213c, c216t, t220c, g222a, g225a, g228c, t240c, t243c, g249a, a250g, g258t, a261t, t276c, g283c, t288a, a294g, a296g, a297g, t303c, g316a, g317a, g324t, g330c, t339c, t342c, a348g, g366a, c375t, a381g, c382t, g384a, a387g, a390g, c402t, c403t, t405g, g414a, c417t, a420g, c423t, c462t, g465a, a468g, g470a, t474c, t477c, c480t, t483c, t495c, c501t, g522a, t537a, a540g, g546a, c552t, c559t, a561g, t570c, t582c, t588c, t597c, a603g, t615c, t616c, g618a, a624g, g654a, a669g, c672t, a702g, t708c, a714g, c715t, t729a, c735t, a741g, c747a, c756t, t759g, g765a, a769c, g798a, a825g, g831a, a837t, t840a, t852c, c864t, a873g, c874t, a876g, t880c, t885c, t897g, t900c, t912a, c921t, t930c, a945t, c951t, a963g, c966g, c972t, a975g, g984a, t987g, t993c, g994a, t1002c, t1005a, a1011g, a1023t, c1029t, c1033t, a1038g, a1044g, c1047t, c1050t, g1053a, a1062t, a1068g, a1083g, t1086c, a1092g, a1101g, c1107t, g1113a, c1120t, t1121c, g1122a, a1125t, c1134a, a1140c, c1141t, a1146t, t1152c, t1158c, c1164t, c1170t, a1188t, g1189a, a1194g, a1200g, a1209g, t1212a, t1215c, t1218c, a1230g, c1243a, g1251a, g1257a, c1264a, a1269g, t1284c, t1302c, a1305c, c1324t, t1338c, c1347t, a1350g	Bat-EF-W1	Bat-EF-W1
Bat-PH	Bat-PH	c45t, t49c, g54a, g60a, c66t, g69a, g81a, t93g, t105c, a111g, t118a, t126c, c127t, g135a, t138c, c141t, t144c, a147g, t150c, a153g, g166a, a174c, t175g, g182a, c183t, c186a, a192g, t195c, t198c, c204t, a210t, t213c, c216t, t220c, g222a, g225a, g228t, t240c, g246t, g249a, a250g, c251t, g258t, a261t, g283c, a294g, a297g, t303c, a315g, g317a, g324t, g330c, a335g, g343c, g366a, a372g, c375t, a381g, c382t, a390g, c402t, c403t, t405g, g414a, c417t, c462t, g465a, a468g, g470a, t474c, t477c, c480t, t483c, t495c, c501t, g504a, t519c, a525g, t531c, t537a, a540g, c543t, g546a, c552t, t558c, c559t, a561g, t570c, t588c, t597c, a603g, t615c, t616c, c621a, a625g, c645t, g654a, c658t, a660g, c672t, c681a, t687c, a702g, t708c, a714g, c715t, a723g, t729a, a738c, a741g, c747a, c756t, t759a, g765a, g789a, t795c, a825g, g834a, a837c, t840a, t852c, c864t, c874t, a876g, t880c, g888a, t897g, a906c, t912a, t930c, a945t, c951t, c966g, c972t, c973t, a975g, t987c, t993c, g994a, t1002c, t1005g, a1011g, a1023g, c1029t, c1033t, a1038g, g1041a, a1044g, c1047t, c1050t, g1053a, g1059a, a1062t, a1068g, c1080t, t1086c, a1092g, a1095g, a1101g, c1107t, g1113a, c1120t, g1122a, a1125g, c1134a, g1135t, a1140c, c1141t, t1152c, t1158a, c1164t, t1167c, c1173t, c1182t, a1188t, g1189a, a1194g, c1197t, a1198c, a1200g, g1206a, c1227t, a1230g, t1242c, c1243a, a1245g, g1248a, g1251a, g1257a, c1264a, c1281t, a1296g, t1302c, a1305c, c1308t, c1317t, t1338c, c1347t, a1350g	Bat-PH	Bat-PH
Bat-EF-W1	Bat-EF-W1	c37a, t49c, g60a, t72c, a75g, t93g, c96t, a102g, t105c, g108a, a111g, t118a, t126c, c127t, g135a, t138c, c141t, t144c, a147g, t150c, g162a, a174t, t175g, g182a, c183t, c186a, a192g, t195c, t198c, c204t, t213c, c216t, t220c, g222a, g225a, g228c, t240c, t243c, g249a, a250g, g258t, a261t, t276c, g283c, t288a, a294g, a296g, a297g, t303c, g316a, g317a, g324t, g330c, t339c, t342c, a348g, g366a, c375t, a381g, c382t, g384a, a387g, a390g, c402t, c403t, t405g, g414a, c417t, a420g, c423t, c462t, g465a, a468g, g470a, t474c, t477c, c480t, t483c, t495c, c501t, g522a, t537a, a540g, g546a, c552t, c559t, a561g, t570c, t582c, t588c, t597c, a603g, t615c, t616c, g618a, a624g, g654a, a669g, c672t, a702g, t708c, a714g, c715t, t729a, c735t, a741g, c747a, c756t, t759g, g765a, a769c, g798a, a825g, g831a, a837t, t840a, t852c, c864t, a873g, c874t, a876g, t880c, t885c, t897g, t900c, t912a, c921t, t930c, a945t, c951t, a963g, c966g, c972t, a975g, g984a, t987g, t993c, g994a, t1002c, t1005a, a1011g, a1023t, c1029t, c1033t, a1038g, a1044g, c1047t, c1050t, g1053a, a1062t, a1068g, a1083g, t1086c, a1092g, a1101g, c1107t, g1113a, c1120t, t1121c, g1122a, a1125t, c1134a, a1140c, c1141t, a1146t, t1152c, t1158c, c1164t, c1170t, a1188t, g1189a, a1194g, a1200g, a1209g, t1212a, t1215c, t1218c, a1230g, c1243a, g1251a, g1257a, c1264a, a1269g, t1284c, t1302c, a1305c, c1324t, t1338c, c1347t, a1350g	Bat-EF-W1	Bat-EF-W1
Cosmopolitan-AM1	Cosmopolitan-AM1	c90t, t93c, c96t, t126c, a129g, g135a, t138c, t144c, t150c, g162a, t175g, g182a, c183t, c204t, g225a, g228a, t240c, t243c, a252g, c264t, g283c, a297g, g317a, a336g, a348c, a376t, a390g, c396t, c403t, c417t, c432a, c439t, c462a, g465a, g470a, t483c, t519c, c552t, a561g, t585c, a603g, g678t, a714g, g720a, a723g, t729g, a741g, t759a, a760g, g765a, a768g, t819c, g831a, c861t, t915c, c921t, a945t, c951t, t990c, t993c, g994a, a1011g, a1023g, g1059a, a1062g, g1113a, a1119g, g1122a, g1138t, t1167c, a1188c, t1215c, a1230g, g1248a, c1260t, c1287t, g1297a, t1299c, a1311g, c1314t, c1317t, a1335g	Cosmopolitan-AM1	Cosmopolitan-AM1
RAC-SK-SCSK	RAC-SK-SCSK	g7a, c24t, t33a, g42t, c45t, t48c, g51a, g60a, t63c, g69a, g81a, t93g, c96t, c99a, t105c, a111g, t126a, c127t, a129g, g135a, c141t, t144c, a147g, t150c, a153g, a165g, g166a, a174c, t175g, g182a, c183t, c186a, c189t, a192g, t195a, t198c, t201a, c204t, a210g, g225a, g228t, a231c, g237a, t240c, g246a, c270t, g278a, g283t, c292a, a294g, a297g, g316a, t318c, g324t, g327a, g330c, t345c, a348g, t357c, c364t, a372g, a376c, c382t, a387c, a390g, c393t, t399c, g400a, c403t, t405a, g408a, g414a, c417t, a420g, c423t, c432t, t433c, g441a, g447a, t448c, a456g, c462t, g465a, a467t, g470a, t474c, t477c, c480t, t483c, g496t, a498c, c501t, a502c, g504t, a507g, g510a, a525g, t531c, t537g, a540g, g544a, g546a, c552t, t555c, a561g, t570c, a576g, t582c, t588c, t594c, t597a, a603g, t615c, g618a, c621t, c627t, g654a, t663c, c672a, c681t, t687g, a702g, c705t, t708c, a711c, a714g, c715t, a723g, t729c, c735t, a744g, c747a, a762g, g765a, a771c, a774t, c792t, g798a, a801g, g804a, a810g, g828a, g834a, t840a, t852c, t855c, c864t, c867t, t870a, a873t, c874t, a876g, t880c, t897a, t900c, a903g, a906g, t912g, t930c, c933t, a945c, a948c, a963g, c966g, a969g, c973t, a975g, t987a, t990a, t993c, g994a, a996c, t1005g, a1011g, a1023c, g1026a, c1029t, c1033t, a1038g, a1044g, c1050t, g1053c, a1056g, g1059a, a1062t, a1068g, t1086c, g1089a, a1092g, a1101g, c1107t, g1110a, g1113a, t1116a, a1119g, t1131a, c1134a, a1137g, g1143a, a1146c, t1152c, a1155g, t1158a, c1170t, c1173t, c1182t, c1185t, a1188c, a1200g, g1206a, a1209g, t1212a, t1215c, t1218c, a1224c, c1227t, a1230g, t1242c, g1248c, g1251a, g1257a, c1264a, c1281t, t1302c, a1305t, c1308t, c1314t, c1317t, t1323c, a1326c, c1329t, g1332a, g1341a, g1343a, t1344c, c1347t, a1353g	RAC-SK-SCSK	RAC-SK-SCSK
Bat-EF-W1	Bat-EF-W1	c37a, t49c, g60a, t72c, a75g, t93g, c96t, a102g, t105c, g108a, a111g, t118a, t126c, c127t, g135a, t138c, c141t, t144c, a147g, t150c, g162a, a174t, t175g, g182a, c183t, c186a, a192g, t195c, t198c, c204t, t213c, c216t, t220c, g222a, g225a, g228c, t240c, t243c, g249a, a250g, g258t, a261t, t276c, g283c, t288a, a294g, a296g, a297g, t303c, g316a, g317a, g324t, g330c, t339c, t342c, a348g, g366a, c375t, a381g, c382t, g384a, a387g, a390g, c402t, c403t, t405g, g414a, c417t, a420g, c423t, c462t, g465a, a468g, g470a, t474c, t477c, c480t, t483c, t495c, c501t, g522a, t537a, a540g, g546a, c552t, c559t, a561g, t570c, t582c, t588c, t597c, a603g, t615c, t616c, g618a, a624g, g654a, a669g, c672t, a702g, t708c, a714g, c715t, t729a, c735t, a741g, c747a, c756t, t759g, g765a, a769c, g798a, a825g, g831a, a837t, t840a, t852c, c864t, a873g, c874t, a876g, t880c, t885c, t897g, t900c, t912a, c921t, t930c, a945t, c951t, a963g, c966g, c972t, a975g, g984a, t987g, t993c, g994a, t1002c, t1005a, a1011g, a1023t, c1029t, c1033t, a1038g, a1044g, c1047t, c1050t, g1053a, a1062t, a1068g, a1083g, t1086c, a1092g, a1101g, c1107t, g1113a, c1120t, t1121c, g1122a, a1125t, c1134a, a1140c, c1141t, a1146t, t1152c, t1158c, c1164t, c1170t, a1188t, g1189a, a1194g, a1200g, a1209g, t1212a, t1215c, t1218c, a1230g, c1243a, g1251a, g1257a, c1264a, a1269g, t1284c, t1302c, a1305c, c1324t, t1338c, c1347t, a1350g	Bat-EF-W1	Bat-EF-W1
Cosmopolitan-AM4	Cosmopolitan-AM4	g7a, g39t, t93a, c96t, a111g, a129g, a132g, g135a, t138c, c141t, t144c, t150c, t168c, t169c, t175g, g182a, c183t, c204t, c216t, t219c, g225a, g228a, g229t, t243c, g258a, c264t, g283c, g285a, t288c, a294g, t303c, c309t, g317a, g324t, a336g, t339c, t363c, c364t, a390g, c393t, c403t, c417t, c439t, c462a, g470a, t474c, t516c, a540g, a561g, a603g, t616c, c627a, t630c, c645t, g654a, a660g, g678a, t708c, a714g, g720a, a723g, t729a, t759a, g765a, a813g, t819c, t843c, t855c, c861t, a891g, t900c, t912c, t915c, c921t, a945c, a963g, c972t, a1011g, c1050t, a1074g, t1098c, a1104g, t1105c, g1122a, c1130t, a1137g, a1140g, t1167c, g1176a, c1185t, a1188c, g1206a, t1215g, a1230g, g1248c, c1260t, c1308t, a1326g, a1335g	Cosmopolitan-AM4	Cosmopolitan-AM4
Bat-AZ	Bat-AZ	c24t, c45t, t49c, g51a, g69t, t93g, c96t, a102g, t105c, a111g, t118a, t126c, c127t, g135a, t138c, c141t, a147g, t150c, g166a, a174c, t175g, c177t, g182a, c183t, c186a, a192g, t198c, t201a, c204t, c216t, t220c, g225a, g228t, t240c, g249a, a250g, t255c, g258t, a261t, g283c, a294g, a296g, a297g, t303c, c312t, g317a, g324t, g327a, g330c, g343c, a348g, g366a, a372g, c375t, a381g, c382t, a387g, c393t, c396t, t399c, c403t, t405g, c417t, c423t, a456g, c462t, g465a, g470a, t474c, t477c, t483c, g486a, t495c, a498g, c501t, g504a, t519c, a525g, t531c, t537a, a540g, c552t, c559t, a561g, t570c, a576g, t582c, t588c, t597c, a603g, t615c, t616c, g618a, c621t, a624g, c627t, t630c, c633t, g654a, a660g, c672t, t699c, a702g, t708c, a714g, g720a, a723g, t729a, c735t, a741g, c747a, c756t, t759a, a774g, t795c, a825g, g831a, g834a, a837c, t840a, t852c, c864t, c867t, a873g, c874t, a876g, t880c, t897g, t912a, t915c, t930c, a945t, c951t, c966g, c972t, c973t, g984a, t987c, t993c, g994a, t1002c, t1005g, a1011g, a1023t, c1029t, a1038g, a1044g, c1047t, c1050t, g1053a, a1062t, a1083g, a1101g, t1105c, c1107t, g1113a, c1120t, g1122a, a1125g, c1130t, c1134a, a1137g, a1140c, c1141t, t1152c, t1158a, c1164t, c1170t, a1188t, g1189a, a1194g, a1200g, g1206a, a1209g, t1212a, t1221c, a1230g, c1243a, g1248a, g1251a, g1257a, c1264a, c1281t, t1302c, a1305t, c1308t, c1317t, t1338c, c1347t, a1350g, a1352g	Bat-AZ	Bat-AZ
Bat-EF-W2	Bat-EF-W2	a38g, t49c, g60a, c66a, t93g, c96t, a102g, t105c, t118a, t126c, c127t, g135a, t138c, c141t, t144c, a147g, t150c, g162a, t168g, a171g, a174c, t175g, g182a, c183t, c186a, a192g, t198c, c204t, t213c, c216t, t220c, g222a, g225a, g228c, t240c, g249a, a250g, g258t, a261t, g283c, t288a, a294g, a297g, t303c, g316a, g317a, g324t, g330c, t342c, g343a, a348g, g366a, a372g, a381g, c382t, a387g, a390g, c402t, c403t, t405g, g414a, c417t, a420g, c423t, c462a, g465a, a468g, g470a, c471t, t474c, t477c, c480t, t495c, c501t, t519c, g522a, t537a, a540g, g546a, c552t, a561g, a576g, t582c, t588c, t597a, a603g, t615c, t616c, g618a, a624g, g654a, a660g, a669g, c672t, g678a, a702g, t708c, a714g, c715t, g720a, t729a, c735t, a741g, c747a, c756a, t759g, g765a, a769c, g798a, a825g, g831a, a837t, t840a, t852c, c864t, c867t, a873g, c874t, a876g, t880c, t885c, t897g, t900c, a903c, t912a, c921t, t930c, a945t, c951t, c966g, c972t, a975g, g984a, t987g, t993c, g994a, t1002c, t1005g, t1008c, a1011g, a1023t, c1029t, c1033t, a1044g, c1047t, c1050t, a1062t, a1083g, t1086c, a1101g, c1107t, g1110a, g1113a, c1120t, g1122a, a1125g, c1134a, a1140c, a1146g, t1152c, t1158c, c1164t, c1170t, a1188t, g1189a, a1194g, a1200g, a1209g, t1212a, t1218c, a1230g, t1242c, c1243a, g1251a, g1257a, a1263c, c1264a, a1269g, t1284c, t1302c, a1305c, c1317a, c1324t, t1338c, g1343a, c1347t, a1350g	Bat-EF-W2	Bat-EF-W2
Bat-EF-W1	Bat-EF-W1	c37a, t49c, g60a, t72c, a75g, t93g, c96t, a102g, t105c, g108a, a111g, t118a, t126c, c127t, g135a, t138c, c141t, t144c, a147g, t150c, g162a, a174t, t175g, g182a, c183t, c186a, a192g, t195c, t198c, c204t, t213c, c216t, t220c, g222a, g225a, g228c, t240c, t243c, g249a, a250g, g258t, a261t, t276c, g283c, t288a, a294g, a296g, a297g, t303c, g316a, g317a, g324t, g330c, t339c, t342c, a348g, g366a, c375t, a381g, c382t, g384a, a387g, a390g, c402t, c403t, t405g, g414a, c417t, a420g, c423t, c462t, g465a, a468g, g470a, t474c, t477c, c480t, t483c, t495c, c501t, g522a, t537a, a540g, g546a, c552t, c559t, a561g, t570c, t582c, t588c, t597c, a603g, t615c, t616c, g618a, a624g, g654a, a669g, c672t, a702g, t708c, a714g, c715t, t729a, c735t, a741g, c747a, c756t, t759g, g765a, a769c, g798a, a825g, g831a, a837t, t840a, t852c, c864t, a873g, c874t, a876g, t880c, t885c, t897g, t900c, t912a, c921t, t930c, a945t, c951t, a963g, c966g, c972t, a975g, g984a, t987g, t993c, g994a, t1002c, t1005a, a1011g, a1023t, c1029t, c1033t, a1038g, a1044g, c1047t, c1050t, g1053a, a1062t, a1068g, a1083g, t1086c, a1092g, a1101g, c1107t, g1113a, c1120t, t1121c, g1122a, a1125t, c1134a, a1140c, c1141t, a1146t, t1152c, t1158c, c1164t, c1170t, a1188t, g1189a, a1194g, a1200g, a1209g, t1212a, t1215c, t1218c, a1230g, c1243a, g1251a, g1257a, c1264a, a1269g, t1284c, t1302c, a1305c, c1324t, t1338c, c1347t, a1350g	Bat-EF-W1	Bat-EF-W1
Cosmopolitan-AM2b	Cosmopolitan-AM2b	g7a, c9t, a21c, g39t, g87a, c96t, t105c, t106c, t120c, t126c, a132g, g135a, t138c, c141t, t144c, t150c, a153g, a165g, t175g, g182a, c183t, c186t, t201c, c204t, t213c, t219c, g228t, t240c, g249a, g258a, c264t, g283c, g285a, a291g, a300g, t303c, a315t, g317a, g324a, a336g, t339g, a348g, a351g, a381g, c382t, a390g, c402t, c403t, t411c, g414a, c417t, t444c, a456g, c462a, g465a, g470a, t474c, a498g, c501t, t519c, t537c, a540g, t558c, c559t, a567g, a576g, a603g, t616c, t630c, c645a, a660g, a669c, a675g, c690a, t693c, t708c, a714g, a723g, t729a, a741g, a744g, t759a, g765a, c772t, g789a, g798a, a807t, g809a, t819c, g828a, c861t, a873g, a891g, a906g, t912c, c921t, t936c, a945t, c966t, t1002c, a1011g, c1029a, c1033t, a1056g, g1059t, a1071g, a1074g, g1089a, a1095g, a1101g, c1107t, a1137g, t1167c, c1179t, a1188c, a1194g, a1195g, g1206a, t1215c, a1219g, a1230g, c1243a, a1245g, g1248a, a1261g, t1299c, a1305g, c1314t, c1317t, a1335g, g1341t, c1347t	Cosmopolitan-AM2b	Cosmopolitan-AM2b
Asian-SEA3	Asian-SEA3	t48c, t57a, a75g, g87a, t93a, c96t, a102g, t105c, a111g, c117t, t118a, g119c, a132g, t144c, t145c, a147g, t168c, t169c, a171g, a174t, t175g, g182a, c186t, a192g, c204t, a210g, t219c, g225a, g228t, g237a, t240c, t243c, g249a, a250g, t255c, g258t, g283t, t303c, c312t, a315t, g317a, g324t, g327a, g354t, t363a, c375t, c382g, a387g, c393t, t399c, c402t, c403g, g414a, c417t, c423t, g435a, c462g, g470a, t477c, a525t, t537a, a540g, g546a, a561g, a576g, t582c, t597c, a603g, t615c, c621t, t630c, c658t, a660g, a669t, c672a, c681t, t687g, t708c, a714g, c715t, g720a, a723g, t726c, t729a, a741g, a744g, c747a, t759g, a768g, a771c, g804a, t819c, g822a, g828c, g831a, g834a, a837t, t840c, t843c, t852c, t870c, c874t, a876g, t880c, g888a, a891g, t897c, a906g, t912a, c921t, a945c, c951t, a963g, a969g, c972t, a975t, a981t, t993c, a996t, t1002c, t1005c, t1017a, a1023c, g1026a, c1033t, a1044g, c1047t, c1050t, g1053a, a1056g, a1072c, c1080t, a1083g, a1092g, a1101g, a1104g, c1107t, g1113a, a1119g, c1120t, c1124t, a1125g, t1152c, t1158c, c1164t, c1170t, c1179t, a1188c, a1194g, c1197g, t1203c, g1206t, t1215c, t1218c, a1230g, t1236c, g1257a, c1264a, c1275t, t1276g, a1278c, c1287t, t1290c, t1302c, a1305g, c1314t, g1341a, a1350g	Asian-SEA3	Asian-SEA3
Asian-SEA1b	Asian-SEA1b	a21g, t48c, t57a, g69t, g81a, c84t, t93a, c96t, t106c, a111g, g114a, t118a, a123c, a124t, t126c, a132g, t144c, t150c, a153g, a156c, c159t, t169c, a171g, a174t, t175g, c177t, g182a, c183t, c186t, a192g, c204t, a210g, g222a, g225a, g228c, g237a, t240c, g249a, t255c, g258t, a261g, c273t, c282a, g283t, a297g, t303c, a315t, g317a, t321c, g324t, g327t, t363c, c364t, a369g, c375t, a381g, a387g, t399a, c403t, t405g, g414a, c417t, c427t, t429a, g435a, c462g, g465a, g470a, t474c, t477c, t483c, a498g, c501t, a525t, a540g, a549g, a561g, a576g, t585c, t588c, t597c, a603g, t615c, g618a, c621t, t639c, g654a, a660c, a669t, c681t, a684t, t699c, c705t, t708c, g720a, t729a, a741g, a744g, c747a, c756t, t759a, g765a, c786t, t819c, g822a, a825g, a837t, c849t, t852c, c864t, a873g, a876g, t880c, g888a, a891g, t897c, t912a, a945t, a963g, a969g, c972t, a975t, a981g, g984a, t993c, t1005c, a1023t, g1026a, c1033t, a1044g, g1053a, a1062g, a1071g, t1086c, a1092g, a1101g, a1104g, c1107t, c1120t, a1125g, c1134t, g1135t, c1141t, t1152c, a1155g, c1164t, c1170t, c1173t, c1182t, a1188t, a1194g, a1200g, g1206t, a1209g, t1215c, a1230g, g1248a, g1257a, c1260t, c1264a, c1275t, t1299c, a1311g, c1314t, c1317t, a1328g, c1329t, g1332a, a1335g, g1341t	Asian-SEA1b	Asian-SEA1b
Asian-SEA1b	Asian-SEA1b	a21g, t48c, t57a, g69t, g81a, c84t, t93a, c96t, t106c, a111g, g114a, t118a, a123c, a124t, t126c, a132g, t144c, t150c, a153g, a156c, c159t, t169c, a171g, a174t, t175g, c177t, g182a, c183t, c186t, a192g, c204t, a210g, g222a, g225a, g228c, g237a, t240c, g249a, t255c, g258t, a261g, c273t, c282a, g283t, a297g, t303c, a315t, g317a, t321c, g324t, g327t, t363c, c364t, a369g, c375t, a381g, a387g, t399a, c403t, t405g, g414a, c417t, c427t, t429a, g435a, c462g, g465a, g470a, t474c, t477c, t483c, a498g, c501t, a525t, a540g, a549g, a561g, a576g, t585c, t588c, t597c, a603g, t615c, g618a, c621t, t639c, g654a, a660c, a669t, c681t, a684t, t699c, c705t, t708c, g720a, t729a, a741g, a744g, c747a, c756t, t759a, g765a, c786t, t819c, g822a, a825g, a837t, c849t, t852c, c864t, a873g, a876g, t880c, g888a, a891g, t897c, t912a, a945t, a963g, a969g, c972t, a975t, a981g, g984a, t993c, t1005c, a1023t, g1026a, c1033t, a1044g, g1053a, a1062g, a1071g, t1086c, a1092g, a1101g, a1104g, c1107t, c1120t, a1125g, c1134t, g1135t, c1141t, t1152c, a1155g, c1164t, c1170t, c1173t, c1182t, a1188t, a1194g, a1200g, g1206t, a1209g, t1215c, a1230g, g1248a, g1257a, c1260t, c1264a, c1275t, t1299c, a1311g, c1314t, c1317t, a1328g, c1329t, g1332a, a1335g, g1341t	Asian-SEA1b	Asian-SEA1b
Cosmopolitan-AM3a	Cosmopolitan-AM3a	a21g, c24t, c96t, a102g, t126c, c127t, a129g, a132g, g135a, t138c, t144c, t150c, a165g, t175g, g182a, t195g, c204t, t219c, g225a, g228a, t240c, c264t, g283c, g317a, g324t, a333c, a336g, a351g, g378a, c396t, c403t, c417t, t418c, g435a, t438c, t448c, c462a, g465a, g470a, c471t, t474a, t477c, c501t, t519c, c543t, a549g, t585c, t588c, t594c, a603g, c621t, t630c, a675g, g678a, c690t, c705t, t708c, a714g, g720a, a723g, t729a, g732t, a738c, a741g, c747t, t759a, g765a, t819c, g888a, a891g, t912c, t915c, c921t, a945t, t954c, a975t, g991a, a996c, a1011g, g1035t, a1038g, a1062g, c1080t, g1089a, a1100g, c1107t, g1122a, a1137g, a1140g, t1158a, t1167c, a1188c, a1194g, g1206a, a1230g, g1297a, t1299c, a1306g, a1307g, c1317t, t1323c, a1335g, t1348c, a1350g	Cosmopolitan-AM3a	Cosmopolitan-AM3a
Cosmopolitan-AM3b	Cosmopolitan-AM3b	a21g, a75g, c96t, c99t, a102g, t126c, c127t, a132g, g135a, t138c, c141t, t144c, t150c, t175g, g182a, c204t, t219c, g225a, g228a, t240c, g249a, g283c, g317a, g324t, a336g, g354a, a390g, c403t, t405c, g408a, g414a, c417t, t429c, t433c, t438c, c462a, g465a, g470a, t474a, t477c, c501t, t519c, t558c, a561c, t594c, t597c, a603g, t630c, a660g, a684t, t708c, a714g, g720a, a723g, t729a, a741g, a744g, c747t, c756t, t759a, g765a, g789a, t819c, a825g, t885c, g888a, a891g, t897c, a906g, c921t, a945c, t954c, a963g, a975c, t987c, g994c, a996c, t1005c, a1011g, g1026t, t1032c, a1056g, g1059a, c1080t, a1083g, a1100g, c1107t, g1110a, g1113a, t1116c, a1119g, c1120t, a1125g, a1137g, a1146t, t1167c, c1170t, c1173t, a1188c, t1212a, t1218c, a1230g, t1236c, a1245g, c1260t, t1299c, a1306g, a1307g, t1323c	Cosmopolitan-AM3b	Cosmopolitan-AM3b
Asian-SEA1b	Asian-SEA1b	a21g, t48c, t57a, g69t, g81a, c84t, t93a, c96t, t106c, a111g, g114a, t118a, a123c, a124t, t126c, a132g, t144c, t150c, a153g, a156c, c159t, t169c, a171g, a174t, t175g, c177t, g182a, c183t, c186t, a192g, c204t, a210g, g222a, g225a, g228c, g237a, t240c, g249a, t255c, g258t, a261g, c273t, c282a, g283t, a297g, t303c, a315t, g317a, t321c, g324t, g327t, t363c, c364t, a369g, c375t, a381g, a387g, t399a, c403t, t405g, g414a, c417t, c427t, t429a, g435a, c462g, g465a, g470a, t474c, t477c, t483c, a498g, c501t, a525t, a540g, a549g, a561g, a576g, t585c, t588c, t597c, a603g, t615c, g618a, c621t, t639c, g654a, a660c, a669t, c681t, a684t, t699c, c705t, t708c, g720a, t729a, a741g, a744g, c747a, c756t, t759a, g765a, c786t, t819c, g822a, a825g, a837t, c849t, t852c, c864t, a873g, a876g, t880c, g888a, a891g, t897c, t912a, a945t, a963g, a969g, c972t, a975t, a981g, g984a, t993c, t1005c, a1023t, g1026a, c1033t, a1044g, g1053a, a1062g, a1071g, t1086c, a1092g, a1101g, a1104g, c1107t, c1120t, a1125g, c1134t, g1135t, c1141t, t1152c, a1155g, c1164t, c1170t, c1173t, c1182t, a1188t, a1194g, a1200g, g1206t, a1209g, t1215c, a1230g, g1248a, g1257a, c1260t, c1264a, c1275t, t1299c, a1311g, c1314t, c1317t, a1328g, c1329t, g1332a, a1335g, g1341t	Asian-SEA1b	Asian-SEA1b
Cosmopolitan-AM1	Cosmopolitan-AM1	c90t, t93c, c96t, t126c, a129g, g135a, t138c, t144c, t150c, g162a, t175g, g182a, c183t, c204t, g225a, g228a, t240c, t243c, a252g, c264t, g283c, a297g, g317a, a336g, a348c, a376t, a390g, c396t, c403t, c417t, c432a, c439t, c462a, g465a, g470a, t483c, t519c, c552t, a561g, t585c, a603g, g678t, a714g, g720a, a723g, t729g, a741g, t759a, a760g, g765a, a768g, t819c, g831a, c861t, t915c, c921t, a945t, c951t, t990c, t993c, g994a, a1011g, a1023g, g1059a, a1062g, g1113a, a1119g, g1122a, g1138t, t1167c, a1188c, t1215c, a1230g, g1248a, c1260t, c1287t, g1297a, t1299c, a1311g, c1314t, c1317t, a1335g	Cosmopolitan-AM1	Cosmopolitan-AM1
IndianSubcontinent	IndianSubcontinent	c30t, t48c, t57c, t63c, c66t, g69a, a75g, g87a, t93g, t105c, t106c, a111g, g114a, c117t, t118a, t120c, t126c, a132g, c141t, t144c, t150c, a153g, g162a, a165t, a171g, a174g, t175g, g182a, c183t, c186t, a192g, t198c, c204t, a210g, t213c, g222a, g225a, g228t, g237a, t243c, g249a, a250t, a252c, g258t, a261g, c270t, c282a, g283c, t288c, c292a, a294g, a300g, t303c, c312t, g317a, g324c, g327a, g330t, a336g, t339c, a351g, t363c, a369c, c375a, c382t, g384a, a387g, a390g, c402t, c403t, c417t, t418c, a445c, a456g, c462g, g470a, t474c, t477c, c480t, t483c, c501t, a540g, c543t, c559t, a561g, a576g, t597c, a603g, t615c, g618a, c621t, c627a, t630c, t639c, a660g, a666c, c672t, g678a, c690t, a702g, t708c, a714g, a723g, t729a, a741g, c747a, c753t, c756t, t759a, g765a, a768g, a774g, a801g, a810g, g828t, t840c, c849t, t852c, c861t, c867t, c874t, a876g, t880c, g882a, t885c, g888t, a891g, t894c, t897g, t912a, t918c, t936c, a945t, c951t, c972t, a975t, t1002c, a1011g, a1023c, c1029a, g1035a, g1041a, a1044g, c1047t, c1050t, g1053a, a1056g, a1068g, a1125g, g1135a, a1137t, c1141t, a1146t, t1152c, t1158c, c1170t, c1179t, c1185t, a1200g, g1206t, a1230g, c1246t, g1251a, g1257a, c1264a, a1269g, c1275t, t1302c, c1317a, a1326c, a1335g, g1341t	IndianSubcontinent	IndianSubcontinent
Bat-DR	Bat-DR	a27g, t49c, g60a, c66t, t72c, t93g, c96t, t105c, t106c, a111g, t118a, t126c, c127t, g135a, c141t, a147g, c159t, g162a, g166a, a171g, a174t, t175g, g182a, c186a, t195c, t198c, c204t, t213c, c216t, t220c, g225t, g228c, t240c, g249a, a250t, g258t, a261g, c270t, g283c, t288a, a291t, a294g, a297g, a315g, g317a, g324t, g330c, t342c, a348g, g366a, a372g, a381g, c382t, a390g, c396t, c402t, c403t, t405a, g414a, c417t, t418c, a420g, c423t, t426c, c439t, g441a, a459c, c462t, g465a, a468g, g470a, c471t, t474c, t477c, c480t, t483c, t495c, a498g, c501t, g504a, t519c, t531c, t536c, t537a, a540g, c543t, g546a, c552t, c559t, a561g, a567t, t570c, t588c, t597c, c606t, t615c, c621t, a624g, c627t, g654a, c658t, a660g, a669t, c672t, g678a, a702g, t708c, t729a, c735t, a741g, a744g, c747a, c756t, g765a, a769c, c772t, a774g, t777c, g804a, t819c, a825t, g831a, a837t, c849t, c858t, c861t, c864t, c867t, c874t, a876g, t900c, a906c, t912a, c921t, g924a, t930c, a945t, c951t, a963g, c966g, c972t, c973t, a975g, g984a, t987g, t993a, g994a, a996t, t1002c, t1005g, a1011g, a1023t, c1033t, a1038g, a1044g, c1047t, g1053a, g1059a, a1062t, a1071g, t1086c, a1092g, a1101g, c1107t, g1113a, c1120t, g1128a, a1129g, c1134g, g1135a, t1136c, a1140c, t1152c, t1158a, c1164t, c1173t, a1188c, g1189a, a1200g, g1206a, t1212a, t1221a, c1222a, a1230g, c1246t, g1248a, g1257a, c1264a, a1269g, t1284c, c1287t, g1297a, t1302c, a1305t, a1311g, c1314t, c1317t, c1324t, g1332a, t1338c, a1350g, a1352g	Bat-DR	Bat-DR
Bat-DR	Bat-DR	a27g, t49c, g60a, c66t, t72c, t93g, c96t, t105c, t106c, a111g, t118a, t126c, c127t, g135a, c141t, a147g, c159t, g162a, g166a, a171g, a174t, t175g, g182a, c186a, t195c, t198c, c204t, t213c, c216t, t220c, g225t, g228c, t240c, g249a, a250t, g258t, a261g, c270t, g283c, t288a, a291t, a294g, a297g, a315g, g317a, g324t, g330c, t342c, a348g, g366a, a372g, a381g, c382t, a390g, c396t, c402t, c403t, t405a, g414a, c417t, t418c, a420g, c423t, t426c, c439t, g441a, a459c, c462t, g465a, a468g, g470a, c471t, t474c, t477c, c480t, t483c, t495c, a498g, c501t, g504a, t519c, t531c, t536c, t537a, a540g, c543t, g546a, c552t, c559t, a561g, a567t, t570c, t588c, t597c, c606t, t615c, c621t, a624g, c627t, g654a, c658t, a660g, a669t, c672t, g678a, a702g, t708c, t729a, c735t, a741g, a744g, c747a, c756t, g765a, a769c, c772t, a774g, t777c, g804a, t819c, a825t, g831a, a837t, c849t, c858t, c861t, c864t, c867t, c874t, a876g, t900c, a906c, t912a, c921t, g924a, t930c, a945t, c951t, a963g, c966g, c972t, c973t, a975g, g984a, t987g, t993a, g994a, a996t, t1002c, t1005g, a1011g, a1023t, c1033t, a1038g, a1044g, c1047t, g1053a, g1059a, a1062t, a1071g, t1086c, a1092g, a1101g, c1107t, g1113a, c1120t, g1128a, a1129g, c1134g, g1135a, t1136c, a1140c, t1152c, t1158a, c1164t, c1173t, a1188c, g1189a, a1200g, g1206a, t1212a, t1221a, c1222a, a1230g, c1246t, g1248a, g1257a, c1264a, a1269g, t1284c, c1287t, g1297a, t1302c, a1305t, a1311g, c1314t, c1317t, c1324t, g1332a, t1338c, a1350g, a1352g	Bat-DR	Bat-DR
Asian-SEA2b	Asian-SEA2b	c24t, t48c, t49c, g54a, t57c, a64g, t65c, c66t, g81a, g87a, c90t, t93g, t105c, a111g, g114a, t118a, a123c, t126c, a132g, g135a, c141t, t150c, g162a, t168c, t169c, a171g, a174c, t175g, g182a, c183t, c186t, a192g, t201g, c204t, a210g, t219c, g222a, g225a, g228t, g237a, t240c, t255c, g258t, c269a, c270t, c273t, t276c, a279g, g283t, t303c, g306a, a315t, g317a, t318c, g324t, g327a, g330t, a348g, t363c, c364t, a369g, a372g, c375t, a381g, c382t, a390g, c402g, c403t, t411c, g414a, c417t, t418c, c423t, g441t, c462g, g465a, g470a, t474a, t477c, t483c, a489c, a498g, t519c, g522a, a525t, t534c, a540g, a541g, g546a, t555c, a561g, a576g, t582c, t588c, t594c, a603g, t615c, g618a, c621t, t630c, g654a, a660g, a669t, c672t, a675g, g678a, c681t, t687c, t708c, a714g, g717a, g720a, a723g, t729a, c735t, a741g, a744g, c747a, t759a, a762g, g789a, t819c, g822a, a837t, t852c, c874t, c879t, t880c, g882a, g888a, a891g, t894a, t897a, t912a, a945t, c951t, a969g, a975t, t978c, t993c, g994a, t1002c, t1005c, a1011g, a1023g, g1026a, t1032c, c1033t, g1041a, a1044g, c1047t, c1050t, a1056g, a1062g, t1098c, a1104g, g1113a, a1119g, c1120t, t1121c, g1122a, a1125c, g1135t, t1149c, t1158c, c1170t, c1173t, g1176a, c1182t, a1188c, a1200g, g1206a, t1215c, a1230g, g1248a, c1264a, t1272c, c1275t, a1278c, t1284c, c1287t, t1299c, c1314t, t1338c, g1341t	Asian-SEA2b	Asian-SEA2b
Cosmopolitan-AM2a	Cosmopolitan-AM2a	t72c, g87a, c96t, t126c, a132g, g135a, t138c, t144c, t150c, a153g, t175g, g182a, c183t, c186t, t201c, c204t, t213c, t219c, t220c, g225a, g228a, t240c, g258a, t276c, g283c, t303c, c312t, g317a, t318c, g324a, g330a, a336g, t357c, a390g, c403t, t405c, g414a, c417t, a420g, c423t, t429c, t444c, t448c, c462a, g465a, g470a, t483c, c501t, t519c, a540g, g546a, a549g, c552t, t558c, a576g, t585a, c621t, t630c, c645a, a660g, t708c, c715t, g720a, a723g, t729a, a741g, a744g, t759a, g765a, t777c, g804a, a813g, t819c, t843c, c861t, c864t, a891g, a903c, t912c, c921t, a945c, c951t, c972t, t978c, t1002c, a1011g, t1017c, g1026a, c1029t, t1032c, c1033t, g1035a, g1059a, a1083g, c1107t, a1125g, c1134t, a1137g, t1167c, a1188c, g1206a, t1215c, a1230g, c1246t, c1260t, t1299c, c1317a	Cosmopolitan-AM2a	Cosmopolitan-AM2a
Asian-SEA2b	Asian-SEA2b	c24t, t48c, t49c, g54a, t57c, a64g, t65c, c66t, g81a, g87a, c90t, t93g, t105c, a111g, g114a, t118a, a123c, t126c, a132g, g135a, c141t, t150c, g162a, t168c, t169c, a171g, a174c, t175g, g182a, c183t, c186t, a192g, t201g, c204t, a210g, t219c, g222a, g225a, g228t, g237a, t240c, t255c, g258t, c269a, c270t, c273t, t276c, a279g, g283t, t303c, g306a, a315t, g317a, t318c, g324t, g327a, g330t, a348g, t363c, c364t, a369g, a372g, c375t, a381g, c382t, a390g, c402g, c403t, t411c, g414a, c417t, t418c, c423t, g441t, c462g, g465a, g470a, t474a, t477c, t483c, a489c, a498g, t519c, g522a, a525t, t534c, a540g, a541g, g546a, t555c, a561g, a576g, t582c, t588c, t594c, a603g, t615c, g618a, c621t, t630c, g654a, a660g, a669t, c672t, a675g, g678a, c681t, t687c, t708c, a714g, g717a, g720a, a723g, t729a, c735t, a741g, a744g, c747a, t759a, a762g, g789a, t819c, g822a, a837t, t852c, c874t, c879t, t880c, g882a, g888a, a891g, t894a, t897a, t912a, a945t, c951t, a969g, a975t, t978c, t993c, g994a, t1002c, t1005c, a1011g, a1023g, g1026a, t1032c, c1033t, g1041a, a1044g, c1047t, c1050t, a1056g, a1062g, t1098c, a1104g, g1113a, a1119g, c1120t, t1121c, g1122a, a1125c, g1135t, t1149c, t1158c, c1170t, c1173t, g1176a, c1182t, a1188c, a1200g, g1206a, t1215c, a1230g, g1248a, c1264a, t1272c, c1275t, a1278c, t1284c, c1287t, t1299c, c1314t, t1338c, g1341t	Asian-SEA2b	Asian-SEA2b
Asian-SEA2a	Asian-SEA2a	t48c, t49c, t57c, c66t, g81a, g87a, c90t, t93a, t105c, t106c, a111g, g114a, t118a, a123c, a132g, g135a, c141t, t144c, t150c, t168c, t169c, a171g, a174t, t175g, g182a, c183t, c186t, c189t, a192g, t201g, c204t, t207c, t213c, t219c, g222a, g225a, g228t, g237a, t240c, t243c, t255c, g258c, c269a, c270t, t276c, a279g, g283t, t303c, g306a, a315t, g317a, t318c, g324t, g327a, g330c, a369g, a372g, c375t, a381g, c382t, a387g, c402g, c403t, t411c, g414a, c417t, c423t, g441t, c462g, g465a, g470a, t474a, t477c, t483c, a498g, a525t, c528t, t534c, t537c, a540g, g546a, t555c, a561g, a576g, t582c, t588c, t597c, a603g, t615c, g618a, c621t, t630c, g654a, a660g, a669t, c672t, g678a, c681t, t708c, a714g, g717a, g720a, a723g, t729g, c735t, a741g, c747a, t759a, a762g, t819c, g831a, a837t, c849t, t852c, c874t, t880c, g882a, g888a, a891g, t894a, t897a, t900c, t912a, a945c, a975t, g984a, t993c, t1002c, t1005c, a1011g, a1023g, g1026a, t1032c, c1033t, a1044g, c1047t, a1056g, a1062g, a1104g, c1107t, g1113a, a1119g, c1120t, g1122a, a1125t, g1135t, t1149c, t1152c, t1158c, c1170t, c1173t, g1176a, c1182t, a1188c, a1200g, t1215c, a1230g, t1236c, g1248a, c1264a, t1272c, c1275t, a1278t, t1284c, c1287t, t1299c, c1314t, g1341t, a1350c	Asian-SEA2a	Asian-SEA2a
Asian-SEA1a	Asian-SEA1a	a21g, c24t, t48c, t57c, c66t, g69t, g81a, g87a, c90t, t93g, t105c, g108a, a111g, g114a, t118a, a123c, t126c, a132g, t138c, t144c, t150c, a153g, a156c, c159t, t169c, a171g, a174t, t175g, c177t, g182a, c183t, c186t, a192g, c204t, a210g, g225a, g228c, g237a, a252t, t255c, g258t, a261g, c264t, c273t, g283t, a297g, a300g, c312t, a315c, g317a, g324t, g327c, t342c, a356g, t363c, c364t, a369g, c375t, a381g, c382t, g384a, t399a, c403t, t405g, g414a, c427t, t429g, g435a, g441a, c462g, g465a, g470a, t474c, t477c, t483c, t495c, a498g, c501t, g522a, a525t, t531c, t537c, a540g, a549g, a561g, a576g, t585c, t588c, t597c, a603g, c609t, t615c, g618a, c621t, a624g, t630c, a660t, t663c, a669t, c672t, c681t, t699c, t708c, a714g, g717a, g720a, a723g, t729a, a741g, a744g, c747a, c756t, t759a, a768g, g789a, g822a, a825g, a837t, c849t, t852c, a873g, c874t, a876g, t880c, g888a, a891g, t900c, a906g, t912a, g924a, a945t, a948g, c951t, c972t, a975c, g984a, t1005c, g1026a, t1032c, c1033t, a1044g, g1053a, a1071g, a1074g, c1080t, t1086c, a1092g, a1101g, a1104g, c1107t, c1120t, g1122a, a1125g, c1134t, t1136c, c1141t, a1146g, t1152c, t1158c, c1164t, c1170t, c1182t, a1188t, a1194g, a1200g, g1206t, a1209g, t1215c, a1230g, t1236c, g1248a, a1254g, g1257a, c1264a, c1275t, t1299c, t1302c, a1305g, c1317t, a1335g, g1341t, a1350g	Asian-SEA1a	Asian-SEA1a
Asian-SEA1a	Asian-SEA1a	a21g, c24t, t48c, t57c, c66t, g69t, g81a, g87a, c90t, t93g, t105c, g108a, a111g, g114a, t118a, a123c, t126c, a132g, t138c, t144c, t150c, a153g, a156c, c159t, t169c, a171g, a174t, t175g, c177t, g182a, c183t, c186t, a192g, c204t, a210g, g225a, g228c, g237a, a252t, t255c, g258t, a261g, c264t, c273t, g283t, a297g, a300g, c312t, a315c, g317a, g324t, g327c, t342c, a356g, t363c, c364t, a369g, c375t, a381g, c382t, g384a, t399a, c403t, t405g, g414a, c427t, t429g, g435a, g441a, c462g, g465a, g470a, t474c, t477c, t483c, t495c, a498g, c501t, g522a, a525t, t531c, t537c, a540g, a549g, a561g, a576g, t585c, t588c, t597c, a603g, c609t, t615c, g618a, c621t, a624g, t630c, a660t, t663c, a669t, c672t, c681t, t699c, t708c, a714g, g717a, g720a, a723g, t729a, a741g, a744g, c747a, c756t, t759a, a768g, g789a, g822a, a825g, a837t, c849t, t852c, a873g, c874t, a876g, t880c, g888a, a891g, t900c, a906g, t912a, g924a, a945t, a948g, c951t, c972t, a975c, g984a, t1005c, g1026a, t1032c, c1033t, a1044g, g1053a, a1071g, a1074g, c1080t, t1086c, a1092g, a1101g, a1104g, c1107t, c1120t, g1122a, a1125g, c1134t, t1136c, c1141t, a1146g, t1152c, t1158c, c1164t, c1170t, c1182t, a1188t, a1194g, a1200g, g1206t, a1209g, t1215c, a1230g, t1236c, g1248a, a1254g, g1257a, c1264a, c1275t, t1299c, t1302c, a1305g, c1317t, a1335g, g1341t, a1350g	Asian-SEA1a	Asian-SEA1a
Asian-SEA1b	Asian-SEA1b	a21g, t48c, t57a, g69t, g81a, c84t, t93a, c96t, t106c, a111g, g114a, t118a, a123c, a124t, t126c, a132g, t144c, t150c, a153g, a156c, c159t, t169c, a171g, a174t, t175g, c177t, g182a, c183t, c186t, a192g, c204t, a210g, g222a, g225a, g228c, g237a, t240c, g249a, t255c, g258t, a261g, c273t, c282a, g283t, a297g, t303c, a315t, g317a, t321c, g324t, g327t, t363c, c364t, a369g, c375t, a381g, a387g, t399a, c403t, t405g, g414a, c417t, c427t, t429a, g435a, c462g, g465a, g470a, t474c, t477c, t483c, a498g, c501t, a525t, a540g, a549g, a561g, a576g, t585c, t588c, t597c, a603g, t615c, g618a, c621t, t639c, g654a, a660c, a669t, c681t, a684t, t699c, c705t, t708c, g720a, t729a, a741g, a744g, c747a, c756t, t759a, g765a, c786t, t819c, g822a, a825g, a837t, c849t, t852c, c864t, a873g, a876g, t880c, g888a, a891g, t897c, t912a, a945t, a963g, a969g, c972t, a975t, a981g, g984a, t993c, t1005c, a1023t, g1026a, c1033t, a1044g, g1053a, a1062g, a1071g, t1086c, a1092g, a1101g, a1104g, c1107t, c1120t, a1125g, c1134t, g1135t, c1141t, t1152c, a1155g, c1164t, c1170t, c1173t, c1182t, a1188t, a1194g, a1200g, g1206t, a1209g, t1215c, a1230g, g1248a, g1257a, c1260t, c1264a, c1275t, t1299c, a1311g, c1314t, c1317t, a1328g, c1329t, g1332a, a1335g, g1341t	Asian-SEA1b	Asian-SEA1b
Cosmopolitan-AM3b	Cosmopolitan-AM3b	a21g, a75g, c96t, c99t, a102g, t126c, c127t, a132g, g135a, t138c, c141t, t144c, t150c, t175g, g182a, c204t, t219c, g225a, g228a, t240c, g249a, g283c, g317a, g324t, a336g, g354a, a390g, c403t, t405c, g408a, g414a, c417t, t429c, t433c, t438c, c462a, g465a, g470a, t474a, t477c, c501t, t519c, t558c, a561c, t594c, t597c, a603g, t630c, a660g, a684t, t708c, a714g, g720a, a723g, t729a, a741g, a744g, c747t, c756t, t759a, g765a, g789a, t819c, a825g, t885c, g888a, a891g, t897c, a906g, c921t, a945c, t954c, a963g, a975c, t987c, g994c, a996c, t1005c, a1011g, g1026t, t1032c, a1056g, g1059a, c1080t, a1083g, a1100g, c1107t, g1110a, g1113a, t1116c, a1119g, c1120t, a1125g, a1137g, a1146t, t1167c, c1170t, c1173t, a1188c, t1212a, t1218c, a1230g, t1236c, a1245g, c1260t, t1299c, a1306g, a1307g, t1323c	Cosmopolitan-AM3b	Cosmopolitan-AM3b
Asian-SEA2a	Asian-SEA2a	t48c, t49c, t57c, c66t, g81a, g87a, c90t, t93a, t105c, t106c, a111g, g114a, t118a, a123c, a132g, g135a, c141t, t144c, t150c, t168c, t169c, a171g, a174t, t175g, g182a, c183t, c186t, c189t, a192g, t201g, c204t, t207c, t213c, t219c, g222a, g225a, g228t, g237a, t240c, t243c, t255c, g258c, c269a, c270t, t276c, a279g, g283t, t303c, g306a, a315t, g317a, t318c, g324t, g327a, g330c, a369g, a372g, c375t, a381g, c382t, a387g, c402g, c403t, t411c, g414a, c417t, c423t, g441t, c462g, g465a, g470a, t474a, t477c, t483c, a498g, a525t, c528t, t534c, t537c, a540g, g546a, t555c, a561g, a576g, t582c, t588c, t597c, a603g, t615c, g618a, c621t, t630c, g654a, a660g, a669t, c672t, g678a, c681t, t708c, a714g, g717a, g720a, a723g, t729g, c735t, a741g, c747a, t759a, a762g, t819c, g831a, a837t, c849t, t852c, c874t, t880c, g882a, g888a, a891g, t894a, t897a, t900c, t912a, a945c, a975t, g984a, t993c, t1002c, t1005c, a1011g, a1023g, g1026a, t1032c, c1033t, a1044g, c1047t, a1056g, a1062g, a1104g, c1107t, g1113a, a1119g, c1120t, g1122a, a1125t, g1135t, t1149c, t1152c, t1158c, c1170t, c1173t, g1176a, c1182t, a1188c, a1200g, t1215c, a1230g, t1236c, g1248a, c1264a, t1272c, c1275t, a1278t, t1284c, c1287t, t1299c, c1314t, g1341t, a1350c	Asian-SEA2a	Asian-SEA2a
Asian-SEA1b	Asian-SEA1b	a21g, t48c, t57a, g69t, g81a, c84t, t93a, c96t, t106c, a111g, g114a, t118a, a123c, a124t, t126c, a132g, t144c, t150c, a153g, a156c, c159t, t169c, a171g, a174t, t175g, c177t, g182a, c183t, c186t, a192g, c204t, a210g, g222a, g225a, g228c, g237a, t240c, g249a, t255c, g258t, a261g, c273t, c282a, g283t, a297g, t303c, a315t, g317a, t321c, g324t, g327t, t363c, c364t, a369g, c375t, a381g, a387g, t399a, c403t, t405g, g414a, c417t, c427t, t429a, g435a, c462g, g465a, g470a, t474c, t477c, t483c, a498g, c501t, a525t, a540g, a549g, a561g, a576g, t585c, t588c, t597c, a603g, t615c, g618a, c621t, t639c, g654a, a660c, a669t, c681t, a684t, t699c, c705t, t708c, g720a, t729a, a741g, a744g, c747a, c756t, t759a, g765a, c786t, t819c, g822a, a825g, a837t, c849t, t852c, c864t, a873g, a876g, t880c, g888a, a891g, t897c, t912a, a945t, a963g, a969g, c972t, a975t, a981g, g984a, t993c, t1005c, a1023t, g1026a, c1033t, a1044g, g1053a, a1062g, a1071g, t1086c, a1092g, a1101g, a1104g, c1107t, c1120t, a1125g, c1134t, g1135t, c1141t, t1152c, a1155g, c1164t, c1170t, c1173t, c1182t, a1188t, a1194g, a1200g, g1206t, a1209g, t1215c, a1230g, g1248a, g1257a, c1260t, c1264a, c1275t, t1299c, a1311g, c1314t, c1317t, a1328g, c1329t, g1332a, a1335g, g1341t	Asian-SEA1b	Asian-SEA1b
Asian-SEA1b	Asian-SEA1b	a21g, t48c, t57a, g69t, g81a, c84t, t93a, c96t, t106c, a111g, g114a, t118a, a123c, a124t, t126c, a132g, t144c, t150c, a153g, a156c, c159t, t169c, a171g, a174t, t175g, c177t, g182a, c183t, c186t, a192g, c204t, a210g, g222a, g225a, g228c, g237a, t240c, g249a, t255c, g258t, a261g, c273t, c282a, g283t, a297g, t303c, a315t, g317a, t321c, g324t, g327t, t363c, c364t, a369g, c375t, a381g, a387g, t399a, c403t, t405g, g414a, c417t, c427t, t429a, g435a, c462g, g465a, g470a, t474c, t477c, t483c, a498g, c501t, a525t, a540g, a549g, a561g, a576g, t585c, t588c, t597c, a603g, t615c, g618a, c621t, t639c, g654a, a660c, a669t, c681t, a684t, t699c, c705t, t708c, g720a, t729a, a741g, a744g, c747a, c756t, t759a, g765a, c786t, t819c, g822a, a825g, a837t, c849t, t852c, c864t, a873g, a876g, t880c, g888a, a891g, t897c, t912a, a945t, a963g, a969g, c972t, a975t, a981g, g984a, t993c, t1005c, a1023t, g1026a, c1033t, a1044g, g1053a, a1062g, a1071g, t1086c, a1092g, a1101g, a1104g, c1107t, c1120t, a1125g, c1134t, g1135t, c1141t, t1152c, a1155g, c1164t, c1170t, c1173t, c1182t, a1188t, a1194g, a1200g, g1206t, a1209g, t1215c, a1230g, g1248a, g1257a, c1260t, c1264a, c1275t, t1299c, a1311g, c1314t, c1317t, a1328g, c1329t, g1332a, a1335g, g1341t	Asian-SEA1b	Asian-SEA1b
Asian-SEA2b	Asian-SEA2b	c24t, t48c, t49c, g54a, t57c, a64g, t65c, c66t, g81a, g87a, c90t, t93g, t105c, a111g, g114a, t118a, a123c, t126c, a132g, g135a, c141t, t150c, g162a, t168c, t169c, a171g, a174c, t175g, g182a, c183t, c186t, a192g, t201g, c204t, a210g, t219c, g222a, g225a, g228t, g237a, t240c, t255c, g258t, c269a, c270t, c273t, t276c, a279g, g283t, t303c, g306a, a315t, g317a, t318c, g324t, g327a, g330t, a348g, t363c, c364t, a369g, a372g, c375t, a381g, c382t, a390g, c402g, c403t, t411c, g414a, c417t, t418c, c423t, g441t, c462g, g465a, g470a, t474a, t477c, t483c, a489c, a498g, t519c, g522a, a525t, t534c, a540g, a541g, g546a, t555c, a561g, a576g, t582c, t588c, t594c, a603g, t615c, g618a, c621t, t630c, g654a, a660g, a669t, c672t, a675g, g678a, c681t, t687c, t708c, a714g, g717a, g720a, a723g, t729a, c735t, a741g, a744g, c747a, t759a, a762g, g789a, t819c, g822a, a837t, t852c, c874t, c879t, t880c, g882a, g888a, a891g, t894a, t897a, t912a, a945t, c951t, a969g, a975t, t978c, t993c, g994a, t1002c, t1005c, a1011g, a1023g, g1026a, t1032c, c1033t, g1041a, a1044g, c1047t, c1050t, a1056g, a1062g, t1098c, a1104g, g1113a, a1119g, c1120t, t1121c, g1122a, a1125c, g1135t, t1149c, t1158c, c1170t, c1173t, g1176a, c1182t, a1188c, a1200g, g1206a, t1215c, a1230g, g1248a, c1264a, t1272c, c1275t, a1278c, t1284c, c1287t, t1299c, c1314t, t1338c, g1341t	Asian-SEA2b	Asian-SEA2b
RAC-SK-RAC	RAC-SK-RAC	g7a, g15a, g42t, t49c, g51a, g54a, g60a, c66t, g69a, g87a, t93g, c96g, t105c, g108a, t118a, a123c, a124t, t126c, a129g, c141t, a147g, t150c, a153g, a156g, c159t, g166a, a171g, a174c, t175g, g182a, c183t, c186a, c189t, a192g, t195c, t198c, c204t, a210g, t213c, c216t, t219c, g225a, g228t, g237a, t240c, g246a, g249a, g258a, c270t, g283t, c292a, a294g, t303c, c309a, c312t, g316a, g317a, t318c, g324c, g327a, g330c, t342a, t357c, g366a, c375a, a381g, c382t, a387t, a390g, c393t, t399c, g400a, c402t, t405a, g408a, g414a, c417t, a420g, c423t, c439t, a445c, g447a, g465a, a468g, g470a, t474a, t477c, c480t, t483c, c492t, t495c, g496t, a498t, c501t, a502c, g504t, g510a, a525g, t531c, a540g, c543a, c552t, t555c, c559t, t582c, t588c, t594c, t597c, a603g, c609t, t615c, t616c, c627t, c645t, g654a, c658t, c681t, t699c, a702g, t708c, a714g, g720a, a723g, t729a, c735t, a738c, a741g, a744g, c747a, t750c, c753t, c756a, t759a, g761a, a762g, g765a, a774t, c792t, a800g, a825g, g828a, g834a, a837t, t840a, t843c, t852c, c864t, t870g, a873t, c874t, t880c, t897a, a903g, a908g, t912a, t930c, a945t, c966g, a969g, c972t, c973t, a975g, t993c, g994a, t1005a, a1011g, a1023c, c1029t, c1033t, a1038g, a1044g, c1050t, g1053c, a1056g, a1062t, a1068g, a1083g, a1092g, a1101g, a1104t, c1107t, g1110a, g1113a, t1116a, a1119g, c1120t, c1134g, a1137c, a1140t, t1149c, t1152c, t1158a, c1164t, g1176a, a1188t, a1200g, g1206a, a1209g, t1212g, t1215c, a1224g, a1230g, g1233c, a1239g, t1242c, g1248c, g1251a, g1257a, c1260t, c1264a, g1266a, a1269g, c1275a, t1302c, a1305t, c1308t, c1314t, c1317t, g1320a, g1341t, g1343a, t1344c, c1347t, t1348c	RAC-SK-RAC	RAC-SK-RAC
Asian-SEA3	Asian-SEA3	t48c, t57a, a75g, g87a, t93a, c96t, a102g, t105c, a111g, c117t, t118a, g119c, a132g, t144c, t145c, a147g, t168c, t169c, a171g, a174t, t175g, g182a, c186t, a192g, c204t, a210g, t219c, g225a, g228t, g237a, t240c, t243c, g249a, a250g, t255c, g258t, g283t, t303c, c312t, a315t, g317a, g324t, g327a, g354t, t363a, c375t, c382g, a387g, c393t, t399c, c402t, c403g, g414a, c417t, c423t, g435a, c462g, g470a, t477c, a525t, t537a, a540g, g546a, a561g, a576g, t582c, t597c, a603g, t615c, c621t, t630c, c658t, a660g, a669t, c672a, c681t, t687g, t708c, a714g, c715t, g720a, a723g, t726c, t729a, a741g, a744g, c747a, t759g, a768g, a771c, g804a, t819c, g822a, g828c, g831a, g834a, a837t, t840c, t843c, t852c, t870c, c874t, a876g, t880c, g888a, a891g, t897c, a906g, t912a, c921t, a945c, c951t, a963g, a969g, c972t, a975t, a981t, t993c, a996t, t1002c, t1005c, t1017a, a1023c, g1026a, c1033t, a1044g, c1047t, c1050t, g1053a, a1056g, a1072c, c1080t, a1083g, a1092g, a1101g, a1104g, c1107t, g1113a, a1119g, c1120t, c1124t, a1125g, t1152c, t1158c, c1164t, c1170t, c1179t, a1188c, a1194g, c1197g, t1203c, g1206t, t1215c, t1218c, a1230g, t1236c, g1257a, c1264a, c1275t, t1276g, a1278c, c1287t, t1290c, t1302c, a1305g, c1314t, g1341a, a1350g	Asian-SEA3	Asian-SEA3
Arctic-related-AL1a	Arctic-related-AL1a	c96t, a102g, t105c, a111g, c117t, t118a, a123t, t126c, a132g, g135a, t138c, a147g, t150c, t175g, c177t, a178t, g182a, c183t, c186t, a192g, t201a, c204t, t219c, g222a, g225a, g228t, a231g, t240c, g246a, g258t, t276c, a279g, g283t, t288c, a291g, c292a, g317a, g324t, a336g, c364t, a369g, c375a, g384a, a387g, a390g, c402t, t405c, c417t, t444c, t448c, c462t, g470a, t474c, c492t, c501t, t516c, g535a, a561g, t585c, t615c, t616c, c621a, a624g, t630c, t657c, a660g, a669g, g678a, a684g, t687a, a702g, t708c, a711g, a714g, t726c, a741g, a744g, c747a, c756t, t759a, a762g, g765a, g789a, t795c, a825g, g831a, t852c, c861t, a873t, a876g, a891g, t894c, t912a, c921t, a945t, t954c, t960g, c966a, a969g, a975g, t987c, t993g, c995g, a1011g, c1021t, t1032c, c1033t, g1035a, a1038g, a1044g, c1047t, g1059a, a1062g, t1065c, a1071g, g1089a, c1107t, g1111a, t1116a, c1120t, a1140g, c1164t, t1167g, c1170t, a1188c, t1203c, g1206c, a1219g, a1230g, t1236c, t1242c, g1248a, c1275t, t1284c, t1293c, a1305g, c1314t, c1329t, g1341t, a1352g	Arctic-related-AL1a	Arctic-related-AL1a
Arctic-related-AL1a	Arctic-related-AL1a	c96t, a102g, t105c, a111g, c117t, t118a, a123t, t126c, a132g, g135a, t138c, a147g, t150c, t175g, c177t, a178t, g182a, c183t, c186t, a192g, t201a, c204t, t219c, g222a, g225a, g228t, a231g, t240c, g246a, g258t, t276c, a279g, g283t, t288c, a291g, c292a, g317a, g324t, a336g, c364t, a369g, c375a, g384a, a387g, a390g, c402t, t405c, c417t, t444c, t448c, c462t, g470a, t474c, c492t, c501t, t516c, g535a, a561g, t585c, t615c, t616c, c621a, a624g, t630c, t657c, a660g, a669g, g678a, a684g, t687a, a702g, t708c, a711g, a714g, t726c, a741g, a744g, c747a, c756t, t759a, a762g, g765a, g789a, t795c, a825g, g831a, t852c, c861t, a873t, a876g, a891g, t894c, t912a, c921t, a945t, t954c, t960g, c966a, a969g, a975g, t987c, t993g, c995g, a1011g, c1021t, t1032c, c1033t, g1035a, a1038g, a1044g, c1047t, g1059a, a1062g, t1065c, a1071g, g1089a, c1107t, g1111a, t1116a, c1120t, a1140g, c1164t, t1167g, c1170t, a1188c, t1203c, g1206c, a1219g, a1230g, t1236c, t1242c, g1248a, c1275t, t1284c, t1293c, a1305g, c1314t, c1329t, g1341t, a1352g	Arctic-related-AL1a	Arctic-related-AL1a
Bat-PS	Bat-PS	c24t, t33g, t48c, g54a, g60a, t63c, t72c, t93g, c96a, t105c, t107c, a110g, a111g, t118a, a123c, t126c, c127t, g135a, t138c, c141t, t144c, a147g, t150c, g162a, g166a, a171g, a174t, t175g, g182a, c183t, c186a, a192g, t195c, t198c, c204t, t213c, c216t, t220c, g222a, g225a, g228t, t240c, g249a, a250g, g258c, a261t, a268g, c269t, t276c, g283a, t288a, a291g, a294g, a296g, a297g, t303c, c312t, g316a, g317a, g324t, g330t, a335g, g343a, a348g, g354c, g366c, a372g, c375t, a381g, c382t, a390g, c393t, c402t, t405a, g414a, a420g, c423t, c439t, c462a, g465a, a468g, g470a, t477c, c480t, t483c, c501t, g504a, g513a, t519c, t537g, a540g, c543t, a549g, c552t, c559t, a561g, t570c, t582c, t588c, t597c, t615c, t616c, g618a, c621t, c645t, g654a, c672t, a675g, g678a, t687a, a702g, a714g, c715t, a723g, t729a, c735t, a741g, c747a, c756t, t759a, g765a, a768g, a769c, a771g, t777c, g789a, t795c, g798a, g804a, a813g, a825g, a837t, t840a, g841a, c864t, c867t, t870c, a873g, c874t, a876g, t880c, t885c, t897a, t900c, t912a, g924t, t930c, a945t, c951t, t954c, c966g, c972t, c973t, a975g, g984t, t993c, g994a, t1002c, t1005a, a1011g, t1020c, a1023t, g1026a, c1029t, c1033t, a1038g, a1044g, c1047t, c1050t, g1053a, a1062t, a1068g, a1083g, t1086c, a1092g, c1107t, g1113t, a1125c, c1134a, a1137g, a1140t, c1141t, t1152c, t1158c, c1170t, c1173t, a1188t, g1189a, a1194g, a1200g, g1206t, a1209g, t1212a, t1218c, t1221c, a1230g, c1243a, c1246t, g1251a, g1257a, c1264a, a1269g, t1284c, a1296g, a1305c, c1308t, c1317t, c1324t, a1326g, t1338c, g1341a, c1347t, a1350t	Bat-PS	Bat-PS
Cosmopolitan-Vac	Cosmopolitan-Vac	t126c, a171g, t175g, g196a, g225a, c282t, g470a, g720a, c1185t, a1209g, a1230g, g1248a, g1257t, t1299c	Cosmopolitan-Vac	Cosmopolitan-Vac
