id	MutationsN	region	host	year	cluster
irkn013645	A21C, G42T, T63C, C66A, C96T, T126C, A132G, G135A, T138C, T144C, T150C, G166A, T175G, G182A, C183T, C186T, A192G, T195A, C204T, T219C, G225A, G228A, T240C, A252G, G283T, A294G, G301A, T303C, A315G, G317A, T318C, G330A, A336G, A348G, G354A, C382T, A387T, A390G, C403T, G408A, C417T, A420G, C462A, G465A, G470A, G486A, T495C, C501T, T519C, A525C, A549G, T555C, A567G, A603G, C606T, A624G, T630C, A684G, C690T, A714T, G720A, T729A, A741G, A744G, C747T, T759A, G765A, T777C, T852C, T885C, A891G, C921T, G924A, A945T, G984A, T993C, A1011G, G1041A, A1044G, G1059A, T1065C, A1068G, G1113A, A1137G, A1140T, C1141T, A1162C, C1173T, C1185T, A1188C, T1191A, G1206A, T1212C, A1230G, G1248A, C1260T, C1287A, C1314T, A1335G, G1343A, T1344C, A1350T	Красноярский край	Bos taurus	2024	N3
irkn013646	A21C, G42T, T63C, C66A, C96T, T126C, A132G, G135A, T138C, T144C, T150C, G166A, T175G, G182A, C183T, C186T, A192G, T195A, C204T, T219C, G225A, G228A, T240C, A252G, G283T, A294G, G301A, T303C, A315G, G317A, T318C, G330A, A336G, A348G, G354A, C382T, A387T, A390G, C403T, G408A, C417T, A420G, C462A, G465A, G470A, G486A, T495C, C501T, T519C, A525C, A549G, T555C, A567G, A603G, C606T, T630C, A684G, C690T, A714T, G720A, T729A, A741G, A744G, C747T, T759A, G765A, T777C, T852C, T885C, A891G, C921T, G924A, A945T, G984A, T993C, A1011G, G1041A, A1044G, G1059A, T1065C, A1068G, G1113A, A1137G, A1140T, C1141T, A1162C, C1173T, C1185T, A1188C, T1191A, G1206A, T1212C, A1230G, G1248A, C1260T, C1287A, C1314T, A1335G, G1343A, T1344C, A1350T	Красноярский край	Equus caballus	2024	N3
irkn013647	A21C, C66A, C96T, T126C, A132G, G135A, T138C, C141T, T144C, T150C, G166A, T175G, G182A, C183T, C186T, T195A, C204T, T219C, G225A, G228A, T240C, A252G, G283T, G301A, T303C, A315G, G317A, G330A, A336G, A348G, G354A, C382T, A387T, C403T, G408A, C417T, A420G, C462A, G465A, G470A, G486A, T495C, C501T, T519C, A525C, T537C, A549G, A567G, A603G, C606T, A624G, T630C, A660G, A684G, C690T, A714T, G720A, A723G, A741G, A744G, T759A, G765A, T777C, A813G, T852C, T885C, A891G, C921T, A945T, G984A, T993C, A1011G, G1041A, G1059A, T1065C, A1068G, G1113A, C1134T, A1137G, A1140T, A1162C, C1173T, C1185T, A1188C, G1206A, T1212C, A1230G, G1248A, G1257A, C1260T, C1287A, A1311G, C1314T, A1335G, G1343A, T1344C, A1350T	Красноярский край	Vulpes vulpes	2024	N2
irkn013648	A21C, C66A, C84T, C96T, T126C, A132G, G135A, T138C, T144C, G166A, A171G, T175G, G182A, C183T, C186T, T195A, C204T, T219C, G225A, G228A, T240C, A252G, G283T, A297G, G301A, T303C, A315G, G317A, G330A, A336G, A348G, G354A, C382T, A387T, C403T, G408A, C417T, A420G, C462A, G465A, G470A, G486A, T495C, C501T, T519C, A525C, A549G, A567G, A603G, A604C, C606T, A624G, T630C, A660G, A684G, C690T, A714T, G720A, A723G, A741G, A744G, T759A, G765A, T777C, A813G, T852C, T885C, A891G, C921T, A945T, A975G, G984A, T993C, A1011G, G1041A, G1059A, T1065C, A1068G, G1113A, A1137G, A1140T, A1162C, C1173T, C1185T, A1188C, G1206A, T1212C, A1230G, G1248A, A1254G, G1257A, C1260T, C1287A, A1311G, C1314T, A1335G, G1343A, T1344C, A1350T	Красноярский край	Capreolus capreolus	2024	N2
irkn013649	C30T, T57C, C96T, C99T, A102G, T105C, A111G, T118A, A123C, T126C, A132G, G135A, T138C, A147G, T150C, A153G, T175G, A178T, G182A, C183T, C186T, A192G, C204T, T207C, C216T, G222A, G225A, G228T, T240C, T243C, A252G, G258C, A279G, G283C, A291G, G317A, A336G, A344G, C364T, A369G, C375G, A387T, A390G, C402T, T405A, C417T, G441A, G447A, T448C, G450A, C462T, G470A, T477C, C501T, T519C, T531C, G535A, A540G, G546A, A549G, C552T, A561G, A576G, T585C, T588C, T615C, T616C, C621A, A624G, T630C, A660G, C672T, G678A, A684G, T687A, T708C, A711G, A714G, G720A, T729C, A744G, C747A, C756T, T759A, A762G, G765A, C783T, G789A, T795C, G828A, G831A, T852C, C861T, C867T, A876G, A891G, T894C, T912A, C921T, T936C, A945C, C951T, T960A, C966G, C972T, A975G, T987C, A1011G, C1021T, A1023G, G1026A, C1033T, A1038G, A1044G, C1047T, A1056G, G1059A, A1062G, A1071G, C1107T, G1111A, G1113A, C1120T, G1135A, T1136C, A1137G, C1164T, T1167G, A1188C, T1191G, T1203C, G1206T, A1209G, A1219G, T1221C, A1230G, A1239G, C1243A, G1248A, T1284C, C1287A, T1293C, C1314T, C1317T, C1329T, A1335G, G1341T, A1350G	Красноярский край	Canis lupus tundrarum	2024	N8
irkn013650	A21C, C66A, C96T, T126C, A132G, G135A, T138C, T144C, T150C, G166A, T175G, G182A, C183T, C186T, T195A, C204T, T219C, G225A, G228A, T240C, A252G, G283T, G301A, T303C, A315G, G317A, G330A, A336G, A348G, G354A, C382T, A387T, C403T, G408A, C417T, A420G, C462A, G465A, G470A, G486A, T495C, C501T, T519C, A525C, A549G, T558C, A567G, A603G, C606T, A624G, T630C, A660G, A684G, C690T, A714T, G720A, A723G, A741G, A744G, T759A, G765A, T777C, A813G, T852C, T885C, A891G, A906G, T915C, C921T, A945T, G984A, T987C, T993C, A1011G, G1041A, G1059A, T1065C, A1068G, G1113A, A1137G, A1140T, A1162C, C1173T, C1185T, A1188C, G1206A, T1212C, A1230G, G1248A, A1254G, G1257A, C1260T, C1287A, A1311G, C1314T, A1335G, G1343A, T1344C, A1350T	Красноярский край	Vulpes vulpes	2024	N2
irkn013651	A21C, C66A, C84T, C96T, T126C, A132G, G135A, T138C, T144C, G166A, A171G, T175G, G182A, C183T, C186T, T195A, C204T, T219C, G225A, G228A, T240C, A252G, G283T, G301A, T303C, A315G, G317A, G330A, A336G, A348G, G354A, C382T, A387T, C403T, G408A, C417T, A420G, C462A, G465A, G470A, G486A, T495C, C501T, T519C, A525C, A549G, A567G, A603G, C606T, A624G, T630C, A660G, A684G, C690T, A714T, G720A, A723G, A741G, A744G, T759A, G765A, T777C, A813G, T852C, T885C, A891G, C921T, A945T, A975G, G984A, T993C, A1011G, G1041A, G1059A, T1065C, A1068G, G1113A, A1137G, A1140T, A1162C, C1173T, C1185T, A1188C, G1206A, T1212C, A1230G, G1248A, A1254G, G1257A, C1260T, C1287A, A1311G, C1314T, A1335G, G1343A, T1344C, A1350T	Красноярский край	Vulpes vulpes	2024	N2
irkn013652	A21C, C66A, C96T, T126C, A132G, G135A, T138C, T144C, T150C, G166A, T175G, G182A, C183T, C186T, T195A, C204T, T219C, G225A, G228A, T240C, A252G, G283T, G301A, T303C, A315G, G317A, G330A, A336G, A348G, G354A, C382T, A387T, C403T, G408A, C417T, A420G, C462A, G465A, G470A, G486A, T495C, C501T, T519C, A525C, A549G, A567G, A603G, C606T, A624G, T630C, A660G, A684G, C690T, A714T, G720A, A723G, A741G, A744G, T759A, G765A, T777C, A813G, T852C, T885C, A891G, T900C, C921T, A945T, G984A, T993C, A1011G, G1041A, G1059A, T1065C, A1068G, G1113A, A1137G, A1140T, A1162C, C1173T, C1185T, A1188C, G1206A, T1212C, A1230G, G1248A, A1254G, G1257A, C1260T, C1287A, A1311G, C1314T, A1335G, T1338C, G1343A, A1350T	Красноярский край	Bos taurus	2024	N2
irkn013653	A21C, C66A, C96T, T126C, A132G, G135A, T138C, T144C, T150C, G166A, T175G, G182A, C183T, C186T, T195A, C204T, T219C, G225A, G228A, T240C, A252G, G283T, G301A, T303C, A315G, G317A, G330A, A336G, A348G, G354A, C382T, A387T, C403T, G408A, C417T, A420G, C462A, G465A, G470A, G486A, T495C, C501T, T519C, A525C, A549G, A567G, A603G, C606T, A624G, T630C, A660G, A684G, C690T, A714T, G720A, A723G, A741G, A744G, T759A, G765A, T777C, A813G, T852C, T885C, A891G, T900C, C921T, A945T, G984A, T993C, A1011G, G1041A, G1059A, T1065C, A1068G, G1113A, A1137G, A1140T, A1162C, C1173T, C1185T, A1188C, G1206A, T1212C, A1230G, G1248A, A1254G, G1257A, C1260T, C1287A, A1311G, C1314T, A1331G, G1332A, A1335G, T1338C, G1343A, A1350T	Красноярский край	Vulpes vulpes	2024	N2
irkn013654	A21C, C66A, C96T, T126C, A132G, G135A, T138C, C141T, T144C, T150C, G166A, T175G, G182A, C183T, C186T, T195A, C204T, T219C, G225A, G228A, T240C, A252G, G283T, G301A, T303C, A315G, G317A, G330A, A336G, A348G, G354A, C382T, A387T, C403T, G408A, C417T, A420G, C462A, G465A, G470A, G486A, T495C, C501T, T519C, A525C, T537C, A549G, A567G, A603G, C606T, A624G, T630C, A660G, A684G, C690T, A714T, G720A, A723G, A741G, A744G, T759A, G765A, T777C, A813G, T852C, T885C, A891G, C921T, A945T, G984A, T993C, A1011G, G1041A, G1059A, T1065C, A1068G, G1113A, C1134T, A1137G, A1140T, A1162C, C1173T, C1185T, A1188C, G1206A, T1212C, A1230G, G1248A, G1257A, C1260T, C1287A, A1311G, C1314T, A1335G, G1343A, T1344C, A1350T	Красноярский край	Vulpes vulpes	2024	N2
irkn013655	A21C, G42T, T63C, C66A, C96T, T126C, A132G, G135A, T138C, T144C, T150C, G166A, T175G, G182A, C183T, C186T, A192G, T195A, C204T, T219C, G225A, G228A, T240C, A252G, G283T, A294G, G301A, T303C, A315G, G317A, T318C, G330A, A336G, A348G, G354A, C382T, A387T, A390G, C403T, G408A, C417T, A420G, C462A, G465A, G470A, G486A, T495C, C501T, T519C, A525C, T534C, A549G, T555C, A567G, A603G, C606T, T630C, A684G, C690T, A714T, G720A, T729A, A741G, A744G, C747T, T759A, G765A, T777C, T852C, T885C, A891G, C921T, G924A, A945T, G984A, T993C, A1011G, G1035T, G1041A, A1044G, G1059A, T1065C, A1068G, G1113A, A1137G, A1140T, C1141T, A1162C, C1173T, C1185T, A1188C, T1191A, G1206A, T1212C, A1230G, G1248A, C1260T, C1287A, C1314T, A1335G, G1343A, T1344C, A1350T	Красноярский край	Ovis aries	2024	N3
irkn013656	A21C, C66A, C84T, C96T, T126C, A132G, G135A, T138C, T144C, G166A, A171G, T175G, G182A, C183T, C186T, T195A, C204T, T219C, G225A, G228A, T240C, A252G, G283T, G301A, T303C, A315G, G317A, G330A, A336G, A348G, G354A, C382T, A387T, C403T, G408A, C417T, A420G, C462A, G465A, G470A, G486A, T495C, C501T, T519C, A525C, A549G, A567G, A603G, C606T, A624G, T630C, A660G, A684G, C690T, A714T, G720A, A723G, A741G, A744G, T759A, G765A, T777C, A813G, T852C, T885C, A891G, C921T, A945T, A975G, G984A, T993C, A1011G, G1041A, G1059A, T1065C, A1068G, G1113A, A1137G, A1140T, A1162C, C1173T, C1185T, A1188C, G1206A, T1212C, A1230G, G1248A, A1254G, G1257A, C1260T, C1287A, A1311G, C1314T, A1335G, G1343A, T1344C, A1350T	Красноярский край	Canis lupus familiaris	2024	N2
irkn013657	A21C, T49C, C66A, C84T, C96T, T126C, A132G, G135A, T138C, T144C, T150C, A156G, G166A, T175G, G182A, C183T, C186T, T195A, C204T, T219C, G225A, G228A, T240C, A252G, G283C, G301A, T303C, A315G, G317A, G330A, A336G, A348G, G354A, T357C, C382T, A387T, A390G, C403T, G408A, C417T, A420G, T433C, C462A, G465A, G470A, G486A, T495C, C501T, T519C, A525C, A549G, A587C, T597C, A603G, C606T, A624G, T630C, C645T, A660G, A684G, C690T, A714T, G720A, A723G, A741G, A744G, T759A, G765A, T777C, T852C, C861T, T885C, A891G, T918C, C921T, T930C, C939T, A945T, G984A, T993C, T999C, T1002C, A1011G, C1033T, G1041A, G1059A, T1065C, A1068G, G1113A, G1122C, A1137G, C1141T, A1162C, C1173T, C1182T, A1188C, G1206A, A1230G, G1248A, C1264A, C1275A, C1287A, A1296G, C1314T, C1317T, A1335G, G1343A, T1344C, C1347T, A1350T	Красноярский край	Vulpes vulpes	2024	N4
irkn013658	A21C, G42T, T63C, C66A, C96T, T126C, A132G, G135A, T138C, T144C, T150C, G166A, T175G, G182A, C183T, C186T, A192G, T195A, C204T, T219C, G225A, G228A, T240C, A252G, G283T, A294G, G301A, T303C, A315G, G317A, T318C, G330A, A336G, A348G, G354A, C382T, A387T, A390G, C403T, G408A, C417T, A420G, C462A, G465A, G470A, G486A, T495C, C501T, T519C, A525C, A549G, T555C, A567G, A603G, C606T, A624G, T630C, A684G, C690T, A714T, G720A, T729A, A741G, A744G, C747T, T759A, G765A, T777C, T852C, T885C, A891G, C921T, G924A, A945T, G984A, T993C, A1011G, G1041A, A1044G, G1059A, T1065C, A1068G, G1113A, A1137G, A1140T, C1141T, A1162C, C1173T, C1185T, A1188C, T1191A, G1206A, T1212C, A1230G, G1248A, C1260T, C1287A, C1314T, A1335G, G1343A, T1344C, A1350T	Красноярский край	Canis lupus familiaris	2024	N3
irkn013659	A21C, G42T, T63C, C66A, C96T, T126C, A132G, G135A, T138C, T144C, T150C, G166A, T175G, G182A, C183T, C186T, A192G, T195A, C204T, T219C, G225A, G228A, T240C, A252G, G283T, A294G, G301A, T303C, A315G, G317A, T318C, G330A, A336G, A348G, G354A, C382T, A387T, A390G, C403T, G408A, C417T, A420G, C462A, G465A, G470A, G486A, T495C, C501T, T519C, A525C, A549G, T555C, A567G, A603G, C606T, A624G, T630C, A684G, C690T, A714T, G720A, T729A, A741G, A744G, C747T, T759A, G765A, T777C, T852C, T885C, A891G, C921T, G924A, A945T, G984A, T993C, A1011G, G1041A, A1044G, G1059A, T1065C, A1068G, G1113A, A1137G, A1140T, C1141T, A1162C, C1173T, C1185T, A1188C, T1191A, G1206A, T1212C, A1230G, G1248A, C1260T, C1287A, C1314T, A1335G, G1343A, T1344C, A1350T	Красноярский край	Bos taurus	2024	N3
irkn013682	A21C, T63C, C66A, G81A, C96T, T126C, A129G, A132G, G135A, T138C, T144C, T150C, G166A, T175G, G182A, C183T, C186T, A192G, T195A, C204T, T219C, G225A, G228A, T240C, A252G, G283T, G301A, T303C, A315G, G317A, A336G, G354A, C382T, A387C, A390G, C403T, G408A, C417T, A420G, C423A, C462A, G465A, G470A, G486A, T495C, C501T, T519C, A525C, T555C, A567G, A603G, C606T, A624G, T630C, A684G, C690T, A714T, G717A, G720A, T729A, A741G, A744G, T759A, G765A, C772T, T777C, T852C, T885C, A891G, C921T, A945T, G984A, T993C, A1011G, G1041A, G1059A, T1065C, A1068G, A1137G, A1140T, C1141T, A1162C, C1173T, C1185T, A1188C, T1191A, G1206A, T1212C, A1230G, G1248A, C1260T, C1287A, C1314T, A1335G, G1343A, T1344C, A1350T	Республика Бурятия	Vulpes vulpes	2017	N3
irkn013688	A21C, T63C, C66A, G81A, C96T, T126C, A129G, A132G, G135A, T138C, T144C, A147G, T150C, A165G, G166A, T175G, G182A, C183T, C186T, A192G, T195A, C204T, T219C, G225A, G228A, T240C, A252G, G283T, G301A, T303C, A315G, G317A, A336G, G354A, C382T, A387T, A390G, C403T, G408A, C417T, A420G, C423A, C462A, G465A, G470A, G486A, T495C, C501T, T519C, A525C, T555C, A567G, A603G, C606T, A624G, T630C, A684G, C690T, A714T, G717A, G720A, T729A, A741G, A744G, T759A, G765A, C772T, T777C, T852C, T885C, A891G, C921T, A945T, G984A, T993C, A1011G, G1041A, A1044G, G1059A, T1065C, A1068G, G1113A, A1137G, A1140T, C1141T, A1162C, C1173T, C1185T, A1188C, T1191A, G1206A, T1212C, A1230G, G1248A, C1260T, G1273A, C1287A, C1314T, A1335G, G1343A, T1344C, A1350T	Республика Бурятия	Vulpes vulpes	2017	N3
irkn013689	A21C, T63C, C66A, G81A, C96T, T126C, A129G, A132G, G135A, T138C, T144C, T150C, G166A, T175G, G182A, C183T, C186T, A192G, T195A, C204T, T219C, G225A, G228A, T240C, A252G, G283T, G301A, T303C, A315G, G317A, A336G, G354A, C382T, A387C, A390G, C403T, G408A, C417T, A420G, C423A, C462A, G465A, G470A, G486A, T495C, C501T, T519C, A525C, T555C, A567G, A603G, C606T, A624G, T630C, A684G, C690T, A714T, G717A, G720A, T729A, A741G, A744G, T759A, G765A, C772T, T777C, T852C, T885C, A891G, C921T, A945T, G984A, T993C, A1011G, G1041A, G1059A, T1065C, A1068G, A1137G, A1140T, C1141T, A1162C, C1173T, C1185T, A1188C, T1191A, G1206A, T1212C, A1230G, G1248A, C1260T, C1287A, C1314T, A1335G, G1343A, T1344C, A1350T	Республика Бурятия	Vulpes vulpes	2017	N3
irkn013690	A21C, T63C, C66A, G81A, C96T, T126C, A129G, A132G, G135A, T138C, T144C, T150C, G166A, T175G, G182A, C183T, C186T, A192G, T195A, C204T, T219C, G225A, G228A, T240C, A252G, G283T, G301A, T303C, A315G, G317A, A336G, G354A, C382T, A387C, A390G, C403T, G408A, C417T, A420G, C423A, C462A, G465A, G470A, G486A, T495C, C501T, T519C, A525C, T555C, A567G, A603G, C606T, A624G, T630C, A684G, C690T, A714T, G717A, G720A, T729A, A741G, A744G, T759A, G765A, C772T, T777C, T852C, T885C, A891G, C921T, A945T, G984A, T993C, A1011G, G1041A, G1059A, T1065C, A1068G, A1137G, A1140T, C1141T, A1162C, C1173T, C1185T, A1188C, T1191A, G1206A, T1212C, A1230G, G1248A, C1260T, C1287A, C1314T, A1335G, G1343A, T1344C, A1350T	Республика Бурятия	Bos taurus	2017	N3
irkn013692	A21C, T63C, C66A, G81A, C96T, T126C, A129G, A132G, G135A, T138C, T144C, A147G, T150C, A165G, G166A, T175G, G182A, C183T, C186T, A192G, T195A, C204T, T219C, G225A, G228A, T240C, A252G, G283T, G301A, T303C, A315G, G317A, A336G, G354A, C382T, A387T, A390G, C403T, G408A, C417T, A420G, C423A, C462A, G465A, G470A, G486A, T495C, C501T, T519C, A525C, T555C, A567G, A603G, C606T, A624G, T630C, A684G, C690T, A714T, G717A, G720A, T729A, A741G, A744G, T759A, G765A, C772T, T777C, T852C, T885C, A891G, C921T, A945T, G984A, T993C, A1011G, G1041A, A1044G, G1059A, T1065C, A1068G, G1113A, A1137G, A1140T, C1141T, A1162C, C1173T, C1185T, A1188C, T1191A, G1206A, T1212C, A1230G, G1248A, C1260T, C1287A, C1314T, A1335G, G1343A, T1344C, A1350T	Республика Бурятия	Bos taurus	2017	N3
irkn013693	A21C, C66A, C96T, T126C, A132G, G135A, T138C, T144C, T150C, G166A, T175G, G182A, C183T, C186T, T195A, C204T, T219C, G225A, G228A, T240C, A252G, G283T, G301A, T303C, A315G, G317A, G330A, A336G, A348G, G354A, C382T, A387T, C403T, G408A, C417T, A420G, C462A, G465A, G470A, G486A, T495C, C501T, T519C, A525C, A549G, A567G, A603G, C606T, A624G, T630C, A660G, A684G, C690T, A714T, G720A, A723G, A741G, A744G, T759A, G765A, T777C, A813G, T852C, T885C, A891G, C921T, A945T, G984A, T993C, A1011G, G1041A, G1059A, T1065C, A1068G, G1113A, A1137G, A1140T, A1162C, C1173T, C1185T, A1188C, G1206A, T1212C, A1230G, G1248A, A1254G, G1257A, C1260T, C1287A, A1311G, C1314T, A1335G, G1343A, T1344C, A1350T	Красноярский край	Vulpes vulpes	2018	N2
irkn013695	A21C, C66A, C96T, T126C, A132G, G135A, T138C, T144C, T150C, G166A, T175G, G182A, C183T, C186T, T195A, C204T, T219C, G225A, G228A, T240C, A252G, G283T, G301A, T303C, A315G, G317A, G330A, A336G, A348G, G354A, C382T, A387T, C403T, G408A, C417T, A420G, C462A, G465A, G470A, G486A, T495C, C501T, T519C, A525C, A549G, A567G, A603G, C606T, A624G, T630C, A660G, A684G, C690T, A714T, G720A, A723G, A741G, A744G, T759A, G765A, T777C, A813G, T852C, T885C, A891G, C921T, A945T, G984A, T993C, A1011G, G1041A, G1059A, T1065C, A1068G, G1113A, A1137G, A1140T, A1162C, C1173T, C1185T, A1188C, G1206A, T1212C, A1230G, G1248A, A1254G, G1257A, C1260T, C1287A, A1311G, C1314T, A1335G, G1343A, T1344C, A1350T	Красноярский край	Bos taurus	2018	N2
irkn013696	A21C, C66A, C96T, T126C, A132G, G135A, T138C, T144C, T150C, G166A, T175G, G182A, C183T, C186T, T195A, C204T, T219C, G225A, G228A, T240C, A252G, G283T, G301A, T303C, A315G, G317A, G330A, A336G, A348G, G354A, C382T, A387T, C403T, G408A, C417T, A420G, C462A, G465A, G470A, G486A, T495C, C501T, T519C, A525C, A549G, A567G, A603G, C606T, A624G, T630C, A660G, A684G, C690T, A714T, G720A, A723G, A741G, A744G, T759A, G765A, T777C, A813G, T852C, T885C, A891G, C921T, A945T, G984A, T993C, A1011G, G1041A, G1059A, T1065C, A1068G, G1113A, A1137G, A1140T, A1162C, C1173T, C1185T, A1188C, G1206A, T1212C, A1230G, G1248A, A1254G, G1257A, C1260T, C1287A, A1311G, C1314T, A1335G, G1343A, T1344C, A1350T	Красноярский край	Vulpes vulpes	2019	N2
irkn013697	A21C, C66A, C96T, T126C, A132G, G135A, T138C, T144C, T150C, G166A, T175G, G182A, C183T, C186T, T195A, C204T, T219C, G225A, G228A, T240C, A252G, G283T, G301A, T303C, A315G, G317A, G330A, A336G, A348G, G354A, C382T, A387T, C403T, G408A, C417T, A420G, C462A, G465A, G470A, G486A, T495C, C501T, T519C, A525C, A549G, A567G, A603G, C606T, A624G, T630C, A660G, A684G, C690T, A714T, G720A, A723G, A741G, A744G, T759A, G765A, T777C, A813G, T852C, T885C, A891G, C921T, A945T, G984A, T993C, A1011G, G1041A, G1059A, T1065C, A1068G, G1113A, A1137G, A1140T, A1162C, C1173T, C1185T, A1188C, G1206A, T1212C, A1230G, G1248A, A1254G, G1257A, C1260T, C1287A, A1311G, C1314T, A1335G, G1343A, T1344C, A1350T	Красноярский край	Vulpes vulpes	2021	N2
irkn013699	A21C, T49C, C66A, C84T, C96T, T126C, A132G, G135A, T138C, T144C, T150C, A156G, G166A, T175G, G182A, C183T, C186T, T195A, C204T, T219C, G225A, G228A, T240C, A252G, G283T, G301A, T303C, A315G, G317A, G330A, A336G, A348G, G354A, C382T, A387T, A390G, C403T, G408A, C417T, A420G, C462A, G465A, G470A, G486A, T495C, C501T, T519C, A525C, A549G, A603G, C606T, A624G, T630C, A660G, A684G, C690T, A714T, G720A, A723G, A741G, A744G, T759A, G765A, T777C, A813G, T852C, C861T, T885C, A891G, T918C, C921T, T930C, C939T, A945T, G984A, T993C, T999C, A1011G, C1033T, G1041A, G1059A, T1065C, A1068G, G1113A, G1122C, A1137G, C1141T, A1162C, C1173T, C1182T, A1188C, G1206A, A1230G, G1248A, C1287A, A1296G, C1314T, C1317T, A1335G, G1343A, T1344C, C1347T, A1350T	Красноярский край	Vulpes vulpes	2021	N4
irkn013701	A21C, C66A, C96T, T126C, A132G, G135A, T138C, T144C, T150C, G166A, T175G, G182A, C183T, C186T, T195A, C204T, T219C, G225A, G228A, T240C, A252G, G283T, G301A, T303C, A315G, G317A, G330A, A336G, A348G, G354A, C382T, A387T, C403T, G408A, C417T, A420G, C462A, G465A, G470A, G486A, T495C, C501T, T519C, A525C, A549G, A567G, A603G, C606T, A624G, T630C, A660G, A684G, C690T, A714T, G720A, A723G, A741G, A744G, T759A, G765A, T777C, A813G, T852C, T885C, A891G, C921T, A945T, G984A, T993C, A1011G, G1041A, G1059A, T1065C, A1068G, G1113A, A1137G, A1140T, A1162C, C1173T, C1185T, A1188C, G1206A, T1212C, A1230G, G1248A, A1254G, G1257A, C1260T, C1287A, A1311G, C1314T, A1335G, G1343A, T1344C, A1350T	Красноярский край	Vulpes vulpes	2021	N2
irkn013702	A21C, T49C, C66A, C84T, C96T, T126C, A132G, G135A, T138C, T144C, T150C, A156G, G166A, T175G, G182A, C183T, C186T, T195A, C204T, T219C, G225A, G228A, T240C, A252G, G283T, G301A, T303C, A315G, G317A, G330A, A336G, A348G, G354A, C382T, A387T, A390G, C403T, G408A, C417T, A420G, C462A, G465A, G470A, G486A, T495C, C501T, T519C, A525C, A549G, A603G, C606T, A624G, T630C, A660G, A684G, C690T, A714T, G720A, A723G, A741G, A744G, T759A, G765A, T777C, A813G, T852C, C861T, T885C, A891G, T918C, C921T, T930C, C939T, A945T, G984A, T993C, T999C, A1011G, C1033T, G1041A, G1059A, T1065C, A1068G, G1113A, G1122C, A1137G, C1141T, A1162C, C1173T, C1182T, A1188C, G1206A, A1230G, G1248A, C1287A, A1296G, C1314T, C1317T, A1335G, G1343A, T1344C, C1347T, A1350T	Красноярский край	Vulpes vulpes	2021	N4
irkn013708	A21C, T63C, C66A, G81A, C96T, T126C, A129G, A132G, G135A, T138C, T144C, A147G, T150C, A165G, G166A, T175G, G182A, C183T, C186T, A192G, T195A, C204T, T219C, G225A, G228A, T240C, A252G, G283T, G301A, T303C, A315G, G317A, A336G, G354A, C382T, A387T, A390G, C403T, G408A, C417T, A420G, C423A, C462A, G465A, G470A, G486A, T495C, C501T, T519C, A525C, T555C, A567G, A603G, C606T, A624G, T630C, A684G, C690T, A714T, G717A, G720A, T729A, A741G, A744G, T759A, G765A, C772T, T777C, T852C, T885C, A891G, C921T, A945T, G984A, T993C, A1011G, G1041A, A1044G, G1059A, T1065C, A1068G, G1113A, A1137G, A1140T, C1141T, A1162C, C1173T, C1185T, A1188C, T1191A, G1206A, T1212C, A1230G, G1248A, C1260T, C1287A, C1314T, A1335G, G1343A, T1344C, A1350T	Республика Бурятия	Vulpes vulpes	2017	N3
irkn013762	A21C, T63C, C66A, G81A, C96T, T126C, A129G, A132G, G135A, T138C, T144C, T150C, G166A, T175G, G182A, C183T, C186T, A192G, T195A, C204T, T219C, G225A, G228A, T240C, A252G, G283T, G301A, T303C, A315G, G316A, A336G, G354A, C382T, A387T, A390G, C403T, G408A, C417T, A420G, C423A, T438C, C462A, G465A, G470A, G486A, T495C, C501T, T519C, A525C, T555C, A567G, T599A, A600C, A603G, C606T, A624G, T630C, G654A, A684G, C690T, A714T, G720A, T729A, A741G, A744G, T759A, G765A, C772T, T777C, T852C, T885C, A891G, C921T, A945T, G984A, T987G, T993C, A1011G, G1041A, A1044G, C1047T, G1059A, T1065C, A1068G, G1113A, A1137G, A1140T, C1141T, A1162C, C1173T, C1185T, A1188C, T1191A, G1206A, T1212C, A1230G, T1236C, G1248A, C1260T, C1275T, C1287A, C1314T, A1335G, G1343A, T1344C, A1350T	Забайкальский край	Vulpes vulpes	2024	N3
irkn013764	A21C, T63C, C66A, G81A, C96T, T107C, T126C, A129G, A132G, G135A, T138C, T144C, T150C, G166A, T175G, G182A, C183T, C186T, A192G, T195A, C204T, T219C, G225A, G228A, T240C, A252G, G283T, G301A, T303C, A315G, G316A, A336G, G354A, C382T, A387T, A390G, C403T, G408A, C417T, A420G, C423A, C462A, G465A, G470A, G486A, T495C, C501T, T519C, A525C, C543T, C552T, T555C, A567G, A603G, C606T, A624G, T630C, A684G, C690T, A714T, G720A, T729A, A741G, A744G, T759A, G765A, C772T, T777C, T852C, T885C, A891G, C921T, A945T, G984A, T993C, A1011G, G1041A, A1044G, G1059A, T1065C, A1068G, G1113A, T1131A, A1137G, A1140T, C1141T, A1162C, C1173T, C1185T, A1188C, T1191A, G1206A, T1212C, A1230G, T1236C, G1248A, C1260T, C1287A, C1314T, A1335G, G1343A, T1344C, A1350T	Забайкальский край	Vulpes vulpes	2024	N3
KC595280	A21C, T33C, C66A, C96T, A111G, T126C, A132G, G135A, T138C, T144C, T150C, T175G, G182A, C183T, C186T, T195G, C204T, T219C, G225A, G228A, A231G, T240C, A252G, G283T, G301A, A302C, T303C, A315G, G317A, G330A, A336G, A348G, G354A, C382T, A387T, A390G, C403T, G408A, C417T, A420G, C462A, G465A, G470A, G486A, T495C, C501T, T519C, A525C, A549G, A603G, C606T, T630C, A684G, C690T, A714T, G720A, A723G, T729C, A741G, A744G, A754T, T759A, G765A, A769C, T777C, A825T, T852C, C861T, T885C, G888A, A891G, T900C, T915C, C921T, A945T, G984A, T993C, A1011G, G1041A, G1059A, A1062G, T1065C, A1068G, A1137G, A1155G, A1162C, C1173T, A1188C, G1206A, A1230G, G1248A, C1260T, C1287A, C1314T, C1317T, A1335G, G1343A, T1344C, C1347T, A1350T	Липецкая область	Vulpes vulpes	2011	N1
KC595281	A21C, C66A, C96T, T126C, A132G, G135A, T138C, T144C, T150C, T175G, G182A, C183T, C186T, T195A, C204T, T219C, G225A, G228A, T240C, A252G, G283T, G301A, A302C, T303C, A315G, G317A, G330A, A336G, A348G, G354A, C382T, A387T, A390G, C403T, G408A, C417T, A420G, C462A, G465A, G470A, G486A, T495C, C501T, T519C, A525C, T534C, A549G, A603G, C606T, T630C, A684G, C690T, A714T, G720A, A723G, A741G, A744G, T759A, G765A, T777C, T852C, C861T, T885C, A891G, A906G, T915C, C921T, A945T, G984A, T993C, A1011G, G1041A, G1059A, T1065C, G1113A, A1137G, C1141T, A1155G, A1162C, C1173T, A1188C, G1206A, A1230G, G1248A, C1260T, C1287A, C1314T, C1317T, G1332A, A1335G, G1343A, T1344C, A1350T	Липецкая область	Felis catus	2011	N1
KC595282	A21C, C66A, C96T, T126C, A132G, G135A, T138C, T144C, T150C, T175G, G182A, C183T, C186T, T195A, C204T, T219C, G225A, G228A, T240C, A252G, G283T, G301A, A302C, T303C, A315G, G317A, G330A, A336G, A348G, G354A, C382T, A387T, A390G, C403T, G408A, C417T, A420G, C462A, G465A, G470A, G486A, T495C, C501T, T519C, A525C, T534C, A549G, A603G, C606T, T630C, A684G, C690T, A714T, G720A, A723G, A741G, A744G, T759A, G765A, T777C, T852C, C861T, T885C, A891G, A906G, T915C, C921T, A945T, G984A, T993C, A1011G, G1041A, G1059A, T1065C, G1113A, A1137G, C1141T, A1155G, A1162C, C1173T, A1188C, G1206A, A1230G, G1248A, C1260T, C1287A, C1314T, C1317T, G1332A, A1335G, G1343A, T1344C, A1350T	Липецкая область	Vulpes vulpes	2011	N1
KC595283	A21C, C66A, C96T, T126C, A132G, G135A, T138C, T144C, T150C, T175G, G182A, C183T, C186T, T195A, C204T, T219C, G225A, G228A, T240C, A252G, G283T, G301A, A302C, T303C, A315G, G317A, T321C, G330A, A336G, A348G, G354A, C382T, A387T, A390G, C403T, G408A, C417T, A420G, C462A, G465A, G470A, G486A, T495C, C501T, T519C, A525C, T534C, A549G, A603G, C606T, T630C, A684G, C690T, A714T, G720A, A723G, A741G, A744G, T759A, G765A, T777C, T852C, C861T, T885C, A891G, A906G, T915C, C921T, A945T, G984A, T993C, A1011G, G1041A, G1059A, T1065C, G1113A, A1137G, C1141T, A1155G, A1162C, C1173T, A1188C, G1206A, A1230G, G1248A, C1260T, C1287A, C1314T, C1317T, G1332A, A1335G, G1343A, T1344C, A1350T	Липецкая область	Vulpes vulpes	2011	N1
KP997032	A21C, C66A, C96T, T126C, A132G, G135A, T138C, T144C, T150C, T175G, G182A, C183T, C186T, T195G, C204T, T219C, G225A, G228A, T240C, A252G, G283T, G301A, A302C, T303C, A315G, G317A, G330A, A336G, A348G, G354A, C382T, A387T, A390G, C403T, G408A, C417T, A420G, C462A, G465A, G470A, G486A, T495C, C501T, T519C, A525C, A549G, A603G, C606T, T630C, A684G, C690T, A714T, G720A, A723G, T726C, A741G, A744G, T759A, G765A, T777C, T852C, C861T, T885C, A891G, T900C, A906G, T915C, C921T, A945T, G984A, T993C, A1011G, G1041A, G1059A, T1065C, A1068G, G1113A, A1137G, A1155G, A1162C, C1173T, A1188C, G1206A, A1230G, G1248A, C1260T, C1287G, A1305C, C1314T, C1317T, A1335G, G1343A, T1344C, C1347T, A1350T	Приморский край	Ursus arctos	2014	N1
KT728348	A21C, G42A, C66A, C96T, T126C, A132G, G135A, T138C, T150C, T175G, G182A, C183T, C186T, T195A, C204T, T219C, G225A, G228A, G283T, G301A, A302G, T303C, A315G, G317A, G330A, A336G, A348G, G354A, C382T, A387T, A390G, C393T, C403T, G408A, C417T, A420G, C462A, G465A, G470A, G486A, T495C, C501T, T516C, T519C, A525C, C543T, A549G, A603G, C606T, C621T, A624G, T630C, T639C, A684G, C690T, A714T, G720A, A741G, A744G, T759A, G765A, T777C, C783T, A837T, T852C, C861T, T885C, A891G, A906G, C921T, A945T, G984A, T993C, A1011G, C1029T, G1041A, G1059A, T1065C, A1068G, A1071G, A1074G, G1113A, A1137G, C1141T, A1162C, C1173T, A1188C, G1206A, A1230G, G1248A, C1260T, C1287A, C1314T, A1335G, G1343A, T1344C, A1350T	Астраханская область	Homo sapiens	2003	N9
KT728349	A21C, C66A, C96T, T126C, A132G, G135A, T138C, T144C, T150C, T175G, G182A, C183T, C186T, T195A, C204T, T219C, G225A, G228A, A252T, G283T, G301A, A302G, T303C, A315G, G317A, G330A, A336G, A348G, G354A, C382T, A387T, A390G, C403T, G408A, C417T, A420G, C462A, G465A, G470A, G486A, T495C, C501T, T519C, A525C, C543T, A549G, A603G, C606T, C621T, A624G, T630C, A684G, C690T, A714T, G720A, A741G, A744G, T759A, A774G, T777C, A837T, T852C, C861T, T885C, A891G, A906G, C921T, A945T, G984A, T993C, A1011G, C1029T, G1041A, G1059A, T1065C, A1068G, A1071G, G1113A, A1137G, C1141T, A1162C, C1173T, A1188C, G1206A, A1230G, G1248A, C1260T, C1287A, C1314T, C1317T, A1335G, G1343A, T1344C, A1350T	Астраханская область	Homo sapiens	2003	N9
KY242672	A21C, C66A, C96T, T126C, A132G, G135A, T138C, T144C, T150C, G166A, T175G, G182A, C183T, C186T, T195A, C204T, T219C, G225A, G228A, T240C, A252G, G283T, G301A, T303C, A315G, G317A, G330A, A336G, A348G, G354A, C382T, A387T, C403T, G408A, C417T, A420G, C462A, G465A, G470A, G486A, T495C, C501T, T519C, A525C, A549G, A567G, C606T, A624G, T630C, A660G, A684G, C690T, A714T, G720A, A723G, A741G, A744G, T759A, G765A, T777C, A813G, T852C, T885C, A891G, C921T, A945T, G984A, T993C, A1011G, G1041A, G1059A, T1065C, A1068G, G1113A, A1137G, A1140T, A1162C, C1173T, C1185T, A1188C, G1206A, T1212C, A1230G, G1248A, A1254G, G1257A, C1260T, C1287A, A1311G, C1314T, A1335G, T1338C, G1343A, T1344C, A1350T	Республика Хакасия	Vulpes vulpes	2015	N2
KY242673	A21C, C66A, C96T, T126C, A132G, G135A, T138C, T144C, T150C, G166A, T175G, G182A, C183T, C186T, T195A, C204T, T219C, G225A, G228A, T240C, A252G, G283T, G301A, T303C, A315G, G317A, G330A, A336G, A348G, G354A, C382T, A387T, C403T, G408A, C417T, A420G, C462A, G465A, G470A, G486A, T495C, C501T, T519C, A525C, A549G, A567G, C606T, A624G, T630C, A660G, A684G, C690T, A714T, G720A, A723G, A741G, A744G, T759A, G765A, T777C, A813G, T852C, T885C, A891G, C921T, A945T, G984A, T993C, A1011G, G1041A, G1059A, T1065C, A1068G, G1113A, A1137G, A1140T, A1162C, C1173T, C1185T, A1188C, G1206A, T1212C, A1230G, G1248A, A1254G, G1257A, C1260T, C1287A, A1311G, C1314T, A1335G, T1338C, G1343A, T1344C, A1350T	Республика Хакасия	Vulpes vulpes	2015	N2
KY242674	A21C, C66A, C96T, T126C, A132G, G135A, T138C, T144C, T150C, G166A, T175G, G182A, C183T, C186T, T195A, C204T, T219C, G225A, G228A, T240C, A252G, G283T, G301A, A302G, T303C, A315G, G317A, G330A, A336G, A348G, G354A, C382T, A387T, C403T, G408A, C417T, A420G, C462A, G465A, G470A, G486A, T495C, C501T, T519C, A525C, A549G, A567G, T588C, A603G, C606T, A624G, T630C, C633T, A660G, A684G, C690T, A714T, G720A, A723G, A741G, A744G, T759A, G765A, T777C, A813G, T852C, T885C, A891G, C921T, C927T, A945T, G984A, T993C, A1011G, G1041A, C1047T, G1059A, T1065C, A1068G, G1113A, A1137G, A1140T, A1162C, C1173T, C1185T, A1188T, G1206A, T1212C, A1230G, G1248A, A1254G, G1257A, C1260T, C1287A, A1296G, A1311G, C1314T, A1335G, G1343A, T1344C, A1350T	Республика Хакасия	Vulpes vulpes	2015	N2
KY242675	A21C, C66A, C96T, T126C, A132G, G135A, T138C, T144C, T150C, G166A, T175G, G182A, C183T, C186T, T195A, C204T, T219C, G225A, G228A, T240C, A252G, G283T, G301A, A302G, T303C, A315G, G317A, G330A, A336G, A348G, G354A, C382T, A387T, C403T, G408A, C417T, A420G, C462A, G465A, G470A, T495C, C501T, T519C, A525C, A549G, A567G, A603G, C606T, A624G, T630C, C633T, A660G, A684G, C690T, A714T, G720A, A723G, A741G, A744G, T759A, G765A, T777C, A813G, T852C, T885C, A891G, C921T, C927T, A945T, G984A, T993C, G1026A, G1041A, C1047T, G1059A, T1065C, A1068G, G1113A, A1137G, A1140T, A1162C, C1173T, C1185T, A1188T, G1206A, T1212C, A1230G, G1248A, A1254G, G1257A, C1260T, C1287A, A1311G, C1314T, A1335G, G1343A, T1344C, A1350T	Республика Хакасия	Vulpes vulpes	2015	N2
KY242676	A21C, T63C, C66A, G81A, C96T, T126C, A129G, A132G, G135A, T138C, T144C, T150C, G166A, T175G, G182A, C183T, C186T, A192G, T195A, C204T, T219C, G225A, G228A, T240C, A252G, A261G, G283T, G301A, T303C, A315G, G317A, A336G, G354A, C382T, A387T, A390G, C403T, G408A, C417T, A420G, C423A, C462A, G465A, G470A, G486A, T495C, C501T, T519C, A525C, A540G, T555C, A567G, T588C, A603G, C606T, A624G, T630C, C672T, A684G, C690T, A714T, G720A, T729A, A741G, A744G, T759A, G765A, C772T, T777C, T852C, T885C, A891G, C921T, A945T, G984A, T993C, A1011G, G1041A, A1044G, G1059A, T1065C, A1068G, G1113A, A1137G, A1140T, C1141T, A1162C, C1173T, C1185T, A1188C, T1191A, G1206A, T1212C, A1230G, G1248A, C1260T, C1287A, C1314T, A1335G, G1343A, T1344C, A1350T	Забайкальский край	Bos taurus	2015	N3
KY242677	A21C, T63C, C66A, G81A, C96T, T126C, A129G, A132G, G135A, T138C, T144C, T150C, G166A, T175G, G182A, C183T, C186T, A192G, T195A, C204T, T219C, G225A, G228A, T240C, A252G, G283T, G301A, T303C, A315G, G317A, A336G, G354A, C382T, A387T, A390G, C403T, G408A, C417T, A420G, C423A, C462A, G465A, G470A, G486A, T495C, C501T, T519C, A525C, A540G, T555C, A567G, T588C, A603G, C606T, A624G, T630C, C672T, A684G, C690T, A714T, G720A, T729A, A741G, A744G, T759A, G765A, C772T, T777C, T852C, T885C, A891G, C921T, A945T, G984A, T993C, A1011G, G1041A, A1044G, G1059A, T1065C, A1068G, G1113A, A1137G, A1140T, C1141T, A1162C, C1173T, C1185T, A1188C, T1191A, G1206A, T1212C, A1230G, G1248A, C1260T, C1287A, C1314T, A1335G, G1343A, T1344C, A1350T	Забайкальский край	Bos taurus	2015	N3
KY243236	A21C, T63C, C66A, G81A, C96T, T126C, A129G, A132G, G135A, T138C, T144C, T150C, G166A, T175G, G182A, C183T, C186T, A192G, T195A, C204T, T219C, G225A, G228A, T240C, A252G, G283T, G301A, T303C, A315G, G317A, A336G, G354A, C382T, A387T, A390G, C403T, G408A, C417T, A420G, C423A, C462A, G465A, G470A, G486A, T495C, C501T, T519C, A525C, A540G, T555C, A567G, T588C, A603G, C606T, A624G, T630C, A684G, C690T, A714T, G720A, T729A, A741G, A744G, T759A, G765A, C772T, T777C, T852C, T885C, A891G, T909C, C921T, A945T, G984A, T987C, T993C, T999C, A1011G, G1041A, A1044G, G1059A, T1065C, A1068G, G1113A, A1137G, A1140T, C1141T, A1162C, C1173T, C1185T, A1188C, T1191A, G1206A, T1212C, A1230G, G1248A, C1260T, C1287A, C1314T, A1335G, G1343A, T1344C, A1350T	Забайкальский край	Bos taurus	2015	N3
KY243237	A21C, T63C, C66A, G81A, C96T, T126C, A129G, A132G, G135A, T138C, T144C, T150C, G166A, T175G, G182A, C183T, C186T, A192G, T195A, C204T, T219C, G225A, G228A, T240C, A252G, G283T, G301A, T303C, A315G, G316A, G317A, A336G, G354A, C382T, A387T, A390G, C403T, G408A, C417T, A420G, C423A, C462A, G465A, G470A, G486A, T495C, C501T, T519C, A525C, T555C, A567G, A603G, C606T, A624G, T630C, A684G, C690T, A714T, G720A, T729A, A741G, A744G, T759A, G765A, C772T, T777C, T852C, T885C, A891G, C921T, A945T, G984A, T993C, A1011G, G1041A, A1044G, G1059A, T1065C, A1068G, G1113A, A1137G, A1140T, C1141T, A1162C, C1173T, C1185T, A1188C, T1191A, G1206A, T1212C, A1230G, T1236C, G1248A, C1260T, C1287A, C1314T, A1335G, G1343A, T1344C, A1350T	Забайкальский край	Vulpes vulpes	2015	N3
MF463001	T17A, T20G, T29C, T44C, G60A, T63C, C96T, T105C, T126C, A129G, A132G, G135A, T138C, T144C, T150C, T175G, G182A, C183T, C186A, C204T, T219C, G225A, G228A, T240C, A252G, A261G, G283T, T284G, C292A, T303C, A315G, G324T, G330A, A336G, G354A, A381G, A390G, C402A, C403T, G408A, C417T, T444C, C462A, G465A, G470A, G486A, T495C, C501T, T519C, A525C, C528T, A540G, A603G, T615C, A624G, T630C, A649G, A684G, T687C, T693C, A714T, G720A, A723G, C735T, A741G, A744G, C756A, T759A, G765A, T777C, C786T, T819C, T852C, C861T, C864T, C879T, A891G, A906G, C921T, C927T, A945T, G984A, T993C, T1005C, A1011G, C1021T, G1059A, T1065C, A1068G, A1092G, C1107T, T1136C, C1141T, C1173T, G1176A, A1188C, T1191G, G1206A, A1209G, T1218C, A1230G, T1236C, G1248A, C1260T, C1287A, C1314T, C1317A, G1320A, G1343A, T1344C	Московская область	Vulpes vulpes	2009	N5
MF574182	A21C, C66A, C96T, T126C, A132G, G135A, T138C, T144C, T150C, T175G, G182A, C183T, C186T, T195G, C204T, T219C, G225A, G228A, T240C, A252G, G283T, G301A, A302C, T303C, A315G, G317A, G330A, A336G, A348G, G354A, C382T, A387T, A390G, C403T, G408A, C417T, A420G, C462A, G465A, G470A, G486A, T495C, C501T, T519C, A525C, A549G, A603G, C606T, T630C, A684G, C690T, A714T, G720A, A723G, T726C, A741G, A744G, T759A, G765A, T777C, T852C, C861T, T885C, A891G, T900C, A906G, T915C, C921T, A945T, G984A, T993C, A1011G, G1041A, G1059A, T1065C, A1068G, G1113A, A1137G, A1155G, A1162C, C1173T, A1188C, G1206A, A1230G, G1248A, C1260T, C1287G, A1305C, C1314T, C1317T, A1335G, G1343A, T1344C, C1347T, A1350T	Нижегородская область	Bos taurus	2012	N1
MF574183	T63C, C96T, T105C, T126C, A129G, A132G, G135A, T138C, T144C, T150C, T175G, G182A, C183T, C186A, C204T, T219C, G225A, G228A, T240C, A261G, G283T, T284G, C292A, T303C, A315G, G324T, G330A, A336G, G354A, C375T, A381G, A390G, C402A, C403T, G408A, C417T, T444C, C462A, G465A, G470A, G486A, T495C, C501T, T519C, A525C, C528T, A540G, A603G, T615C, A624G, T630C, A649G, A684G, T687C, T693C, A714T, G720A, A723G, C735T, A741G, A744G, C756A, T759G, G765A, T777C, C786T, T819C, T852C, C861T, C864T, C879T, A891G, A906G, C921T, C927T, A945T, G984A, T993C, T1005C, A1011G, C1021T, G1059A, T1065C, A1068G, A1092G, C1107T, G1135A, T1136C, C1141T, C1173T, G1176A, A1188C, T1191G, G1206A, A1209G, T1218C, A1230G, T1236C, G1248A, C1260T, C1287A, C1314T, C1317A, G1320A, G1343A, T1344C	Нижегородская область	Vulpes vulpes	2012	N5
MF574184	A21C, C24T, C66A, C96T, T126C, A132G, G135A, T138C, T144C, T150C, T175G, G182A, C183T, C186T, T195G, C204T, T219C, G225A, G228A, A231G, T240C, A252G, G283T, G301A, A302C, T303C, A315G, G317A, G330A, A336G, A348G, G354A, C382T, A387T, A390G, C403T, G408A, C417T, A420G, C462A, G465A, G470A, G486A, T495C, C501T, T519C, A525C, A549G, A603G, C606T, T630C, A684G, C690T, A714T, G720A, A723G, A741G, A744G, T759A, G765A, T777C, T852C, C861T, T885C, A891G, T900C, A906G, T915C, C921T, A945T, G984A, T993C, A1011G, G1041A, G1059A, T1065C, A1068G, G1113A, A1137G, A1155G, A1162C, C1173T, A1188C, G1206A, A1230G, G1248A, C1260T, C1287G, C1314T, C1317T, A1335G, G1343A, T1344C, A1350T	Самарская область	Vulpes vulpes	2013	N1
MF574185	A21C, C66A, C96T, T126C, A132G, G135A, T138C, T144C, T150C, T175G, G182A, C183T, C186T, T195A, C204T, T219C, G225A, G228A, T240C, A252G, G283T, G301A, A302C, T303C, A315G, G317A, G330A, A336G, A348G, G354A, C382T, A387T, A390G, C403T, G408A, C417T, A420G, C462A, G465A, G470A, G486A, T495C, C501T, T519C, A525C, T534C, A549G, A603G, C606T, T616C, T630C, A684G, C690T, A714T, G720A, A723G, A741G, A744G, T759A, G765A, T777C, G828A, G831A, T852A, C861T, T885C, A891G, A906G, T915C, C921T, A945T, G984A, T993C, A1011G, G1041A, G1059A, T1065C, G1113A, A1137G, C1141T, A1155G, A1162C, C1173T, A1188C, G1206A, A1230G, G1248A, C1260T, C1287A, C1314T, C1317T, A1326C, G1332A, A1335G, G1343A, T1344C, A1350T	Московская область	Vulpes vulpes	2012	N1
MF574186	T63C, C96T, T105C, T126C, A129G, A132G, G135A, T138C, T144C, T150C, T175G, G182A, C183T, C186A, C204T, T219C, G225A, G228A, T240C, A252G, A261G, G283T, T284G, C292A, T303C, A315G, G324T, G330A, A336G, G354A, A381G, A390G, C402A, C403T, G408A, C417T, T444C, C462A, G465A, G470A, G486A, T495C, C501T, T519C, A525C, C528T, A540G, A603G, T615C, A624G, T630C, A649G, A684G, T687C, T693C, A702G, A714T, G720A, A723G, C735T, A741G, A744G, C756A, T759G, G765A, T777C, C786T, T819C, T852C, C861T, C864T, C879T, A891G, A906G, C921T, C927T, A945T, G984A, T993C, T1005C, A1011G, C1021T, G1059A, T1065C, A1068G, A1092G, C1107T, T1136C, C1141T, C1161T, C1173T, G1176A, A1188C, T1191G, G1206A, A1209G, T1218C, A1230G, T1236C, G1248A, C1260T, C1287A, C1314T, C1317A, G1320A, G1343A, T1344C	Нижегородская область	Vulpes vulpes	2012	N5
MF574187	T63C, C96T, T105C, T126C, A129G, A132G, G135A, T138C, T144C, T150C, T175G, G182A, C183T, C186A, C204T, T219C, G225A, G228A, T240C, A261G, G283T, T284G, C292A, T303C, A315G, G324T, G330A, A336G, G354A, C375T, A381G, A390G, C402A, C403T, G408A, C417T, T444C, C462A, G465A, G470A, G486A, T495C, C501T, T519C, A525C, C528T, A540G, A603G, T615C, A624G, T630C, A649G, A684G, T687C, T693C, A714T, G720A, A723G, C735T, A741G, A744G, C756A, T759G, G765A, T777C, C786T, T819C, T852C, C861T, C864T, C879T, A891G, A906G, C921T, C927T, A945T, G984A, T993C, T1005C, A1011G, C1021T, G1059A, T1065C, A1068G, A1092G, C1107T, G1135A, T1136C, C1141T, C1173T, G1176A, A1188C, T1191G, G1206A, A1209G, T1218C, A1230G, T1236C, G1248A, C1260T, C1287A, C1314T, C1317A, G1320A, G1343A, T1344C	Нижегородская область	Felis catus	2012	N5
MF574188	T63C, C96T, T105C, T126C, A129G, A132G, G135A, T138C, T144C, T150C, T175G, G182A, C183T, C186A, C204T, T219C, G225A, G228A, T240C, A261G, G283T, T284G, C292A, T303C, A315G, G324T, G330A, A336G, G354A, C375T, A381G, A390G, C402A, C403T, G408A, C417T, T444C, C462A, G465A, G470A, G486A, T495C, C501T, T519C, A525C, C528T, A540G, A603G, T615C, A624G, T630C, A649G, A684G, T687C, T693C, A714T, G720A, A723G, C735T, A741G, A744G, C756A, T759G, G765A, T777C, C786T, T819C, T852C, C861T, C864T, C879T, A891G, A906G, C921T, C927T, A945T, G984A, T993C, T1005C, A1011G, C1021T, G1059A, T1065C, A1068G, A1092G, C1107T, G1135A, T1136C, C1141T, C1173T, G1176A, A1188C, T1191G, G1206A, A1209G, T1218C, A1230G, T1236C, G1248A, C1260T, C1287A, C1314T, C1317A, G1320A, G1343A, T1344C	Нижегородская область	Vulpes vulpes	2012	N5
MF574189	T63C, C96T, T105C, T126C, A129G, A132G, G135A, T138C, T144C, T150C, T175G, G182A, C183T, C186A, C204T, T219C, G225A, G228A, T240C, A252G, A261G, G283T, T284G, C292A, T303C, A315G, G324T, G330A, A336G, G354A, A381G, A390G, C402A, C403T, G408A, C417T, T418C, T444C, C462A, G465A, G470A, G486A, T495C, C501T, T519C, A525C, C528T, A540G, C552T, A603G, T615C, A624G, A649G, A684G, T687C, T693C, A714T, G720A, A723G, C735T, A741G, A744G, C756A, T759G, G765A, T777C, C786T, T819C, T852C, C861T, C879T, A891G, A906G, T915C, C921T, C927T, A945T, G984A, T993C, T1005C, A1011G, C1021T, G1059A, T1065C, A1068G, A1092G, C1107T, T1136C, C1141T, C1173T, G1176A, A1188C, T1191G, G1206A, A1209G, T1218C, A1230G, T1236C, G1248A, C1260T, C1287A, C1314T, C1317A, G1320A, G1343A, T1344C	Нижегородская область	Vulpes vulpes	2012	N5
MF574190	T63C, C96T, T105C, T126C, A129G, A132G, G135A, T138C, T144C, T150C, T175G, G182A, C183T, C186A, C204T, T219C, G225A, G228A, T240C, A261G, G283T, T284G, C292A, T303C, A315G, G324T, G330A, A336G, G354A, C375T, A381G, A390G, C402A, C403T, G408A, C417T, T444C, C462A, G465A, G470A, G486A, T495C, C501T, T519C, A525C, C528T, A540G, A603G, T615C, A624G, T630C, A649G, A684G, T687C, T693C, A714T, G720A, A723G, C735T, A741G, A744G, C756A, T759G, G765A, T777C, C786T, T819C, T852C, C861T, C864T, C879T, A891G, A906G, C921T, C927T, A945T, G984A, T993C, T1005C, A1011G, C1021T, G1059A, T1065C, A1068G, A1092G, C1107T, G1135A, T1136C, C1141T, C1173T, G1176A, A1188C, T1191G, G1206A, A1209G, T1218C, A1230G, T1236C, G1248A, C1260T, C1287A, C1314T, C1317A, G1320A, G1343A, T1344C	Нижегородская область	Canis lupus familiaris	2012	N5
MF574191	A21C, C66A, C96T, T126C, A132G, G135A, T138C, T144C, T150C, T175G, G182A, C183T, C186T, T195G, C204T, T219C, G225A, G228A, T240C, A252G, G283T, G301A, A302C, T303C, A315G, G317A, G330A, A336G, A348G, G354A, C382T, A387T, A390G, C403T, G408A, C417T, A420G, C462A, G465A, G470A, G486A, T495C, C501T, T519C, A525C, A549G, A603G, C606T, T630C, A684G, C690T, A714T, G720A, A723G, T726C, A741G, A744G, T759A, G765A, T777C, T852C, C861T, T885C, A891G, T900C, A906G, T915C, C921T, A945T, G984A, T993C, A1011G, G1041A, G1059A, T1065C, A1068G, G1113A, A1137G, A1155G, A1162C, C1173T, A1188C, G1206A, A1230G, G1248A, C1260T, C1287G, A1305C, C1314T, C1317T, A1335G, G1343A, T1344C, C1347T, A1350T	Нижегородская область	Canis lupus	2013	N1
MF574192	T63C, C96T, T105C, T126C, A129G, A132G, G135A, T138C, T144C, T150C, T175G, G182A, C183T, C186A, C204T, T219C, G225A, G228A, T240C, A252G, A261G, G283T, T284G, C292A, T303C, A315G, G324T, G330A, A336G, G354A, A381G, A390G, C402A, C403T, G408A, C417T, T444C, C462A, G465A, G470A, G486A, T495C, C501T, T519C, A525C, C528T, A540G, A603G, T615C, A624G, T630C, A649G, A684G, T687C, T693C, A714T, G720A, A723G, C735T, A741G, A744G, C756A, T759A, G765A, T777C, C786T, T819C, T852C, C861T, C864T, C879T, A891G, A906G, C921T, C927T, A945T, G984A, T993C, T1005C, A1011G, C1021T, G1059A, T1065C, A1068G, A1092G, C1107T, T1136C, C1141T, C1173T, G1176A, C1185T, A1188C, T1191G, G1206A, A1209G, T1218C, A1230G, T1236C, G1248A, C1260T, C1287A, C1314T, C1317A, G1320A, G1343A, T1344C	Владимирская область	Vulpes vulpes	2012	N5
MF574193	T63C, C96T, T105C, T126C, A129G, A132G, G135A, T138C, T144C, T150C, T175G, G182A, C183T, C186A, C204T, T219C, G225A, G228A, T240C, A252G, A261G, G283T, T284G, C292A, T303C, A315G, G324T, G330A, A336G, G354A, A381G, A390G, C402A, C403T, G408A, C417T, T444C, C462A, G465A, G470A, G486A, T495C, C501T, T519C, A525C, C528T, A540G, A603G, T615C, A624G, T630C, A649G, A684G, T687C, T693C, A714T, G720A, A723G, C735T, A741G, A744G, C756A, T759A, G765A, T777C, C786T, T819C, T852C, C861T, C864T, C879T, A891G, A906G, C921T, C927T, A945T, G984A, T993C, T1005C, A1011G, C1021T, G1059A, T1065C, A1068G, A1092G, C1107T, T1136C, C1141T, C1173T, G1176A, C1185T, A1188C, T1191G, G1206A, A1209G, T1218C, A1230G, T1236C, G1248A, C1260T, C1287A, C1314T, C1317A, G1320A, G1343A, T1344C	Владимирская область	Vulpes vulpes	2012	N5
MF574194	A21C, C66A, C96T, T126C, A132G, G135A, T138C, T144C, T150C, T175G, G182A, C183T, C186T, T195G, C204T, T219C, G225A, G228A, A231G, T240C, A252G, G283T, G301A, A302C, T303C, A315G, G317A, G327T, G330A, A336G, A348G, G354A, C382T, A387T, A390G, C403T, G408A, C417T, A420G, C462A, G465A, G470A, T483C, G486A, T495C, C501T, T519C, A525C, A549G, C573T, A603G, C606T, T630C, A684G, C690T, A714T, G720A, A723G, A741G, A744G, T759A, G765A, T777C, T852C, C861T, T885C, A891G, T900C, A906G, T915C, C921T, A945T, G984A, T993C, A1011G, G1041A, G1059A, T1065C, A1068G, G1113A, A1137G, A1155G, A1162C, C1173T, G1206A, A1230G, G1248A, C1260T, C1287A, C1314T, C1317A, G1320A, G1343A, T1344C	Владимирская область	Bos taurus	2013	N1
MF574195	T63C, C96T, T105C, T126C, A129G, A132G, G135A, T138C, T144C, T150C, T175G, G182A, C183T, C186A, C204T, T219C, G225A, G228A, T240C, A252G, A261G, G283T, T284G, A291G, C292A, T303C, A315G, G324T, G330A, A336G, G354A, A381G, A390G, G408A, C417T, T444C, C462A, G465A, G470A, T477C, G486A, T495A, C501T, T519C, A525C, C528T, A540G, C543T, A603G, T615C, A624G, T630C, A649G, A684G, T687C, A714T, G720A, T726C, T729C, A741G, A744G, C756A, T759A, G765A, T777C, C786T, T819C, T852C, C861T, C864T, C879T, A891G, C921T, C927T, A945T, G984A, T993C, T1005C, A1011G, C1021T, G1059A, T1065C, A1068G, A1092G, C1107T, T1136C, C1141T, C1173T, G1176A, C1185T, A1188C, T1191G, G1206A, A1209G, T1218C, A1230G, T1236C, G1248A, C1256T, C1260T, C1287A, C1314T, C1317A, G1320A, G1343A, T1344C	Тверская область	Nyctereutes procyonoides	2013	N5.1
MF574196	T63C, C96T, T105C, T126C, A129G, A132G, G135A, T138C, T144C, T150C, T175G, G182A, C183T, C186A, C204T, T219C, G225A, G228A, T240C, A252G, A261G, G283T, T284G, C292A, T303C, A315G, G324T, G330A, A336G, G354A, A381G, A390G, C402A, C403T, G408A, C417T, T444C, C462A, G465A, G470A, G486A, T495C, C501T, T519C, A525C, C528T, A540G, A603G, T615C, A624G, T630C, A649G, A684G, T687C, A714T, G720A, A723G, C735T, A741G, A744G, C756A, T759A, G765A, T777C, C786T, T819C, T852C, C861T, C864T, C879T, A891G, A906G, C921T, C927T, A945T, G984A, T993C, T1005C, A1011G, C1021T, G1059A, T1065C, A1068G, A1092G, C1107T, T1136C, C1141T, C1173T, G1176A, C1185T, A1188C, T1191G, G1206A, A1209G, T1218C, A1230G, T1236C, G1248A, C1260T, C1287A, C1314T, C1317A, G1320A, G1343A, T1344C	Владимирская область	Vulpes vulpes	2014	N5
MF574197	T63C, C96T, T105C, T126C, A129G, A132G, G135A, T138C, T144C, T150C, T175G, G182A, C183T, C186A, C204T, T219C, G225A, G228A, T240C, A252G, A261G, G283T, T284G, C292A, T303C, A315G, G324T, G330A, A336G, G354A, A381G, A390G, C402A, C403T, G408A, C417T, T444C, C462A, G465A, G470A, G486A, T495C, C501T, T519C, A525C, C528T, A540G, A603G, T615C, A624G, T630C, A649G, A684G, T687C, T693C, A714T, G720A, A723G, C735T, A741G, A744G, C756A, T759A, G765A, T777C, C786T, T819C, T852C, C861T, C864T, C879T, A891G, A906G, C921T, A945T, G984A, T993C, T1005C, A1011G, C1021T, G1059A, T1065C, A1068G, A1092G, C1107T, T1136C, C1141T, C1173T, G1176A, C1185T, A1188C, T1191G, G1206A, A1209G, T1218C, A1230G, T1236C, G1248A, C1260T, C1287A, C1314T, C1317A, G1320A, G1343A, T1344C	Костромская область	Vulpes vulpes	2014	N5
MF574198	T63C, C96T, T105C, T126C, A129G, A132G, G135A, T138C, T144C, T150C, T175G, G182A, C183T, C186A, C204T, T219C, G225A, G228A, T240C, A252G, A261G, G283T, T284G, C292A, T303C, A315G, G324T, G330A, A336G, G354A, A381G, A390G, C402A, C403T, G408A, C417T, T418C, T444C, C462A, G465A, G470A, G486A, T495C, C501T, T519C, A525C, C528T, A540G, C552T, A603G, T615C, A624G, A649G, A684G, T687C, T693C, A714T, G720A, A723G, C735T, A741G, A744G, C756A, T759G, G765A, T777C, C786T, T819C, T852C, C861T, C879T, A891G, A906G, C921T, C927T, A945T, G984A, T993C, T1005C, A1011G, C1021T, G1059A, T1065C, A1068G, A1092G, C1107T, T1136C, C1141T, C1173T, G1176A, A1188C, T1191G, G1206A, A1209G, T1218C, A1230G, T1236C, G1248A, C1260T, C1287A, C1314T, C1317A, G1320A, G1343A, T1344C	Нижегородская область	Vulpes vulpes	2014	N5
MF574199	T63C, C96T, T105C, T126C, A129G, A132G, G135A, T138C, T144C, T150C, T175G, G182A, C183T, C186A, C204T, T219C, G225A, G228A, T240C, A261G, G283T, T284G, C292A, T303C, A315G, G324T, G330A, A336G, G354A, C375T, A381G, A390G, C402A, C403T, G408A, C417T, T444C, C462A, G465A, G470A, G486A, C501T, T519C, A525C, C528T, A540G, A603G, T615C, A624G, T630C, A649G, A684G, T687C, T693C, A714T, G720A, A723G, C735T, A741G, A744G, C756A, T759G, G765A, T777C, C786T, T819C, T852C, C861T, C864T, C879T, G888A, A891G, A906G, C921T, C927T, A945T, G984A, T993C, T1005C, A1011G, C1021T, G1059A, T1065C, A1068G, A1092G, C1107T, T1136C, C1141T, C1173T, G1176A, A1188C, T1191G, G1206A, A1209G, T1218C, A1230G, T1236C, G1248A, C1260T, C1287A, C1314T, C1317A, G1320A, G1343A, T1344C	Нижегородская область	Vulpes vulpes	2014	N5
MF574200	T63C, C96T, T105C, T126C, A129G, A132G, G135A, T138C, T144C, T150C, T175G, G182A, C183T, C186A, C204T, T213C, T219C, G225A, G228A, T240C, A252G, A261G, G283T, T284G, C292A, T303C, A315G, G324T, G330A, A336G, G354A, A381G, A390G, C402A, C403T, G408A, C417T, T444C, C462A, G465A, G470A, G486A, T495C, C501T, T519C, A525C, C528T, A540G, A603G, T615C, A624G, T630C, A649G, A684G, T687C, T693C, A702G, A714T, G720A, A723G, C735T, A741G, A744G, C756A, T759G, G765A, T777C, C786T, T819C, T852C, C861T, C864T, C879T, A891G, A906G, C921T, C927T, A945T, G984A, T993C, T1005C, A1011G, C1021T, G1059A, T1065C, A1068G, A1092G, C1107T, T1136C, C1141T, C1161T, C1173T, G1176A, A1188C, T1191G, G1206A, A1209G, T1218C, A1230G, T1236C, G1248A, C1260T, C1287A, C1314T, C1317A, G1320A, G1343A, T1344C	Нижегородская область	Vulpes vulpes	2014	N5
MF574201	A21C, C45T, C66A, C96T, T126C, A132G, G135A, T138C, T144C, T150C, T175G, G182A, C183T, C186T, T195A, C204T, T219C, G225A, G228A, T240C, A252G, G258A, C270A, G283T, G301A, A302C, T303C, A315G, G317A, G330A, A336G, A348G, G354A, A372G, C382T, A387T, A390G, C403T, G408A, C417T, A420G, C423A, C462A, G465A, G470A, G486A, T495C, C501T, T519C, A525C, T534C, A549G, A603G, C606T, T630C, A684G, C690T, A714T, G720A, A723G, A741G, A744G, T759A, G765A, T777C, T852C, C861T, T885C, A891G, A906G, T915C, C921T, A945T, G984A, T993C, A1011G, G1041A, G1059A, T1065C, T1105C, G1113A, A1137G, C1141T, A1155G, A1162C, C1170T, C1173T, A1188C, G1206A, A1230G, G1248A, C1260T, C1287A, C1314T, C1317T, G1332A, A1335G, G1343A, T1344C, A1350T	Республика Крым	Vulpes vulpes	2017	N1
MK532758	A21C, T63C, C66A, G81A, C96T, T126C, A129G, A132G, G135A, T138C, T144C, A147G, T150C, A165G, G166A, T175G, G182A, C183T, C186T, A192G, T195A, C204T, T219C, G225A, G228A, T240C, A252G, G283T, G301A, T303C, A315G, G317A, A336G, G354A, C382T, A387T, A390G, C403T, G408A, C417T, A420G, C423A, C462A, G465A, G470A, G486A, T495C, C501T, T519C, A525C, T555C, A567G, A603G, C606T, A624G, T630C, A684G, C690T, A714T, G717A, G720A, T729A, A741G, A744G, T759A, G765A, C772T, T777C, T852C, T885C, A891G, C921T, A945T, G984A, T993C, A1011G, G1041A, A1044G, G1059A, T1065C, A1068G, G1113A, A1137G, A1140T, C1141T, A1162C, C1173T, C1185T, A1188C, T1191A, G1206A, T1212C, A1230G, G1248A, C1260T, C1287A, C1314T, A1335G, G1343A, T1344C, A1350T	Республика Бурятия	Vulpes vulpes	2018	N3
MN384717	C30T, T57C, C96T, C99T, A102G, T105C, A111G, T118A, A123C, T126C, A132G, G135A, T138C, T145C, A147G, T150C, A153G, T175G, A178T, G182A, C183T, C186T, A192G, C204T, T207C, C216T, G222A, G225A, G228C, T240C, T243C, A252G, G258C, A279G, G283C, A291G, A294G, G317A, A336G, A344G, C364T, A369G, C375G, A387T, A390G, C402T, T405A, C417T, G441A, G447A, T448C, G450A, C462T, G470A, T477C, C501T, T519C, T531C, G535A, A540G, A549G, C552T, A561G, A576G, T585C, T588C, T615C, T616C, C621A, A624G, T630C, A660G, G678A, A684G, T687A, T708C, A711G, A714G, G720A, A744G, C747A, C756T, T759A, A762G, G765A, C783T, G789A, T795C, G828A, G831A, T852C, C861T, C867T, A876G, A891G, T894C, T912A, C921T, T936C, A945C, C951T, T960A, C966G, C972T, A975G, T987C, A1011G, C1021T, A1023G, G1026A, C1033T, A1038G, A1044G, C1047T, A1056G, G1059A, A1062G, A1071G, C1107T, G1111A, G1113A, C1115T, C1120T, G1135A, T1136C, A1137G, C1164T, T1167G, A1188C, T1191G, T1203C, G1206T, A1209G, A1219G, T1221C, A1230G, A1239G, C1243A, T1284C, C1287A, T1293C, C1314T, C1317T, C1329T, A1335G, G1341T, A1350G	Чукотский АО	Vulpes lagopus	2017	N8
MN384718	C30T, C96T, C99T, A102G, T105C, A111G, T118A, A123C, T126C, A132T, T138C, A147G, T150C, A153G, T175G, A178T, G182A, C183T, C186T, A192G, C204T, T207C, G222A, G225A, G228C, T240C, T243C, A252G, G258C, A279G, G283C, A294G, G317A, A336G, A344G, C364T, A369G, C375G, A387T, A390G, C402T, T405A, C417T, T418C, G447A, T448C, G450A, C462T, G470A, C501T, T519C, T531C, G535A, A540G, A549G, C552T, A561G, A576G, T585C, T588C, T615C, T616C, G618T, C621A, A624G, T630C, T651C, A660G, G678A, C681T, A684G, T687A, T708C, A711G, A714G, G720A, C735T, A744G, C747A, C756T, T759C, A762G, G765A, G789A, T795C, G828A, G831A, T852C, C861T, C867T, A876G, A891G, T894C, T912A, C921T, T936C, A945T, T960A, C966G, C972T, A975G, T987C, A1011G, C1021T, A1023G, G1026A, C1033T, A1038G, A1044G, C1047T, C1050T, A1056G, G1059A, A1062G, C1107T, G1111A, C1120T, G1135A, T1136C, A1137G, C1164T, T1167G, C1170T, G1176A, A1188C, T1191G, T1203C, G1206T, A1209G, A1219G, T1221C, A1230G, A1239G, C1243A, G1248A, T1284C, C1287A, T1293C, C1314T, C1317T, C1329T, A1335G, G1341T, A1350G	Чукотский АО	Vulpes vulpes	2017	N7
MN384719	G7A, C30T, T57C, C96T, C99T, A102G, T105C, A111G, T118A, A123C, T126C, A132G, G135A, T138C, A147G, T150C, A153G, T175G, A178T, G182A, C183T, C186T, A192G, C204T, T207C, C216T, G222A, G225A, G228T, T240C, T243C, A252G, G258C, A279G, G283C, A291G, A294G, G317A, A336G, A344G, C364T, A369G, C375G, A387T, A390G, C402T, T405A, C417T, G441A, G447A, T448C, G450A, C462T, G470A, T477C, C501T, T519C, T531C, G535A, A540G, A549G, C552T, A576G, T585C, T588C, T615C, T616C, C621A, A624G, T630C, A660G, G678A, A684G, T687A, T708C, A711G, A714G, G720A, A744G, C747A, C756T, T759A, A762G, G765A, C783T, G789A, T795C, T819C, G828A, G831A, T852C, C861T, C867T, A876G, A891G, T894C, T912A, C921T, T936C, A945C, C951T, T960A, C966G, C972T, A975G, T987C, T1008C, A1011G, C1021T, A1023G, G1026A, C1033T, A1038G, A1044G, C1047T, A1056G, G1059A, A1062G, A1071G, C1107T, G1111A, G1113A, C1120T, G1135A, T1136C, A1137G, C1164T, T1167G, A1188C, T1191G, T1203C, G1206T, A1209G, A1219G, T1221C, A1230G, A1239G, C1243A, G1248A, T1284C, C1287A, T1293C, C1314T, C1317T, C1329T, A1335G, G1341T, A1350G	Чукотский АО	Vulpes vulpes	2017	N8
MN384720	C30T, C96T, C99T, A102G, T105C, A111G, T118A, A123C, T126C, A132T, T138C, A147G, T150C, A153G, T175G, A178T, G182A, C183T, C186T, A192G, C204T, T207C, G222A, G225A, G228C, T240C, T243C, A252G, G258C, A279G, G283C, A294G, G317A, A336G, A344G, C364T, C375G, A387T, A390G, C402T, T405A, C417T, T418C, G447A, T448C, G450A, C462T, G470A, C501T, T519C, T531C, G535A, A540G, A549G, C552T, A561G, A576G, T585C, T588C, T615C, T616C, G618T, C621A, A624G, T630C, T651C, A660G, G678A, C681T, A684G, T687A, T708C, A711G, A714G, G720A, C735T, A744G, C747A, C756T, T759C, A762G, G765A, C783T, G789A, T795C, G828A, G831A, T852C, C861T, C867T, A876G, A891G, T894C, T912A, C921T, T936C, A945T, T960A, C966G, C972T, A975G, T987C, A1011G, C1021T, A1023G, G1026A, C1033T, A1038G, A1044G, C1047T, C1050T, G1053T, A1056G, G1059A, A1062G, C1107T, G1111A, C1120T, G1135A, T1136C, A1137G, C1164T, T1167G, C1170T, G1176A, A1188C, T1191G, T1203C, G1206T, A1209G, A1219G, T1221C, A1230G, A1239G, C1243A, G1248A, T1284C, C1287A, T1293C, C1314T, C1317T, C1329T, A1335G, G1341T, A1350G	Чукотский АО	Canis lupus familiaris	2018	N7
MN384721	C30T, C96T, C99T, A102G, T105C, A111G, T118A, A123C, T126C, A132G, G135A, T138C, A147G, T150C, A153G, T175G, A178T, G182A, C183T, C186T, A192G, C204T, T207C, C216T, G222A, G225A, G228C, T240C, T243C, A252G, G258C, A279G, G283C, A291G, A294G, G317A, A336G, A344G, C364T, A369G, C375G, A387T, A390G, C402T, T405A, C417T, G441A, G447A, T448C, G450A, C462T, G470A, T477C, C501T, T519C, T531C, G535A, A540G, A549G, C552T, A561G, A576G, T585C, T588C, T615C, T616C, C621A, A624G, T630C, A660G, G678A, C681T, A684G, T687A, T708C, A711G, A714G, G720A, A744G, C747A, C756T, T759A, A762G, G765A, C783T, G789A, T795C, G828A, G831A, T852C, C861T, C867T, A876G, A891G, T894C, T912A, C921T, T936C, A945C, T960A, C966G, C972T, A975G, T987C, A1011G, C1021T, A1023G, C1033T, A1038G, A1044G, C1047T, A1056G, G1059A, A1062G, A1071G, C1107T, G1111A, G1113A, C1120T, G1135A, T1136C, A1137G, C1164T, T1167G, A1188C, T1191G, T1203C, G1206T, A1209G, A1219G, T1221C, A1230G, A1239G, C1243A, G1248A, T1284C, C1287A, T1293C, C1314T, C1317T, C1329T, A1335G, G1341T, A1350G	Чукотский АО	Vulpes vulpes	2017	N8
MN384722	G39A, T48C, G81A, C96G, A102G, T105C, T107C, T118A, A123T, T126C, A132G, G135A, T138C, A147G, A153G, C159T, A171G, A174G, T175G, C177T, A178T, G182A, C183T, C186T, A192G, C204T, T219C, G222A, G225A, G228C, T238C, T240C, G258T, G283C, C292A, G301A, T303C, A315G, G317A, G324T, A333C, A336G, C364T, A369T, C375A, A387G, A390G, T405C, C417T, T418C, A420G, T448C, C462A, G470A, T477G, T483C, C501T, G513A, T519C, G535A, C552T, T555C, A561G, A567G, A576G, C606T, T615C, T630C, G678A, A684G, T687A, A702G, C705T, T708C, A711T, A714G, G720A, A723G, T726C, A744G, C747A, C756T, T759A, G765A, A774G, G789A, T795C, T840G, C861T, C874T, A876G, T880C, A891G, A903G, T912A, C921T, A945C, C951T, T960G, C966A, A969G, C972T, A975G, G984A, T987C, T1005C, A1011G, C1021T, A1044G, C1047T, G1059A, A1062G, T1065C, A1068G, A1104G, C1107T, G1111A, C1120T, A1137G, C1141T, T1152C, A1155G, T1158G, T1167A, C1170T, G1176A, C1185T, A1188C, T1203C, G1206C, T1218C, A1219G, T1221C, A1230G, G1248A, C1275T, T1284C, T1293C, A1296G, A1305G, C1314T, G1341T	Амурская область	Bos taurus	2018	N7.1
MW035709	A21C, C66A, C96T, T126C, A132G, T138C, T144C, T150C, G166A, T175G, G182A, C183T, C186T, T195A, C204T, T219C, G225A, G228A, T240C, A252G, G283T, G301A, A302G, T303C, A315G, G317A, G330A, A336G, A348G, G354A, C382T, A387T, C403T, G408A, C417T, A420G, C462A, G465A, G470A, G486A, T495C, C501T, T519C, A525C, A549G, A567G, T588C, A603G, C606T, A624G, T630C, C633T, A660G, A684G, C690T, A714T, G720A, A723G, A741G, A744G, T759A, G765A, T777C, A813G, T852C, T885C, A891G, C921T, C927T, A945T, G984A, T993C, A1011G, G1041A, C1047T, G1059A, T1065C, A1068G, G1113A, A1137G, A1140T, A1162C, C1173T, C1185T, A1188T, G1206A, T1212C, A1230G, G1248A, A1254G, G1257A, C1260T, C1287A, A1296G, A1311G, C1314T, A1335G, G1343A, T1344C, A1350T	Республика Хакасия	Vulpes vulpes	2016	N2
MW035710	A21C, C66A, C96T, T126C, A132G, G135A, T138C, T144C, T150C, G166A, T175G, G182A, C183T, C186T, T195A, C204T, T219C, G225A, G228A, T240C, A252G, G283T, G301A, T303C, A315G, G317A, G330A, A336G, A348G, G354A, C382T, A387T, C403T, G408A, C417T, A420G, C462A, G465A, G470A, G486A, T495C, C501T, T519C, A525C, A549G, A567G, A603G, C606T, T630C, A660G, A684G, C690T, A714T, G720A, A723G, A741G, A744G, T759A, G765A, C772T, T777C, A813G, T852C, T885C, A891G, C921T, A945T, G984A, T993C, A1011G, G1041A, G1059A, T1065C, A1068G, G1113A, A1137G, A1140T, A1162C, C1173T, C1185T, A1188C, G1206A, T1212C, A1230G, G1248A, A1254G, G1257A, C1260T, C1287A, A1311G, C1314T, A1335G, G1343A, T1344C, A1350T	Республика Хакасия	Equus caballus	2016	N2
MW035711	A21C, T63C, C66A, G81A, C96T, T126C, A129G, A132G, G135A, T138C, T144C, T150C, A153G, G166A, T175G, G182A, C183T, C186T, A192G, T195A, C204T, T219C, G225A, G228A, T240C, A252G, G283T, G301A, T303C, A315G, G317A, A336G, G354A, C382T, A387T, A390G, C403T, G408A, C417T, A420G, C423A, C462A, G465A, G470A, G486A, T495C, C501T, T519C, A525C, A540G, T555C, A567G, T588C, A603G, C606T, A624G, T630C, C672T, A684G, C690T, A714T, G720A, T729A, A740G, A741G, A744G, T750C, T759A, G765A, C772T, T777C, T852C, T885C, A891G, C921T, A945T, G984A, T993C, A1011G, G1041A, A1044G, G1059A, T1065C, A1068G, C1077T, G1113A, A1137G, A1140T, C1141T, A1162C, C1173T, C1185T, A1188C, T1191A, G1206A, T1212C, A1230G, G1248A, C1260T, C1287A, C1314T, A1335G, G1343A, T1344C, A1350T	Забайкальский край	Vulpes vulpes	2016	N3
MW035712	A21C, T63C, C66A, G81A, C96T, T126C, A129G, A132G, G135A, T138C, T144C, T150C, G166A, T175G, G182A, C183T, C186T, A192G, T195A, C204T, T219C, G225A, G228A, T240C, A252G, G283T, G301A, T303C, A315G, G317A, A336G, G354A, C382T, A387T, A390G, C403T, G408A, C417T, A420G, C423A, C462A, G465A, G470A, G486A, T495C, C501T, T519C, A525C, A540G, T555C, A567G, T588C, A603G, C606T, A624G, T630C, A684G, C690T, A714T, G720A, T729A, A741G, A744G, T759A, G765A, C772T, T777C, T852C, T885C, A891G, C921T, A945T, G984A, T993C, A1011G, G1041A, A1044G, G1059A, T1065C, A1068G, G1113A, A1137G, A1140T, C1141T, A1162C, C1173T, C1185T, A1188C, T1191A, G1206A, T1212C, A1230G, G1248A, C1260T, C1287A, C1314T, A1335G, G1343A, T1344C, A1350T	Забайкальский край	Bos taurus	2016	N3
MW035713	A21C, T63C, C66A, G81A, C96T, T126C, A129G, A132G, G135A, T138C, T144C, T150C, G166A, T175G, G182A, C183T, C186T, A192G, T195A, C204T, G208A, T219C, G225A, G228A, T240C, A252G, G283T, G301A, T303C, A315G, G317A, A336G, G354A, C382T, A387T, A390G, C403T, G408A, C417T, A420G, C423A, C462A, G465A, G470A, G486A, T495C, C501T, T519C, A525C, A540G, T555C, A567G, T588C, A603G, C606T, A624G, T630C, A684G, C690T, A714T, G720A, T729A, A741G, A744G, T759A, G765A, C772T, T777C, T852C, T885C, A891G, C921T, A945T, G984A, T993C, A1011G, G1041A, A1044G, G1059A, T1065C, A1068G, G1113A, A1137G, A1140T, C1141T, A1162C, C1173T, C1185T, A1188C, T1191A, G1206A, T1212C, A1230G, G1248A, C1260T, C1287A, C1314T, A1335G, G1343A, T1344C, A1350T	Забайкальский край	Bos taurus	2016	N3
MW035714	A21C, C66A, C96T, T126C, A132G, G135A, T138C, T144C, T150C, G166A, T175G, G182A, C183T, C186T, T195A, C204T, T219C, G225A, G228A, T240C, A252G, G283T, G301A, A302G, T303C, A305G, A315G, G317A, G330A, A336G, A348G, G354A, C382T, A387T, C403T, G408A, C417T, C462A, G465A, G470A, T477C, G486A, T495C, C501T, T519C, A525C, A549G, A567G, T570C, A603G, C606T, T630C, G648A, A660G, A684G, C690T, A714T, G720A, A723G, A741G, A744G, T759A, G765A, T777C, A813G, T852C, T885C, A891G, C921T, C927T, A945T, G984A, T990C, T993C, G1041A, C1047T, G1059A, T1065C, A1068G, G1113A, A1137G, A1140T, A1162C, C1173T, C1185T, A1188T, G1206A, T1212C, A1230G, G1248A, A1254G, G1257A, C1260T, C1287A, A1311G, C1314T, A1335G, G1343A, T1344C, A1350T	Республика Хакасия	Vulpes vulpes	2017	N2
MW035715	A21C, C66A, C96T, T126C, A132G, G135A, T138C, T144C, T150C, G166A, T175G, G182A, C183T, C186T, T195A, C204T, T219C, G225A, G228A, T240C, A252G, G283T, G301A, A302G, T303C, A305G, A315G, G317A, G330A, A336G, A348G, G354A, C382T, A387T, C403T, G408A, C417T, C462A, G465A, G470A, T477C, G486A, T495C, C501T, T519C, A525C, A549G, A567G, T570C, A603G, C606T, T630C, C633T, G648A, A660G, A684G, C690T, A714T, G720A, A723G, A741G, A744G, T759A, G765A, T777C, A813G, T852C, T885C, A891G, C921T, C927T, A945T, G984A, T990C, T993C, G1041A, C1047T, G1059A, T1065C, A1068G, G1113A, A1137G, A1140T, A1162C, C1173T, C1185T, A1188T, G1206A, T1212C, A1230G, G1248A, A1254G, G1257A, C1260T, C1287A, A1311G, C1314T, A1335G, G1343A, T1344C, A1350T	Республика Хакасия	Vulpes vulpes	2017	N2
MW035716	A21C, T49C, C66A, C84T, C96T, T126C, A132G, G135A, T138C, T144C, T150C, A156G, G166A, T175G, G182A, C183T, C186T, T195A, C204T, T219C, G225A, G228A, T240C, A252G, G283C, G301A, T303C, A315G, G317A, G330A, A336G, A348G, G354A, T357C, C382T, A387T, A390G, C403T, G408A, C417T, A420G, C462A, G465A, G470A, G486A, T495C, C501T, T519C, A525C, A549G, T597C, A603G, C606T, T630C, C645T, A660G, A684G, C690T, A714T, G720A, A723G, A741G, A744G, T759A, G765A, T777C, T852C, C861T, T885C, A891G, T918C, C921T, T930C, C939T, A945T, G984A, T993C, T999C, T1002C, A1011G, C1033T, G1041A, G1059A, T1065C, A1068G, G1113A, G1122C, A1137G, C1141T, A1162C, C1173T, C1182T, A1188C, G1206A, A1230G, G1248A, C1264A, C1275A, C1287A, A1296G, C1314T, C1317T, A1335G, G1343A, T1344C, C1347T, A1350T	Красноярский край	Ovis aries	2017	N4
MW035717	A21C, T49C, C66A, C96T, T126C, A132G, G135A, T138C, T144C, T150C, G166A, T175G, G182A, C183T, C186T, T195A, T198C, C204T, T219C, G225A, G228A, T240C, A252G, C264T, G283T, G301A, T303C, A315G, G317A, G330A, A336G, A348G, G354A, C382T, A387T, C403T, G408A, C417T, A420G, C462A, G465A, G470A, G486A, T495C, C501T, A525C, A549G, A567G, A603G, C606T, T630C, A660G, A684G, C690T, A714T, G720A, A723G, A741G, A744G, T759A, G765A, T777C, A813G, T852C, T885C, A891G, C921T, A945T, G984A, T993C, A1011G, G1041A, G1059A, T1065C, A1068G, G1113A, A1137G, A1140T, A1162C, C1173T, C1185T, A1188C, G1206A, T1212C, A1230G, G1248A, A1254G, G1257A, C1260T, C1287A, A1311G, C1314T, A1335G, G1343A, T1344C, A1350T	Красноярский край	Canis lupus familiaris	2017	N2
MW035718	A21C, C66A, C96T, T126C, A132G, G135A, T138C, T144C, T150C, G166A, T175G, G182A, C183T, C186T, T195A, C204T, T219C, G225A, G228A, T240C, A252G, G283T, G301A, T303C, A315G, G317A, G330A, A336G, A348G, G354A, C382T, A387T, C403T, G408A, C417T, A420G, C462A, G465A, G470A, G486A, T495C, C501T, T519C, A525C, A549G, A567G, A603G, C606T, T630C, A660G, A684G, C690T, A714T, G720A, A723G, A741G, A744G, T759A, G765A, T777C, A813G, T852C, T885C, A891G, C921T, A945T, G984A, T993C, A1011G, G1041A, G1059A, T1065C, A1068G, G1113A, A1137G, A1140T, A1162C, C1173T, C1185T, A1188C, G1206A, T1212C, A1230G, G1248A, A1254G, G1257A, C1260T, C1287A, A1311G, C1314T, A1335G, G1343A, T1344C, A1350T	Красноярский край	Vulpes vulpes	2017	N2
MW035719	A21C, T49C, C66A, C84T, C96T, T126C, A132G, G135A, T138C, T144C, T150C, A156G, G166A, T175G, G182A, C183T, C186T, T195A, C204T, T219C, G225A, G228A, T240C, A252G, G283C, G301A, T303C, A315G, G317A, G330A, A336G, A348G, G354A, T357C, C382T, A387T, A390G, C403T, G408A, C417T, A420G, C462A, G465A, G470A, G486A, T495C, C501T, T519C, A525C, A549G, T597C, A603G, C606T, T630C, C645T, A660G, A684G, C690T, A714T, G720A, A723G, A741G, A744G, T759A, G765A, T777C, T852C, C861T, T885C, A891G, T918C, C921T, T930C, C939T, A945T, G984A, T993C, T999C, T1002C, A1011G, C1033T, G1041A, G1059A, T1065C, A1068G, G1113A, G1122C, A1137G, C1141T, A1162C, C1173T, C1182T, A1188C, G1206A, A1230G, G1248A, C1264A, C1275A, C1287A, A1296G, C1314T, C1317T, A1335G, G1343A, T1344C, C1347T, A1350T	Красноярский край	Vulpes vulpes	2017	N4
MW035720	A21C, C66A, C96T, T126C, A132G, G135A, T138C, T144C, T150C, G166A, T175G, G182A, C183T, C186T, T195A, C204T, T219C, G225A, G228A, T240C, A252G, G283T, G301A, T303C, A315G, G317A, G330A, A336G, A348G, G354A, C382T, A387T, C403T, G408A, C417T, A420G, C462A, G465A, G470A, G486A, T495C, C501T, T519C, A525C, A549G, A567G, A603G, C606T, A624G, T630C, A660G, A684G, C690T, A714T, G720A, A723G, A741G, A744G, T759A, G765A, T777C, A813G, T852C, T885C, A891G, C921T, A945T, G984A, T993C, A1011G, G1041A, G1059A, T1065C, A1068G, G1113A, A1137G, A1140T, A1162C, C1173T, C1185T, A1188C, G1206A, T1212C, A1230G, G1248A, A1254G, G1257A, C1260T, C1287A, A1311G, C1314T, A1335G, G1343A, T1344C, A1350T	Красноярский край	Vulpes vulpes	2018	N2
MW035721	A21C, T49C, C66A, C84T, C96T, T126C, A132G, G135A, T138C, T144C, T150C, A156G, G166A, T175G, G182A, C183T, C186T, T195A, C204T, T219C, G225A, G228A, T240C, G249A, A252G, G283C, G301A, T303C, A315G, G317A, G330A, A336G, A348G, G354A, T357C, C382T, A387T, A390G, C403T, G408A, C417T, A420G, C462A, G465A, G470A, G486A, T495C, C501T, T519C, A525C, A549G, T597C, A603G, C606T, A624G, T630C, C645T, A660G, A684G, C690T, A714T, G720A, A723G, A741G, A744G, T759A, G765A, T777C, T852C, C861T, T885C, A891G, T918C, C921T, T930C, C939T, A945T, G984A, T993C, T999C, T1002C, A1011G, C1033T, G1041A, G1059A, T1065C, A1068G, G1113A, G1122C, A1137G, C1141T, A1162C, C1173T, C1182T, A1188C, G1206A, A1230G, G1248A, C1264A, C1275A, C1287A, A1296G, C1314T, C1317T, A1335G, G1343A, T1344C, C1347T, A1350T	Красноярский край	Vulpes vulpes	2018	N4
MW035722	A21C, T49C, C66A, C96T, T126C, A132G, G135A, T138C, T144C, T150C, G166A, T175G, G182A, C183T, C186T, T195A, T198C, C204T, T219C, G225A, G228A, T240C, A252G, C264T, G283T, G301A, T303C, A315G, G317A, G330A, A336G, A348G, G354A, C382T, A387T, C403T, G408A, C417T, A420G, C462A, G465A, G470A, G486A, T495C, C501T, A525C, A549G, A567G, A603G, C606T, A624G, T630C, A660G, A684G, C690T, A714T, G720A, A723G, A741G, A744G, T759A, G765A, T777C, T852C, T885C, A891G, C921T, A945T, G984A, T993C, A1011G, G1041A, G1059A, T1065C, A1068G, G1113A, A1125T, A1137G, A1140T, A1162C, C1173T, C1185T, A1188C, G1206A, T1212C, A1230G, G1248A, A1254G, G1257A, C1260T, C1287A, A1311G, C1314T, A1335G, G1343A, T1344C, A1350T	Красноярский край	Bos taurus	2018	N2
MW035723	A21C, C66A, C96T, T126C, A132G, G135A, T138C, T144C, T150C, G166A, T175G, G182A, C183T, C186T, T195A, C204T, T219C, G225A, G228A, T240C, A252G, G283T, G301A, T303C, A315G, G317A, G330A, A336G, A348G, G354A, C382T, A387T, C403T, G408A, C417T, A420G, C462A, G465A, G470A, G486A, T495C, C501T, T519C, A525C, A549G, A567G, A603G, C606T, A624G, T630C, A660G, A684G, C690T, A714T, G720A, A723G, A741G, A744G, T759A, G765A, T777C, A813G, T852C, T885C, A891G, C921T, A945T, G984A, T993C, A1011G, G1041A, G1059A, T1065C, A1068G, G1113A, A1137G, A1140T, A1162C, C1173T, C1185T, A1188C, G1206A, T1212C, A1230G, G1248A, A1254G, G1257A, C1260T, C1287A, A1311G, C1314T, A1335G, G1343A, T1344C, A1350T	Красноярский край	Vulpes vulpes	2018	N2
MW035724	A21C, C66A, C96T, T126C, A132G, G135A, T138C, T144C, T150C, G166A, T175G, G182A, C183T, C186T, T195A, C204T, T219C, G225A, G228A, T240C, A252G, G283T, G301A, T303C, A315G, G317A, G330A, A336G, A348G, G354A, T357C, C382T, A387T, C403T, G408A, C417T, A420G, C462A, G465A, G470A, G486A, T495C, C501T, T519C, A525C, A549G, A567G, A603G, C606T, A624G, T630C, A660G, A684G, C690T, A714T, G720A, A741G, A744G, T759A, A762G, G765A, T777C, G804A, A813G, T852C, T885C, A891G, C921T, A945T, G984A, T993C, A1011G, G1041A, G1059A, T1065C, A1068G, G1113A, A1137G, A1140T, A1162C, C1173T, C1185T, A1188C, G1206A, T1212C, A1230G, G1248A, A1254G, G1257A, C1260T, C1287A, A1311G, C1314T, A1335G, G1343A, T1344C, A1350T	Красноярский край	Bos taurus	2018	N2
MW035725	A21C, T49C, C66A, C84T, C96T, T126C, A132G, G135A, T138C, T144C, T150C, A156G, G166A, T175G, G182A, C183T, C186T, T195A, C204T, T219C, G225A, G228A, T240C, A252G, G283C, G301A, T303C, A315G, G317A, G330A, A336G, A348G, G354A, T357C, C382T, A387T, A390G, C403T, G408A, C417T, A420G, C462A, G465A, G470A, G486A, T495C, C501T, T519C, A525C, A549G, T597C, A603G, C606T, A624G, T630C, C645T, A660G, A684G, C690T, A714T, G720A, A723G, A741G, A744G, T759A, G765A, T777C, T852C, C861T, T885C, A891G, T918C, C921T, T930C, C939T, A945T, G984A, T993C, T999C, T1002C, A1011G, C1033T, G1041A, G1059A, T1065C, A1068G, G1113A, G1122C, A1137G, C1141T, A1162C, C1173T, C1182T, A1188C, G1206A, A1230G, G1248A, C1264A, C1275A, C1287A, A1296G, C1314T, C1317T, A1335G, G1343A, T1344C, C1347T, A1350T	Красноярский край	Vulpes vulpes	2018	N4
MW035726	A21C, C66A, C96T, T126C, A132G, G135A, T138C, T144C, T150C, G166A, T175G, G182A, C183T, C186T, T195A, C204T, T219C, G225A, G228A, T240C, A252G, G283T, G301A, T303C, A315G, G317A, G330A, A336G, A348G, G354A, C382T, A387T, C403T, G408A, C417T, A420G, C462A, G465A, G470A, G486A, T495C, C501T, T519C, A525C, A549G, A567G, A603G, C606T, A624G, T630C, A660G, A684G, C690T, A714T, G720A, A723G, A741G, A744G, T759A, G765A, T777C, A813G, T852C, T885C, A891G, C921T, A945T, G984A, T993C, A1011G, G1041A, G1059A, T1065C, A1068G, G1113A, A1137G, A1140T, A1162C, C1173T, C1185T, A1188C, G1206A, T1212C, A1230G, G1248A, A1254G, G1257A, C1260T, C1287A, A1311G, C1314T, A1335G, G1343A, T1344C, A1350T	Красноярский край	Vulpes vulpes	2018	N2
MW035727	A21C, C66A, C96T, T126C, A132G, G135A, T138C, T144C, T150C, G166A, T175G, G182A, C183T, C186T, T195A, C204T, T219C, G225A, G228A, T240C, A252G, G283T, G301A, A302G, T303C, A315T, G317A, G330A, A336G, A348G, G354A, C382T, A387T, C403T, G408A, C417T, A420G, C462A, G465A, G470A, G486A, T495C, C501T, T519C, A525C, A549G, A567G, T588C, A603G, C606T, A624G, T630C, C633T, A660G, A684G, C690T, A714T, G720A, A723G, A741G, A744G, T759A, G765A, T777C, A813G, T852C, T885C, A891G, C921T, C927T, A945T, G984A, T993C, A1011G, G1041A, C1047T, G1059A, T1065C, A1068G, G1113A, A1137G, A1140T, A1162C, C1173T, C1185T, A1188T, G1206A, T1212C, A1230G, G1248A, A1254G, G1257A, C1260T, C1287A, A1311G, C1314T, A1335G, G1343A, T1344C, A1350T	Красноярский край	Vulpes vulpes	2018	N2
MW035728	A21C, T49C, C66A, C84T, C96T, T126C, A132G, G135A, T138C, T144C, T150C, A156G, G166A, T175G, G182A, C183T, C186T, T195A, C204T, T219C, G225A, G228A, T240C, A252G, G283C, G301A, T303C, A315G, G317A, G330A, A336G, A348G, G354A, T357C, C382T, A387T, A390G, C403T, G408A, C417T, A420G, C462A, G465A, G470A, G486A, T495C, C501T, T519C, A525C, A549G, T597C, A603G, C606T, A624G, T630C, C645T, A660G, A684G, C690T, A714T, G720A, A723G, A741G, A744G, T759A, G765A, T777C, T852C, C861T, T885C, A891G, T918C, C921T, T930C, C939T, A945T, G984A, T993C, T999C, T1002C, A1011G, C1033T, G1041A, G1059A, T1065C, A1068G, G1113A, G1122C, A1137G, C1141T, A1162C, C1173T, C1182T, A1188C, G1206A, A1230G, G1248A, C1264A, C1275A, C1287A, A1296G, C1314T, C1317T, A1335G, G1343A, T1344C, C1347T, A1350T	Красноярский край	Vulpes vulpes	2018	N4
MW035729	A21C, T49C, C66A, C84T, C96T, T126C, A132G, G135A, T138C, T144C, T150C, A156G, G166A, T175G, G182A, C183T, C186T, T195A, C204T, T219C, G225A, G228A, T240C, A252G, G283C, G301A, T303C, A315G, G317A, G330A, A336G, A348G, G354A, T357C, C382T, A387T, A390G, C403T, G408A, C417T, A420G, C462A, G465A, G470A, G486A, T495C, C501T, T519C, A525C, A549G, T597C, A603G, C606T, A624G, T630C, C645T, A660G, A684G, C690T, A714T, G720A, A723G, A741G, A744G, T759A, G765A, T777C, T840C, T852C, C861T, T885C, A891G, T918C, C921T, T930C, C939T, A945T, G984A, T993C, T999C, T1002C, A1011G, C1033T, G1041A, G1059A, T1065C, A1068G, G1113A, G1122C, A1137G, C1141T, A1162C, C1173T, C1182T, A1188C, G1206A, A1230G, G1248A, C1264A, C1275A, C1287A, A1296G, C1314T, C1317T, A1335G, G1343A, T1344C, C1347T, A1350T	Красноярский край	Canis lupus familiaris	2018	N4
MW035730	A21C, T49C, C66A, C84T, C96T, T126C, A132G, G135A, T138C, T144C, T150C, A156G, G166A, T175G, G182A, C183T, C186T, T195A, C204T, T219C, G225A, G228A, T240C, A252G, G283C, G301A, T303C, A315G, G317A, G330A, A336G, A348G, G354A, T357C, C382T, A387T, A390G, C403T, G408A, C417T, A420G, C462A, G465A, G470A, G486A, T495C, C501T, T519C, A525C, A549G, T597C, A603G, C606T, A624G, T630C, C645T, A660G, A684G, C690T, A714T, G720A, A723G, A741G, A744G, T759A, G765A, T777C, T840C, T852C, C861T, T885C, A891G, T918C, C921T, T930C, C939T, A945T, G984A, T993C, T999C, T1002C, A1011G, C1033T, G1041A, G1059A, T1065C, A1068G, G1113A, G1122C, A1137G, C1141T, A1162C, C1173T, C1182T, A1188C, G1206A, A1230G, G1248A, C1264A, C1275A, C1287A, A1296G, C1314T, C1317T, A1335G, G1343A, T1344C, C1347T, A1350T	Красноярский край	Vulpes vulpes	2018	N4
MW035731	A21C, T49C, C66A, C96T, T126C, A132G, G135A, T138C, T144C, T150C, G166A, A171G, T175G, G182A, C183T, C186T, T195A, T198C, C204T, T219C, G225A, G228A, T240C, A252G, C264T, G283T, G301A, T303C, A315G, G317A, G330A, A336G, A348G, G354A, C382T, A387T, C403T, G408A, C417T, A420G, C462A, G465A, G470A, G486A, T495C, C501T, A525C, A549G, A567G, A603G, C606T, A624G, T630C, A660G, A684G, C690T, A714T, G720A, A723G, A741G, A744G, T759A, G765A, T777C, A813G, T852C, T885C, A891G, C921T, A945T, G984A, T993C, A1011G, G1041A, G1059A, T1065C, A1068G, G1113A, A1137G, A1140T, A1162C, C1173T, C1185T, A1188C, G1206A, T1212C, A1230G, G1248A, A1254G, G1257A, C1260T, C1287A, A1311G, C1314T, A1335G, G1343A, T1344C, A1350T	Красноярский край	Equus caballus	2018	N2
MW035732	A21C, C66A, C96T, T126C, A132G, G135A, T138C, T144C, T150C, G166A, T175G, G182A, C183T, C186T, T195A, C204T, T219C, G225A, G228A, T240C, A252G, G283T, G301A, T303C, A315G, G317A, G330A, A336G, A348G, G354A, C382T, A387T, C403T, G408A, C417T, A420G, C462A, G465A, G470A, G486A, T495C, C501T, T519C, A525C, A549G, A567G, A603G, C606T, A624G, T630C, A660G, A684G, C690T, A714T, G720A, A723G, A741G, A744G, T759A, G765A, T777C, A813G, T852C, T885C, A891G, C921T, A945T, G984A, T993C, A1011G, G1041A, G1059A, T1065C, A1068G, G1113A, A1137G, A1140T, A1162C, C1173T, C1185T, A1188C, G1206A, T1212C, A1230G, G1248A, A1254G, G1257A, C1260T, C1287A, A1311G, C1314T, A1335G, G1343A, T1344C, A1350T	Красноярский край	Vulpes vulpes	2018	N2
MW035733	A21C, T49C, C66A, C84T, C96T, T126C, A132G, G135A, T138C, T144C, T150C, A156G, G166A, T175G, G182A, C183T, C186T, T195A, C204T, T219C, G225A, G228A, T240C, A252G, G283C, G301A, T303C, A315G, G317A, G330A, A336G, A348G, G354A, T357C, C382T, A387T, A390G, C403T, G408A, C417T, A420G, C462A, G465A, G470A, G486A, T495C, C501T, T519C, A525C, A549G, A576G, T597C, A603G, C606T, A624G, T630C, C645T, A660G, A684G, C690T, A714T, G720A, A723G, A741G, A744G, T759A, G765A, T777C, T852C, C861T, T885C, A891G, T918C, C921T, T930C, C939T, A945T, G984A, T993C, T999C, T1002C, A1011G, C1033T, G1041A, G1059A, T1065C, A1068G, G1113A, G1122C, A1137G, C1141T, A1162C, C1173T, C1182T, A1188C, G1206A, A1230G, G1248A, C1264A, C1275A, C1287A, A1296G, C1314T, C1317T, A1335G, G1343A, T1344C, C1347T, A1350T	Красноярский край	Vulpes vulpes	2018	N4
MW035734	A21C, C66A, C96T, T126C, A132G, G135A, T138C, T144C, T150C, G166A, T175G, G182A, C183T, C186T, T195A, C204T, T219C, G225A, G228A, T240C, A252G, G283T, G301A, T303C, A315G, G317A, G330A, A336G, A348G, G354A, C382T, A387T, C403T, G408A, C417T, A420G, C462A, G465A, G470A, G486A, T495C, C501T, T519C, A525C, A549G, A567G, A603G, C606T, A624G, T630C, A660G, A684G, C690T, A714T, G720A, A723G, A741G, A744G, T759A, G765A, T777C, A813G, T852C, T885C, A891G, C921T, A945T, G984A, T993C, A1011G, G1041A, G1059A, T1065C, A1068G, G1113A, A1137G, A1140T, A1162C, C1173T, C1185T, A1188C, G1206A, T1212C, A1230G, G1248A, A1254G, G1257A, C1260T, C1287A, A1311G, C1314T, A1335G, G1343A, T1344C, A1350T	Красноярский край	Vulpes vulpes	2018	N2
MW035735	A21C, T49C, C66A, C96T, T126C, A132G, G135A, T138C, T144C, T150C, G166A, T175G, G182A, C183T, C186T, T195A, T198C, C204T, T219C, G225A, G228A, T240C, A252G, C264T, G283T, G301A, T303C, A315G, G317A, G330A, A336G, A348G, G354A, C382T, A387T, C403T, G408A, C417T, A420G, C462A, G465A, G470A, G486A, T495C, C501T, A525C, A549G, A567G, A603G, C606T, A624G, T630C, A660G, A684G, C690T, A714T, G720A, A723G, A741G, A744G, T759A, G765A, T777C, A813G, T852C, T885C, A891G, C921T, A945T, G984A, T993C, A1011G, G1041A, G1059A, T1065C, A1068G, G1113A, A1137G, A1140T, A1162C, C1173T, C1185T, A1188C, G1206A, T1212C, A1230G, G1248A, A1254G, G1257A, C1260T, C1287A, C1314T, A1335G, G1343A, T1344C, A1350T	Красноярский край	Equus caballus	2018	N2
MW035736	A21C, T49C, C66A, C96T, T126C, A132G, G135A, T138C, T144C, T150C, G166A, T175G, G182A, C183T, C186T, T195A, T198C, C204T, T219C, G225A, G228A, T240C, A252G, C264T, G283T, G301A, T303C, A315G, G317A, G330A, A336G, A348G, G354A, C382T, A387T, C403T, G408A, C417T, A420G, C462A, G465A, G470A, G486A, T495C, C501T, A525C, A549G, A567G, A603G, C606T, A624G, T630C, C642T, C645T, A660G, A684G, C690T, A714T, G720A, A723G, A741G, A744G, T759A, G765A, T777C, A813G, T852C, T885C, A891G, C921T, A945T, G984A, T993C, A1011G, G1041A, G1059A, T1065C, A1068G, G1113A, A1137G, A1140T, A1162C, C1173T, C1185T, A1188C, G1206A, T1212C, A1230G, G1248A, A1254G, G1257A, C1260T, C1287A, A1311G, C1314T, A1335G, G1343A, T1344C, A1350T	Красноярский край	Bos taurus	2018	N2
MW035737	A21C, A27G, T49C, C66A, C84T, T126C, A132G, G135A, T138C, T144C, T150C, A156G, G166A, T175G, G182A, C183T, C186T, T195A, C204T, T219C, G225A, G228A, T240C, A252G, G283C, G301A, T303C, A315G, G317A, G330A, A336G, A348G, G354A, T357C, C382T, A387T, C403T, G408A, C417T, A420G, C462A, G465A, G470A, G486A, T495C, C501T, T519C, A525C, A549G, T597C, A603G, C606T, A612G, A624G, T630C, A660G, A684G, C690T, A714T, G720A, A723G, A741G, A744G, T759A, G765A, T777C, T852C, C861T, T885C, A891G, A906G, T918C, C921T, T930C, C939T, A945T, G984A, T993C, T1002C, A1011G, C1033T, G1041A, G1059A, T1065C, A1068G, G1113A, G1122A, A1137G, C1141T, A1162C, C1173T, C1182T, A1188C, G1206A, A1230G, G1248A, C1275G, C1287A, C1314T, C1317T, A1335G, G1343A, T1344C, A1350T	Республика Алтай	Vulpes vulpes	2019	N4
MW035738	A21C, C66A, C96T, T126C, A132G, G135A, T138C, T144C, T150C, G166A, T175G, G182A, C183T, C186T, T195A, C204T, T219C, G225A, G228A, T240C, A252G, G283T, G301A, T303C, A315G, G317A, G330A, A336G, A348G, G354A, C382T, A387T, C403T, G408A, C417T, A420G, C462A, G465A, G470A, G486A, T495C, C501T, T519C, A525C, A549G, A567G, A603G, C606T, A624G, T630C, A660G, A684G, C690T, A714T, G720A, A723G, A741G, A744G, T759A, G765A, T777C, A813G, T852C, T885C, A891G, C921T, A945T, G984A, T993C, A1011G, G1041A, G1059A, T1065C, A1068G, G1113A, A1137G, A1140T, A1162C, C1173T, C1185T, A1188C, G1206A, T1212C, A1230G, G1248A, A1254G, G1257A, C1260T, C1287A, A1311G, C1314T, A1335G, G1343A, T1344C, A1350T	Красноярский край	Bos taurus	2019	N2
MW035739	A21C, T49C, C66A, C84T, C96T, T126C, A132G, G135A, T138C, T144C, T150C, A156G, G166A, T175G, G182A, C183T, C186T, T195A, C204T, T219C, G225A, G228A, T240C, A252G, G283T, G301A, T303C, A315G, G317A, G330A, A336G, A348G, G354A, T357C, C382T, A387T, A390G, C403T, G408A, C417T, A420G, C462A, G465A, G470A, G486A, T495C, C501T, T519C, A525C, A549G, T597C, A603G, C606T, T630C, C645T, A660G, A684G, C690T, A714T, G720A, A723G, A741G, A744G, A754T, T759A, G765A, T777C, T852C, C861T, T885C, A891G, T918C, C921T, T930C, C939T, A945T, G984A, T993C, T999C, T1002C, A1011G, C1033T, G1041A, G1059A, T1065C, A1068G, G1113A, G1122C, A1137G, C1141T, A1162C, C1173T, C1182T, A1188C, G1206A, A1230G, G1248A, C1264A, C1275A, C1287A, A1296G, C1314T, C1317T, A1335G, G1343A, T1344C, C1347T, A1350T	Красноярский край	Bos taurus	2019	N4
MW035740	A21C, T49C, C66A, C84T, C96T, T126C, A132G, G135A, T138C, T144C, T150C, A156G, G166A, T175G, G182A, C183T, C186T, T195A, C204T, T219C, G225A, G228A, T240C, A252G, G283C, G301A, T303C, A315G, G317A, G330A, A336G, A348G, G354A, T357C, C382T, A387T, A390G, C403T, G408A, C417T, A420G, C462A, G465A, G470A, G486A, T495C, C501T, T519C, A525C, A549G, T597C, A603G, C606T, A624G, T630C, C645T, A660G, A684G, C690T, A714T, G720A, A723G, A741G, A744G, T759A, G765A, T777C, T852C, C861T, T885C, A891G, T918C, C921T, T930C, C939T, A945T, G984A, T993C, T999C, T1002C, A1011G, C1033T, G1041A, G1059A, T1065C, A1068G, G1113A, G1122C, A1137G, C1141T, A1162C, C1173T, C1182T, A1188C, G1206A, A1230G, G1248A, C1264A, C1275A, C1287A, A1296G, C1314T, C1317T, A1335G, G1343A, T1344C, C1347T, A1350T	Красноярский край	Vulpes vulpes	2019	N4
MW035741	A21C, C66A, C96T, T126C, A132G, G135A, T138C, T144C, T150C, G166A, T175G, G182A, C183T, C186T, T195A, C204T, T219C, G225A, G228A, T240C, A252G, G283T, G301A, T303C, A315G, G317A, G330A, A336G, A348G, G354A, C382T, A387T, C403T, G408A, C417T, A420G, C462A, G465A, G470A, G486A, T495C, C501T, T519C, A525C, A549G, A567G, A603G, C606T, A624G, T630C, A660G, A684G, C690T, A714T, G720A, A723G, A741G, A744G, T759A, G765A, T777C, A813G, T852C, T885C, A891G, C921T, A945T, G984A, T993C, A1011G, G1041A, G1059A, T1065C, A1068G, A1100G, G1113A, A1137G, A1140T, A1162C, C1173T, C1185T, A1188C, G1206A, T1212C, A1230G, G1248A, A1254G, G1257A, C1260T, C1287A, A1311G, C1314T, A1335G, G1343A, T1344C, A1350T	Красноярский край	Vulpes vulpes	2019	N2
MW035742	A21C, C66A, C96T, T126C, A132G, G135A, T138C, T144C, T150C, G166A, T175G, G182A, C183T, C186T, T195A, C204T, T219C, G225A, G228A, T240C, A252G, G283T, G301A, A302G, T303C, A315G, G317A, G330A, A336G, A348G, G354A, C382T, A387T, C403T, G408A, C417T, A420G, C462A, G465A, G470A, G486A, T495C, C501T, T519C, A525C, A549G, A567G, T588C, A603G, C606T, A624G, T630C, C633T, A660G, A684G, C690T, A714T, G720A, A723G, A741G, A744G, T759A, G765A, T777C, A813G, T852C, T885C, A891G, C921T, C927T, A945T, G984A, T993C, T999C, A1011G, G1041A, C1047T, G1059A, T1065C, A1068G, G1113A, A1137G, A1140T, A1162C, C1173T, C1185T, A1188T, G1206A, T1212C, A1230G, G1248A, A1254G, G1257A, C1260T, C1287A, A1311G, C1314T, A1335G, G1343A, T1344C, A1350T	Красноярский край	Vulpes vulpes	2019	N2
MW035743	A21C, C66A, C96T, T126C, A132G, G135A, T138C, T144C, T150C, G166A, T175G, G182A, C183T, C186T, T195A, C204T, T219C, G225A, G228A, T240C, A252G, G283T, G301A, T303C, A315G, G317A, G330A, A336G, A348G, G354A, C382T, A387T, C403T, G408A, C417T, A420G, C462A, G465A, G470A, G486A, T495C, C501T, T519C, A525C, A549G, A567G, C606T, A624G, T630C, A660G, A684G, C690T, A714T, G720A, A723G, A741G, A744G, T759A, G765A, T777C, A813G, T852C, T885C, A891G, T900C, C921T, A945T, G984A, T993C, A1011G, G1041A, G1059A, T1065C, A1068G, G1113A, A1137G, A1140T, A1162C, C1173T, C1185T, A1188C, G1206A, T1212C, A1230G, G1248A, A1254G, G1257A, C1260T, C1287A, A1311G, C1314T, A1335G, T1338C, G1343A, T1344C, A1350T	Красноярский край	Vulpes vulpes	2019	N2
MW035744	A21C, C66A, C96T, T126C, A132G, G135A, T138C, T144C, T150C, G166A, T175G, G182A, C183T, C186T, T195A, C204T, T219C, G225A, G228A, T240C, A252G, G283T, G301A, T303C, A315G, G317A, G330A, A336G, A348G, G354A, C382T, A387T, C403T, G408A, C417T, A420G, C462A, G465A, G470A, G486A, T495C, C501T, T519C, A525C, A549G, A567G, A603G, C606T, A624G, T630C, A660G, A684G, C690T, A714T, G720A, A723G, A741G, A744G, T759A, G765A, T777C, A813G, T852C, T885C, A891G, C921T, A945T, G984A, T993C, A1011G, G1041A, G1059A, T1065C, A1068G, G1113A, A1137G, A1140T, A1162C, C1173T, C1185T, A1188C, G1206A, T1212C, A1230G, G1248A, A1254G, G1257A, C1260T, C1287A, A1311G, C1314T, A1335G, G1343A, T1344C, A1350T	Красноярский край	Vulpes vulpes	2019	N2
MW035745	A21C, C66A, C96T, T126C, A132G, G135A, T138C, T144C, T150C, G166A, T175G, G182A, C183T, C186T, T195A, C204T, T219C, G225A, G228A, T240C, A252G, G283T, G301A, T303C, A315G, G317A, G330A, A336G, A348G, G354A, C382T, A387T, C403T, G408A, C417T, A420G, C462A, G465A, G470A, G486A, T495C, C501T, T519C, A525C, A549G, A567G, A603G, C606T, A624G, T630C, A660G, A684G, C690T, A714T, G720A, A723G, A741G, A744G, T759A, G765A, T777C, A813G, T852C, T885C, A891G, C921T, A945T, G984A, T993C, A1011G, G1041A, G1059A, T1065C, A1068G, G1113A, A1137G, A1140T, A1162C, C1173T, C1185T, A1188C, G1206A, T1212C, A1230G, G1248A, A1254G, G1257A, C1260T, C1287A, A1311G, C1314T, A1335G, G1343A, T1344C, A1350T	Красноярский край	Vulpes vulpes	2019	N2
MW035746	A21C, C66A, C96T, T126C, A132G, G135A, T138C, T144C, T150C, G166A, T175G, G182A, C183T, C186T, T195A, C204T, T219C, G225A, G228A, T240C, A252G, G283T, G301A, T303C, A315G, G317A, G330A, A336G, A348G, G354A, C382T, A387T, C403T, G408A, C417T, A420G, C462A, G465A, G470A, G486A, T495C, C501T, T519C, A525C, A549G, A567G, A603G, C606T, A624G, T630C, A660G, A684G, C690T, A714T, G720A, A723G, A741G, A744G, T759A, G765A, T777C, A813G, T852C, T885C, A891G, C921T, A945T, G984A, T987C, T993C, A1011G, G1041A, G1059A, T1065C, A1068G, G1113A, A1137G, A1140T, A1162C, C1173T, C1185T, A1188C, G1206A, T1212C, A1230G, G1248A, A1254G, G1257A, C1260T, C1287A, A1311G, C1314T, A1335G, G1343A, T1344C, A1350T	Красноярский край	Vulpes vulpes	2019	N2
MW035747	A21C, T49C, C66A, C96T, T126C, A132G, G135A, T138C, T144C, T150C, G166A, T175G, G182A, C183T, C186T, T195A, T198C, C204T, T219C, G225A, G228A, T240C, A252G, C264T, G283T, G301A, T303C, A315G, G317A, G330A, A336G, A348G, G354A, C382T, A387T, C403T, G408A, C417T, A420G, C462A, G465A, G470A, G486A, T495C, C501T, A525C, A549G, A561G, A567G, A603G, C606T, A624G, T630C, A660G, A684G, C690T, A714T, G720A, A723G, A741G, A744G, T759A, G765A, T777C, A813G, T852C, T885C, A891G, C921T, A945T, G984A, T987C, T993C, A1011G, G1041A, G1059A, T1065C, A1068G, G1113A, A1137G, A1140T, A1162C, C1173T, C1185T, A1188C, G1206A, T1212C, A1230G, G1248A, A1254G, G1257A, C1260T, C1287A, A1311G, C1314T, A1335G, G1343A, T1344C, A1350T	Красноярский край	Vulpes vulpes	2019	N2
MW035748	A21C, T49C, C66A, C96T, T126C, A132G, G135A, T138C, T144C, T150C, G166A, T175G, G182A, C183T, C186T, T195A, T198C, C204T, T219C, G225A, G228A, T240C, A252G, C264T, G283T, G301A, T303C, A315G, G317A, G330A, A336G, A348G, G354A, C382T, A387T, C403T, G408A, C417T, A420G, C462A, G465A, G470A, G486A, T495C, C501T, A525C, A549G, A567G, A603G, C606T, A624G, T630C, A660G, A684G, C690T, A714T, G720A, A723G, A741G, A744G, T759A, G765A, T777C, A813G, T852C, T885C, A891G, C921T, A945T, G984A, T993C, A1011G, G1041A, G1059A, T1065C, A1068G, G1113A, A1137G, A1140T, A1162C, C1173T, C1185T, A1188C, G1206A, T1212C, A1230G, G1248A, A1254G, G1257A, C1260T, C1287A, A1311G, C1314T, A1335G, G1343A, T1344C, A1350T	Красноярский край	Canis lupus familiaris	2019	N2
MW035749	A21C, C66A, C96T, T126C, A132G, G135A, T138C, T144C, T150C, G166A, T175G, G182A, C183T, C186T, T195A, C204T, T219C, G225A, G228A, T240C, A252G, G283T, G301A, T303C, A315G, G317A, G330A, A336G, A348G, G354A, C382T, A387T, C403T, G408A, C417T, A420G, C462A, G465A, G470A, G486A, T495C, C501T, T519C, A525C, A549G, A567G, A603G, C606T, A624G, T630C, A660G, A684G, C690T, A714T, G720A, A723G, A741G, A744G, T759A, G765A, T777C, A813G, T852C, T885C, A891G, C921T, A945T, G984A, T993C, A1011G, G1041A, G1059A, T1065C, A1068G, G1113A, A1137G, A1140T, A1162C, C1173T, C1185T, A1188C, G1206A, T1212C, A1230G, G1248A, A1254G, G1257A, C1260T, C1287A, A1311G, C1314T, A1335G, G1343A, T1344C, A1350T	Красноярский край	Vulpes vulpes	2019	N2
MW035750	A21C, C66A, C96T, T126C, A132G, G135A, T138C, T144C, T150C, G166A, T175G, G182A, C183T, C186T, T195A, C204T, T219C, G225A, G228A, T240C, A252G, G283T, G301A, T303C, A315G, G317A, G330A, A336G, A348G, G354A, C382T, A387T, C403T, G408A, C417T, A420G, C462A, G465A, G470A, G486A, T495C, C501T, T519C, A525C, A549G, A567G, A603G, C606T, A624G, T630C, A660G, A684G, C690T, A714T, G720A, A723G, A741G, A744G, T759A, G765A, T777C, A813G, T852C, T885C, A891G, C921T, A945T, G984A, T993C, A1011G, G1041A, G1059A, T1065C, A1068G, G1113A, A1137G, A1140T, A1162C, C1173T, C1185T, A1188C, G1206A, T1212C, A1230G, G1248A, A1254G, G1257A, C1260T, C1287A, A1311G, C1314T, A1335G, G1343A, T1344C, A1350T	Красноярский край	Vulpes vulpes	2019	N2
MW035751	A21C, C66A, C96T, T126C, A132G, G135A, T138C, T144C, T150C, G166A, T175G, G182A, C183T, C186T, T195A, C204T, T219C, G225A, G228A, T240C, A252G, G283T, G301A, T303C, A315G, G317A, G330A, A336G, A348G, G354A, C382T, A387T, C403T, G408A, C417T, A420G, C462A, G465A, G470A, G486A, T495C, C501T, T519C, A525C, A549G, A567G, A603G, C606T, A624G, T630C, A660G, A684G, C690T, A714T, G720A, A723G, A741G, A744G, T759A, G765A, T777C, A813G, T852C, T885C, A891G, C921T, A945T, G984A, T993C, A1011G, G1041A, G1059A, T1065C, A1068G, A1100G, G1113A, A1137G, A1140T, A1162C, C1173T, C1185T, A1188C, G1206A, T1212C, A1230G, G1248A, A1254G, G1257A, C1260T, C1287A, A1311G, C1314T, A1335G, G1343A, T1344C, A1350T	Красноярский край	Canis lupus familiaris	2019	N2
MW035752	A21C, C66A, C96T, T126C, A132G, G135A, T138C, T144C, T150C, G166A, T175G, G182A, C183T, C186T, T195A, C204T, T219C, G225A, G228A, T240C, A252G, G283T, G301A, A302G, T303C, A305G, A315G, G317A, G330A, A336G, T345C, A348G, G354A, C382T, A387T, C403T, G408A, C417T, A420G, C462A, G465A, G470A, T477C, G486A, T495C, C501T, T519C, A525C, A549G, A567G, T570C, A603G, C606T, A624G, T630C, C633T, G648A, A660G, A684G, C690T, A714T, G720A, A723G, A741G, A744G, T759A, G765A, T777C, A813G, T852C, T885C, A891G, C921T, C927T, A945T, G984A, T993C, G1041A, C1047T, G1059A, T1065C, A1068G, G1113A, A1137G, A1140T, A1162C, C1173T, C1185T, A1188T, G1206A, T1212C, A1230G, G1248A, A1254G, G1257A, C1260T, C1287A, A1311G, C1314T, A1335G, G1343A, T1344C, A1350T	Красноярский край	Vulpes vulpes	2019	N2
MW035753	A21C, C66A, C96T, T126C, A132G, G135A, T138C, T144C, T150C, G166A, T175G, G182A, C183T, C186T, T195A, C204T, T219C, G225A, G228A, T240C, A252G, G283T, G301A, T303C, A315G, G317A, G330A, A336G, A348G, G354A, C382T, A387T, C403T, G408A, C417T, A420G, C462A, G465A, G470A, G486A, T495C, C501T, T519C, A525C, A549G, A567G, A603G, C606T, A624G, T630C, A660G, A684G, C690T, A714T, G720A, A723G, A741G, A744G, T759A, G765A, T777C, A813G, T852C, T885C, A891G, C921T, A945T, G984A, T993C, A1011G, G1041A, G1059A, T1065C, A1068G, A1100G, G1113A, A1137G, A1140T, A1162C, C1173T, C1185T, A1188C, G1206A, T1212C, A1230G, G1248A, A1254G, G1257A, C1260T, C1287A, A1311G, C1314T, A1335G, G1343A, T1344C, A1350T	Красноярский край	Vulpes vulpes	2019	N2
MW035754	A21C, C66A, C96T, T126C, A132G, G135A, T138C, T144C, T150C, G166A, T175G, G182A, C183T, C186T, T195A, C204T, T219C, G225A, G228A, T240C, A252G, G283T, G301A, T303C, A315G, G317A, G330A, A336G, A348G, G354A, C382T, A387T, C403T, G408A, C417T, A420G, C462A, G465A, G470A, G486A, T495C, C501T, T519C, A525C, A549G, A567G, A603G, C606T, A624G, T630C, A660G, A684G, C690T, A714T, G720A, A723G, A741G, A744G, T759A, G765A, T777C, A813G, T852C, T885C, A891G, C921T, A945T, G984A, T993C, A1011G, G1041A, G1059A, T1065C, A1068G, G1113A, A1137G, A1140T, A1162C, C1173T, C1185T, A1188C, G1206A, T1212C, A1230G, G1248A, A1254G, G1257A, C1260T, C1287A, A1311G, C1314T, A1335G, G1343A, T1344C, A1350T	Красноярский край	Vulpes vulpes	2019	N2
MW035755	A21C, T49C, C66A, C84T, C96T, T126C, A132G, G135A, T138C, T144C, T150C, A156G, G166A, T175G, G182A, C183T, C186T, T195A, C204T, T219C, G225A, G228A, T240C, A252G, G283T, G301A, T303C, A315G, G317A, G330A, A336G, A348G, G354A, T357C, C382T, A387T, A390G, C403T, G408A, C417T, A420G, C462A, G465A, G470A, G486A, T495C, C501T, T519C, A525C, A549G, T597C, A603G, C606T, A624G, T630C, C645T, A660G, A684G, C690T, A714T, G720A, A723G, A741G, A744G, T759A, G765A, T777C, T852C, C861T, T885C, A891G, T918C, C921T, T930C, C939T, A945T, G984A, T993C, T999C, T1002C, A1011G, C1033T, G1041A, G1059A, T1065C, A1068G, G1113A, G1122C, A1137G, C1141T, A1162C, C1173T, C1182T, A1188C, G1206A, A1230G, G1248A, C1264A, C1275A, C1287A, A1296G, C1314T, C1317T, A1335G, G1343A, T1344C, C1347T, A1350T	Красноярский край	Vulpes vulpes	2019	N4
MW035756	A21C, C66A, C96T, T126C, A132G, G135A, T138C, T144C, T150C, G166A, T175G, G182A, C183T, C186T, T195A, C204T, T219C, G225A, G228A, T240C, A252G, G283T, G301A, T303C, A315G, G317A, G330A, A336G, A348G, G354A, C382T, A387T, C403T, G408A, C417T, A420G, C462A, G465A, G470A, G486A, C501T, T519C, A525C, A549G, A567G, A603G, C606T, A624G, T630C, A660G, A684G, C690T, A714T, G720A, A723G, A741G, A744G, T759A, G765A, T777C, T795C, A813G, T852C, T885C, A891G, C921T, A945T, G984A, T993C, A1011G, G1041A, G1059A, T1065C, A1068G, G1113A, A1137G, A1140T, A1162C, C1173T, A1188C, G1206A, T1212C, A1230G, G1248A, A1254G, G1257A, C1260T, C1287A, A1311G, C1314T, A1335G, G1343A, T1344C, A1350T	Красноярский край	Vulpes vulpes	2019	N2
onii004049	A21C, T57C, C66A, C96T, T126C, A132G, T138C, T144C, T150C, G166A, T175G, G182A, C183T, C186T, T195A, C204T, T219C, G225A, G228A, T240C, A252G, C270T, G283T, G301A, T303C, A315G, G316A, G317A, G330A, G354A, C382T, A387T, A390G, C403T, G408A, C417T, A420G, C462A, G465A, G470A, G486A, T495C, C501T, T519C, A525C, A549G, A603G, C606T, A624G, T630C, A684G, C690T, A714T, G720A, A723G, A741G, A744G, T759A, G765A, T777C, A837G, T852C, C861T, T885C, A891G, C921T, A945T, C973T, G984A, T993C, A1011G, G1041A, G1053A, G1059A, T1065C, A1068G, G1113A, A1137G, C1141T, T1158A, A1162C, C1173T, A1188C, T1203C, G1206A, A1230G, G1248A, C1260T, C1287A, C1314T, C1317T, A1335G, G1343A, T1344C, A1350T	Республика Саха	Vulpes vulpes	1974	N6
onii004050	T63C, C96T, T105C, G108A, T126C, A132G, G135A, T138C, T144C, T150C, T175G, G182A, C183T, C186A, C204T, T219C, G225A, G228A, T240C, A252G, G283T, T284G, C292A, T303C, A315G, G317A, G330A, A336G, G354A, A381G, A390G, C403T, G408A, C417T, C462A, G465A, G470A, G486A, C492T, T495C, C501T, T519C, A525C, C528T, A540G, A603G, T615C, A624G, C633T, A649G, A684G, T687C, A714T, G720A, A723G, A741G, A744G, T759A, G765A, T777C, C783T, T819C, T852C, C861T, C864T, A876G, C879T, A891G, A906G, C921T, C927T, A945T, G984A, T993C, T1005C, A1011G, C1021T, G1041A, C1050T, A1056G, G1059A, T1065C, A1092G, A1129G, C1141T, C1173T, G1176A, A1188C, G1189A, G1206A, A1209G, T1215C, A1230G, G1248A, C1260T, C1287A, C1314T, C1317T, G1320A, G1343A, T1344C	Омская область	Homo sapiens	1974	N5.2
onii004051	A21C, C66A, C96T, T126C, A132G, G135A, T138C, T144C, T150C, T175G, G182A, C183T, C186T, T195G, C204T, T219C, G225A, G228A, A231G, T240C, A252G, C273T, G283T, G301A, A302C, T303C, A315G, G317A, G330A, A336G, A348G, G354A, C382T, A387T, A390G, C403T, G408A, C417T, A420G, C462A, G465A, G470A, G486A, T495C, C501T, T519C, A525C, A549G, A603G, C606T, T630C, A684G, C690T, A714T, G720A, A723G, A741G, A744G, T759A, G765A, A769C, T777C, A825T, T852C, C861T, T885C, A891G, T900C, T915C, C921T, A945T, G984A, T993C, A1011G, G1041A, G1059A, A1062G, T1065C, A1068G, A1137G, A1155G, A1162C, C1173T, A1188C, G1206A, A1230G, G1248A, C1260T, C1287A, C1314T, C1317T, T1323C, A1335G, G1343A, T1344C, C1347T, A1352T	Забайкальский край	Vulpes corsac	1977	N1
onii004052	T63C, C96T, T105C, T126C, A129G, A132G, G135A, T138C, T144C, T150C, T175G, G182A, C183T, C186A, C204T, T219C, G225A, G228A, G408A, T444C, C462A, G465A, G470A, T477C, C501T, T516C, T519C, A525C, C543T, A549G, A603G, C606T, T615C, T630C, A684G, T687C, A714T, G720A, A723G, A741G, A744G, C756A, T759A, G765A, T777C, C783T, T819C, T852C, C861T, C864T, C879T, A891G, A906G, C921T, C927T, A945T, G984A, T993C, T1005C, A1011G, C1021T, G1059A, T1065C, A1068G, A1092G, C1107T, T1136C, C1141T, C1173T, G1176A, A1188T, G1206A, A1209G, T1218C, A1230G, G1248A, C1256T, C1260T, C1287A, C1314T, C1317A, G1320A, G1343A, T1344C	Забайкальский край	Vulpes corsac	1977	N5.3
onii004053	A21G, A102G, C117T, A123C, T126C, A132G, G135A, T138C, T144C, A147G, T150C, G162A, T175G, G182A, C183T, T201G, C204T, T213C, T219C, G225A, G228A, T240C, G283C, A305G, G316A, G317A, T318C, G324A, A336G, C382T, A390G, C403T, G408A, G414A, C417T, T433C, T444C, C462A, G465A, A468G, G470A, C501T, T519C, C528A, A540G, T558C, A576G, A603G, T630C, C645A, A660G, A666G, T687C, T693C, T708C, G720A, A723G, T729A, A741G, A744G, T759A, A762G, G765A, T819C, G831A, T915C, C921T, A945T, T954C, C972T, A981G, T1002C, A1011G, C1033T, A1074G, T1086C, C1107T, G1122A, A1129T, T1131C, A1137G, T1152C, T1158C, C1170T, C1182T, A1188T, G1206A, G1257T, C1260T, T1299C, G1320A, C1324T, A1335G, G1343A	Новосибирская область	Myotis daubentoni	1978	N1.1
onii004056	A21C, T49C, C66A, C84T, C96T, T126C, A132G, G135A, T138C, T144C, T150C, G166A, T175G, G182A, C183T, C186T, T195A, C204T, T219C, G225A, G228A, T240C, A252G, G283T, C292A, G301A, T303C, A315G, G317A, G330A, A336G, A348G, G354A, C382T, A387T, A390G, A397T, C403T, G408A, C417T, A420G, C423T, C462A, G465A, G470A, G486A, T495C, C501T, T519C, A525C, C543T, A549G, A561G, A603G, C606T, A624G, T630C, A684G, C690T, A714T, G720A, A723G, A740G, A741G, A744G, T759A, G765A, T777C, T852C, T885C, A891G, C921T, T930C, C939T, A945T, G984A, T993C, A1011G, C1033T, G1041A, G1059A, T1065C, A1068G, G1113A, A1137G, C1141T, A1162C, C1173T, A1188C, G1206A, A1230G, G1248A, C1260T, C1287A, C1314T, C1317T, C1329T, A1335G, G1343A, T1344C, A1350T	Приморский край	Nyctereutes procyonoides	1979	N1.2
onii004057	G39A, T48C, G81A, C96G, A102G, T105C, T118A, A123T, T126C, A132G, G135A, T138C, A147G, A153G, C159T, T168G, A171G, A174G, T175G, C177T, A178T, G182A, C183T, C186T, A192G, C204T, T219C, G222A, G225A, G228C, T238C, T240C, G258T, G283C, C292A, T303C, A315G, G317A, G324T, A333C, A336G, T339C, T357C, C364T, A369T, C375A, A387G, A390G, C402T, T405C, C417T, T418C, T448C, C462A, G470A, T474C, T483C, C501T, G513A, T519C, G535A, C552T, T555C, A561G, A567G, A576G, T585C, G678A, T687A, A702G, C705T, T708C, A711T, A714G, G720A, A723G, A744G, C747A, C756T, T759A, G765A, A774G, G789A, T795C, T840G, C861T, A876G, T880C, A891G, A903G, T912A, C921T, A945C, C951T, T960G, C966A, A969G, C972T, A975G, G984A, T987C, T1005C, A1011G, C1021T, A1044G, C1047T, G1059A, A1062G, T1065C, A1068G, A1104G, C1107T, G1111A, C1120T, A1137G, C1141T, T1152C, A1155G, T1158G, C1164T, T1167G, C1170T, G1176A, C1185T, A1188C, G1206A, T1218C, A1219G, T1221C, A1230G, G1248A, C1275T, T1284C, T1293C, A1296G, A1305G, C1314T, G1341T, A1352T	Хабаровский край	Nyctereutes procyonoides	1980	N7.2
onii004058	T63C, C96T, T105C, T126C, A132G, G135A, T138C, T144C, T150C, T175G, G182A, C183T, C186A, C204T, T219C, G225A, G228A, A381G, A390G, C403T, G408A, C417T, C462A, G465A, G470A, G486A, C492T, T495C, C501T, T519C, A525C, C528T, A540G, A603G, T615C, A624G, A649G, A684G, T687C, A714T, G720A, A723G, A741G, A744G, T759A, G765A, A768T, T777C, C786T, T819C, T852C, C861T, C864T, A876G, C879T, A891G, A906G, C921T, C927T, G984A, T993C, T1005C, A1011G, C1021T, G1041A, C1050T, G1059A, T1065C, A1092G, A1129G, C1141T, C1173T, G1176A, A1188C, G1206A, A1209G, A1230G, G1248A, C1260T, C1287A, C1314T, C1317T, G1343A, T1344C, A1352T	Республика Тыва	Canis lupus	1980	N5.4
onii004059	A21C, C66A, C96T, T126C, A132G, G135A, T138C, T144C, T150C, T175G, G182A, C183T, C186T, T195A, C204T, T219C, G222A, G225A, G228T, A252G, G283T, G301A, T303C, A315G, G317A, G330A, A336G, A348G, G354A, C382T, A387T, A390G, C403T, G408A, C417T, A420G, C462A, G465A, G470A, G486A, T495C, C501T, T519C, A525C, A549G, A603G, C606T, C621T, A624G, T630C, A684G, C690T, A714T, G720A, A741G, A744G, T759A, G765A, T777C, A837T, T852C, C861T, T885C, A891G, A906G, C921T, A945T, G984A, T993C, A1011G, C1029T, G1041A, G1059A, T1065C, A1068G, A1071G, G1113A, A1137G, C1141T, A1162C, C1173T, A1188C, G1206A, A1230G, G1248A, C1260T, C1287A, C1314T, C1317T, A1335G, G1343A, T1344C, A1350T	Оренбургская область	Felis catus	1982	N9
onii004181	T63C, C96T, T105C, T126C, A129G, A132G, G135A, T138C, T144C, T150C, T175G, G182A, C183T, C186A, C204T, T219C, G225A, G228A, A231G, T240C, A252G, A261G, G283T, T284G, A291G, C292A, T303C, A315G, G324T, G330A, A336G, G354A, A381G, A390G, G408A, C417T, T444C, C462A, G465A, G470A, T477C, G486A, T495C, C501T, T519C, A525C, C528T, A540G, C543T, A603G, T615C, A624G, T630C, A684G, T687C, A714T, G720A, A723G, A741G, A744G, C756A, T759A, G765A, C783T, T819C, T852C, C861T, C864T, C879T, A891G, A906G, C921T, C927T, A945T, G984A, T993C, T1002C, T1005C, A1011G, C1021T, G1059A, T1065C, A1068G, A1092G, C1107T, T1136C, C1141T, C1173T, G1176A, A1188T, G1206A, T1218C, A1230G, G1248A, C1260T, C1287A, C1314T, C1317A, G1320A, G1343A, T1344C, A1352T	Республика Саха	Vulpes lagopus	1986	N5.5
onii004182	C9T, A21C, C66A, C382T, A387T, A390G, C403T, G408A, C417T, A420G, C462A, G465A, G470A, T495C, C501T, T519C, A525T, A549G, A603G, C606T, A624G, T630C, A684G, C690T, A714T, G720A, A723G, A741G, A744G, T759A, G765A, T777C, T852C, C861T, T885C, A891G, C921T, A945T, G984A, T993C, A1011G, G1041A, G1059A, T1065C, A1068G, G1113A, A1137G, C1141T, A1162C, C1173T, C1185T, A1188C, G1206A, T1212C, A1230G, C1260T, C1287A, C1314T, A1335G, G1343A, T1344C, A1350T	Республика Тыва	Bos taurus	1987	N10.1
onii004183	A21G, A102G, C117T, A123C, T126C, A132G, G135A, T138C, T144C, A147G, T150C, G162A, T175G, G182A, C183T, T201G, C204T, T213C, T219C, G225A, G228A, T240C, G283C, A305G, G316A, G317A, T318C, G324A, A336G, C382T, A390G, C403T, G408A, G414A, C417T, T433C, T444C, C462A, G465A, G470A, C501T, T519C, C528A, A540G, T558C, A576G, A603G, T630C, C645A, A660G, A666G, T687C, T693C, T708C, G720A, A723G, T729A, A741G, A744G, T759A, A762G, G765A, T819C, G831A, T885C, A891G, A906G, T915C, C921T, A945T, T954C, C972T, A981G, T1002C, A1011G, G1041A, G1053A, A1074G, T1086C, C1107T, G1122A, A1129T, T1131C, A1137G, T1152C, T1158C, C1170T, C1185T, A1188T, G1206A, T1215C, A1230G, G1257T, C1260T, C1287A, G1320A, C1324T, A1335G, G1343A	Республика Саха	Vulpes lagopus	1988	N1.3
onii004187	A21C, T63C, C66A, C96T, T126C, A132G, G135A, T138C, T144C, T150C, G166A, T175G, G182A, C183T, C186T, A192G, T195A, C204T, T219C, G225A, G228A, T240C, A252G, G283T, G301A, T303C, A315G, G317A, G330A, A336G, G354A, C382T, A387T, A390G, C403T, G408A, C417T, A420G, C462A, G465A, G470A, G486A, T495C, C501T, T519C, A525C, A549G, T555C, A603G, C606T, A624G, T630C, A684G, C690T, A714T, G720A, T729A, A741G, A744G, T759A, A760C, G765A, T777C, T852C, T885C, A891G, C921T, A945T, G984A, T993C, A1011G, A1023G, G1041A, A1044G, G1059A, T1065C, A1068G, G1113A, T1131G, A1137G, A1140T, C1141T, A1162C, C1173T, C1185T, A1188C, T1191A, G1206A, T1212C, A1230G, G1248A, C1260T, C1287A, C1314T, A1328C, A1335G, G1343A, T1344C, A1350T	Республика Тыва	Canis lupus	1989	N3
onii004188	A21C, C66A, C96T, T126C, A132G, G135A, T138C, T144C, T150C, T175G, G182A, C183T, C186T, T195A, C204T, T219C, G225A, G228A, T240C, A252G, G283T, G301A, A302C, T303C, A315G, G317A, G330A, A336G, A348G, G354A, C382T, A387T, A390G, C403T, G408A, C417T, A420G, C462A, G465A, G470A, G486A, T495C, C501T, T519C, A525C, A549G, A603G, C606T, T630C, A684G, C690T, A714T, G720A, A723G, A741G, A744G, T759A, G765A, T777C, T795C, T852C, C861T, T885C, A891G, A906G, C921T, A945T, G984A, T993C, A1011G, G1041A, G1059A, T1065C, A1068G, G1113A, A1137G, C1141T, A1146G, A1155G, A1162C, C1173T, A1188C, G1206A, A1230G, G1248A, C1260T, C1287A, C1314T, C1317T, A1335G, G1343A, T1344C, A1350T	Краснодарский край	Vulpes vulpes	1989	N1
onii004189	A21C, C66A, C96T, T126C, A132G, G135A, T138C, T144C, T150C, T175G, G182A, C183T, C186T, T195A, C204T, T219C, G225A, G228A, T240C, A252G, G283T, A294G, G301A, A302C, T303C, A315G, G317A, G330A, A336G, A348G, G354A, C382T, A387T, A390G, C402T, C403T, G408A, C417T, A420G, C462A, G465A, G470A, G486A, T495C, C501T, T519C, A525C, A549G, A603G, C606T, T630C, A684G, C690A, A714T, G720A, A723G, A741G, A744G, T759A, G765A, T777C, T852C, C861T, T885C, A891G, A906G, C921T, A945T, G984A, T993C, A1011G, G1041A, G1059A, T1065C, A1068G, G1113A, A1137G, C1141T, A1155G, A1162C, C1173T, A1188C, G1206A, A1230G, G1248A, C1260T, G1266A, C1287A, C1314T, C1317T, A1335G, G1343A, T1344C, A1350T	Республика Калмыкия	Vulpes vulpes	1993	N1
onii004190	A21C, C66A, C96T, A101G, T126C, A132G, G135A, T138C, T144C, T150C, T175G, G182A, C183T, C186T, T195A, C204T, T219C, G225A, G228A, T240C, A252G, G283T, G301A, A302C, T303C, A315G, G317A, G330A, A336G, A348G, G354A, C382T, A387T, A390G, C396T, C403T, G408A, C417T, A420G, C462A, G465A, G470A, G486A, T495C, C501T, T519C, A525T, A549G, C559T, A603G, C606T, T630C, A684G, C690T, A714T, G720A, A723G, A741G, A744G, T759A, G765A, T777C, C792T, T852C, C861T, T885C, A891G, A906G, C921T, A945T, G984A, T993C, A1011G, G1041A, G1059A, T1065C, A1068G, G1113A, A1137G, C1141T, A1155G, A1162C, C1173T, A1188C, G1206A, A1230G, G1248A, C1260T, C1287A, C1314T, C1317T, A1335G, G1343A, A1350T	Волгоградская область	Vulpes vulpes	1993	N1
onii004221	A21C, C66A, C96T, T126C, A132G, G135A, T138C, T144C, T150C, T175G, G182A, C183T, C186T, T195A, C204T, T219C, G225A, G228A, T240C, A252G, G283T, G301A, A302C, T303C, A315G, G317A, G330A, A336G, A348G, G354A, C382T, A387T, A390G, C403T, G408A, G414A, C417T, A420G, C462A, G465A, G470A, G486A, T495C, C501T, T519C, A525C, T534C, A549G, A603G, C606T, T630C, A684G, C690T, A714T, G717A, G720A, A723G, A741G, A744G, T759A, G765A, T777C, G831A, T852C, C861T, T885C, A891G, A906G, T915C, C921T, A945T, T993C, A1011G, G1041A, G1059A, T1065C, G1113A, A1137G, C1141T, A1155G, A1162C, C1173T, A1188C, G1206A, A1230G, G1248A, C1260T, C1287A, A1296G, C1314T, C1317T, G1332A, A1335G, G1343A, T1344C, A1350T	Омская область	Bos taurus	1993	N1
onii004222	A21C, T63C, C66A, G81A, C96T, T126C, A132G, G135A, T138C, T144C, T150C, G166A, T175G, G182A, C183T, C186T, A192G, T195A, C204T, T219C, G225A, G228A, T240C, A252G, G283T, G301A, T303C, A315G, G317A, G330A, A336G, G354A, C382T, A387T, A390G, C403T, G408A, C417T, A420G, C462A, G465A, G470A, G486A, T495C, C501T, T519C, A525C, A549G, T555C, A567G, A603G, C606T, A624G, T630C, A684G, C690T, A714T, G720A, T729A, A741G, A744G, T759A, A760C, G765A, T777C, T852C, T885C, A891G, C921T, A945T, G984A, T993C, A1011G, A1023G, G1041A, A1044G, G1059A, T1065C, A1068G, G1113A, T1131G, A1137G, A1140T, C1141T, A1162C, C1173T, C1185T, A1188C, T1191A, G1206A, T1212C, A1230G, G1248A, C1260T, C1287A, C1314T, A1328C, A1335G, G1343A, T1344C, A1350T	Республика Саха	Canis lupus	1995	N3
onii004223	A21C, T57C, C66A, C96T, T126C, A132G, T138C, T144C, T150C, G166A, T175G, G182A, C183T, C186T, T195A, C204T, T219C, G225A, G228A, T240C, A252G, C270T, G283T, G301A, A302G, T303C, A315G, G316A, G317A, G330A, G354A, C382T, A387T, A390G, C403T, G408A, C417T, A420G, C462A, G465A, G470A, G486A, T495C, C501T, T519C, A525C, A549G, A603G, C606T, A624G, T630C, A684G, C690T, A714T, G720A, A723G, A741G, A744G, T759A, G765A, T777C, A837G, T852C, C861T, T885C, G888A, A891G, C921T, A945T, C973T, G984A, T993C, A1011G, G1041A, G1053A, G1059A, T1065C, A1068G, G1113A, A1137G, C1141T, T1158A, A1162C, C1173T, A1188C, T1203C, G1206A, A1230G, G1248A, C1260T, C1287A, C1314T, C1317T, A1335G, G1343A, T1344C, A1352T	Алтайский край	Vulpes vulpes	1995	N6
onii004224	A21C, C66A, C96T, T126C, A132G, G135A, T138C, T144C, T150C, G166A, T175G, G182A, C183T, C186T, T195A, C204T, T219C, G225A, G228A, T240C, A252G, G283T, G301A, T303C, A315G, G317A, G330A, A336G, A348G, G354A, C382T, A387T, C403T, G408A, C417T, A420G, C462A, G465A, G470A, G486A, T495C, C501T, T519C, A525C, A549G, A603G, C606T, A624G, T630C, A660G, A684G, C690T, A714T, G720A, A723G, A741G, A744G, T759A, G765A, T777C, A813G, T852C, T885C, A891G, C921T, A945T, G984A, T993C, A1011G, G1041A, G1059A, T1065C, A1068G, G1113A, A1137G, A1140T, A1162C, C1173T, C1185T, A1188C, G1206A, T1212C, A1230G, G1248A, A1254G, G1257A, C1260T, C1287A, A1311G, C1314T, A1335G, G1343A, T1344C, A1350T	Республика Тыва	Canis lupus familiaris	1996	N2
onii004225	C30T, C96T, C99T, A102G, T105C, T106C, A111G, T118A, A123C, T126C, A132G, G135A, T138C, A147G, T150C, A153G, T175G, A178T, G182A, C183T, C186T, A192G, C204T, T207C, G222A, G225A, G228C, T240C, T243C, A252G, G258C, A279G, G283C, A291G, A294G, G317A, A336G, A344G, C364T, A369G, C375G, A387T, A390G, C402T, T405A, C417T, G447A, T448C, G450A, C462T, G470A, C501T, T519C, T531C, G535A, A540G, A549G, C552T, A561G, A576G, T585C, T588C, T615C, T616C, C621A, A624G, T630C, A660G, G678A, C681T, A684G, T687A, T708C, A711G, A714G, G720A, A744G, C747A, C756T, T759A, A762G, G765A, C783T, G789A, T795C, A837T, T852C, C1107T, G1111A, G1113A, C1120T, G1135A, T1136C, A1137G, C1164T, T1167G, C1170T, A1188C, T1191G, T1203C, G1206T, A1209G, A1219G, T1221C, A1230G, A1239G, C1243A, G1248A, T1284C, C1287A, T1293C, C1314T, C1317T, C1329T, A1335G, G1341T, A1350G	Красноярский край	Homo sapiens	1998	N8.1
onii004226	A21C, T49C, C66A, C84T, C96T, T126C, A132G, G135A, T138C, T144C, T150C, A156G, G166A, T175G, G182A, C183T, C186T, T195A, C204T, T219C, G225A, G228A, T240C, A252G, G283C, G301A, T303C, A315G, G317A, G330A, A336G, A348G, G354A, T357C, C382T, A387T, A390G, C403T, G408A, C417T, A420G, C462A, G465A, G470A, G486A, T495C, C501T, T519C, A525C, A549G, T597C, A603G, C606T, A624G, T630C, A660G, A684G, C690T, A714T, G720A, A723G, A741G, A744G, T759A, G765A, T777C, T852C, C861T, T885C, A891G, T918C, C921T, T930C, C939T, A945T, G984A, T993C, T1002C, A1011G, C1033T, G1041A, G1059A, T1065C, A1068G, G1113A, G1122C, A1137G, C1141T, A1162C, C1173T, C1182T, A1188C, G1206A, A1230G, G1248A, C1275A, C1287A, C1314T, C1317T, A1335G, G1343A, T1344C, G1345A, A1350T	Алтайский край	Vulpes vulpes	1998	N4
onii004227	A21C, T57C, C66A, C96T, T126C, A132G, T138C, T144C, T150C, G166A, T175G, G182A, C183T, C186T, T195A, C204T, T219C, G225A, G228A, T240C, A252G, C270T, G283T, G301A, A302G, T303C, A315G, G316A, G317A, G330A, G354A, C382T, A387T, A390G, C403T, G408A, C417T, A420G, C462A, G465A, G470A, G486A, T495C, C501T, T519C, A525C, A549G, A603G, C606T, A624G, T630C, A684G, C690T, A714T, G720A, A723G, A741G, A744G, T759A, G765A, T777C, A837G, T852C, C861T, T885C, G888A, A891G, C921T, A945T, C973T, A975G, G984A, T993C, A1011G, G1041A, G1053A, G1059A, T1065C, A1068G, G1113A, A1137G, C1141T, T1158A, A1162C, C1173T, A1188C, T1203C, G1206A, A1230G, G1248A, C1260T, C1287A, C1314T, C1317T, A1335G, G1343A, T1344C, A1350T	Омская область	Vulpes corsac	2001	N6
onii004228	A21C, T49C, C66A, C84T, C96T, T126C, A132G, G135A, T138C, T144C, T150C, A156G, G166A, T175G, G182A, C183T, C186T, T195A, C204T, T219C, G225A, G228A, T240C, A252G, G283C, G301A, T303C, A315G, G317A, G330A, A336G, A348G, G354A, T357C, C382T, A387T, A390G, C403T, G408A, C417T, A420G, C462A, G465A, G470A, G486A, T495C, C501T, T519C, A525C, A549G, T597C, A603G, C606T, A612G, A624G, T630C, A660G, A684G, C690T, A714T, G720A, A723G, A741G, A744G, T759A, G765A, T777C, T852C, C861T, T885C, A891G, T918C, C921T, T930C, C939T, A945T, G984A, T993C, T1002C, A1011G, C1033T, G1041A, G1059A, T1065C, A1068G, G1113A, G1122A, A1137G, C1141T, A1162C, C1173T, C1182T, A1188C, G1206A, A1230G, G1248A, C1275A, C1287A, C1314T, C1317T, A1335G, G1343A, T1344C, A1350T	Алтайский край	Vulpes vulpes	2001	N4
onii004229	A21C, C66A, C96T, T106C, T126C, A132G, G135A, T138C, T144C, T150C, T175G, G182A, C183T, C186T, T195A, T201A, C204T, T207C, T219C, G225A, G228A, T240C, A252G, G283T, G301A, A302G, T303C, A315G, G317A, G330A, A336G, A348G, G354A, C382T, A387T, A390G, C403T, G408A, C417T, A420G, C462A, G465A, G470A, G486A, T495C, C501T, T519C, A525C, A549G, A603G, C606T, A612G, C621T, A624G, T630C, G648A, A684G, C690T, A714T, G720A, A723G, T726C, A741G, A744G, T759A, G765A, T777C, A837T, T852C, T885C, A891G, A906G, C921T, A945T, T954C, G984A, T993C, A1011G, C1029A, T1032C, G1041A, G1059A, T1065C, A1068G, A1071G, G1113A, A1137G, C1141T, A1162C, C1170T, C1173T, A1188C, G1206A, A1230G, G1248A, A1278G, C1287A, C1314T, C1317T, A1335G, G1343A, T1344C, A1350T	Алтайский край	Vulpes corsac	2001	N9.1
onii004230	C30T, C96T, C99T, A102G, T105C, A111G, T118A, A123C, T126C, A132G, G135A, T138C, A147G, T150C, A153G, T175G, A178T, G182A, C183T, C186T, A192G, C204T, T207C, C216T, G222A, G225A, G228C, T240C, T243C, A252G, G258C, A279G, G283C, A291G, A294G, G317A, A336G, A344G, C364T, A369G, C375G, A387T, A390G, C402T, T405A, C417T, G441A, G447A, T448C, G450A, C462A, G465A, G470A, C501T, T519C, T531C, G535A, A540G, A549G, C552T, A561G, A576G, T585C, T588C, T615C, T616C, C621A, A624G, T630C, A660G, G678A, C681T, A684G, T687A, T708C, A711G, A714G, G720A, A744G, C747A, C756T, T759A, A762G, G765A, C783T, G789A, T795C, G828A, G831A, T852C, C861T, C867T, A876G, A891G, T894C, T912A, C921T, T936C, A945C, T960A, C966G, C972T, A975G, T987C, A1011G, C1021T, A1023G, G1026A, C1033T, A1038G, A1044G, C1047T, A1056G, G1059A, A1062G, A1071G, C1107T, G1111A, G1113A, C1120T, G1135A, T1136C, A1137G, C1164T, T1167G, C1170T, A1188C, T1191G, T1203C, G1206T, A1209G, A1219G, T1221C, A1230G, A1239G, C1243A, G1248A, C1287A, C1314T, C1317T, C1329T, A1335G, G1341T, A1350G	Омская область	Vulpes vulpes	2001	N8
onii004263	A21C, T49C, C66A, C84T, C96T, T126C, A132G, G135A, T138C, T144C, T150C, A156G, G166A, T175G, G182A, C183T, C186T, T195A, C204T, T219C, G225A, G228A, T240C, A252G, G283C, G301A, T303C, A315G, G317A, G330A, A336G, A348G, G354A, T357C, C382T, A387T, A390G, C403T, G408A, C417T, A420G, C462A, G465A, G470A, G486A, T495C, C501T, T519C, A525C, A549G, T597C, A603G, C606T, A624G, T630C, A660G, A684G, C690T, A714T, G720A, A723G, A741G, A744G, T759A, G765A, T777C, A801G, A813G, T852C, C861T, T885C, A891G, T918C, C921T, T930C, C939T, A945T, G984A, T993C, T1002C, A1011G, C1033T, G1041A, G1059A, T1065C, A1068G, G1113A, G1122C, A1137G, C1141T, A1162C, C1173T, C1182T, A1188C, G1206A, A1230G, G1248A, C1264A, C1275A, C1287A, C1314T, C1317T, A1335G, G1343A, T1344C, A1350T	Омская область	Vulpes corsac	2001	N4
onii004264	A21C, T49C, C66A, C84T, C96T, T106C, T126C, A132G, G135A, G136T, T138C, T144C, T150C, A156G, G166A, T175G, G182A, C183T, C186T, T195A, C204T, T219C, G225A, G228A, T240C, A252G, G283C, G301A, T303C, A315G, G317A, G330A, A336G, A348G, G354A, T357C, C382T, A387T, A390G, C403T, G408A, C417T, A420G, C462A, G465A, G470A, G486A, T495C, C501T, T519C, A525C, A549G, T597C, A603G, C606T, A624G, T630C, A660G, A684G, C690T, A714T, G720A, A723G, A741G, A744G, T759A, G765A, T777C, T852C, C861T, T885C, A891G, T918C, C921T, T930C, C939T, A945T, G984A, T993C, T1002C, A1011G, C1033T, G1041A, G1059A, T1065C, A1068G, G1113A, G1122C, A1137G, C1141T, A1162C, C1173T, C1182T, A1188C, G1206A, A1230G, G1248A, C1264A, C1275A, C1287A, C1314T, C1317T, A1335G, G1343A, T1344C, A1350T	Омская область	Vulpes corsac	2001	N4
onii004265	A21C, T57C, C66A, C96T, T126C, A132G, T138C, T144C, T150C, G166A, T175G, G182A, C183T, C186T, T195A, C204T, T219C, G225A, G228A, T240C, A252G, C270T, G283T, G301A, A302G, T303C, A315G, G316A, G317A, G330A, G354A, C382T, A387T, A390G, C403T, G408A, C417T, A420G, C462A, G465A, G470A, G486A, T495C, C501T, T519C, A525C, A549G, A568G, A603G, C606T, A624G, T630C, A684G, C690T, A714T, G720A, A723G, A741G, A744G, T759A, G765A, T777C, A837G, T852C, C861T, T885C, G888A, A891G, C921T, A945T, C973T, G984A, T993C, A1011G, G1041A, G1053A, G1059A, T1065C, A1068G, G1113A, A1137G, C1141T, T1158A, A1162C, C1173T, A1188C, T1203C, G1206A, A1230G, G1248A, C1260T, C1287A, C1314T, C1317T, A1335G, G1343A, T1344C, A1350T	Омская область	Vulpes vulpes	2001	N6
onii004266	A21C, C66A, C382T, A387T, A390G, C403T, G408A, C417T, A420G, C462A, G465A, G470A, G486A, T495C, C501T, T519C, A525C, A549G, A603G, C606T, A612G, C621T, A624G, T630C, G648A, A684G, C690T, A714T, G720A, A723G, T726C, A741G, A744G, T759A, G765A, T777C, A837T, T852C, T885C, A891G, A906G, C921T, A945T, T954C, G984A, T993C, A1011G, C1029A, T1032C, G1041A, G1059A, T1065C, A1068G, A1071G, G1113A, A1137G, C1141T, A1162C, C1170T, C1173T, A1188C, G1206A, A1230G, G1248A, A1278G, C1287A, C1314T, C1317T, A1335G, G1343A, T1344C, A1350T	Новосибирская область	Homo sapiens	2001	N10
onii004267	A21C, T49C, C66A, C84T, C96T, T126C, A132G, G135A, T138C, T144C, T150C, A156G, G166A, T175G, G182A, C183T, C186T, T195A, C204T, T219C, G225A, G228A, T240C, A252G, G283C, G301A, T303C, A315G, G317A, G330A, A336G, A348G, G354A, T357C, C382T, A387T, A390G, C403T, G408A, C417T, A420G, C462A, G465A, G470A, G486A, T495C, C501T, T519C, A525C, A549G, T597C, A603G, C606T, A624G, T630C, A660G, A684G, C690T, A714T, G720A, A723G, A741G, A744G, T759A, G765A, T777C, T852C, C861T, T885C, A891G, T918C, C921T, T930C, C939T, A945T, G984A, T993C, T1002C, A1011G, C1033T, G1041A, G1059A, T1065C, A1068G, G1113A, G1122C, A1137G, C1141T, A1162C, C1173T, C1182T, A1188C, G1206A, C1264A, C1275A, C1287A, C1314T, C1317T, A1335G, G1343A, T1344C, A1350T	Омская область	Vulpes vulpes	2002	N4
onii004268	A21C, C66A, C382T, A387T, A390G, C403T, G408A, C417T, A420G, C462A, G465A, G470A, G486A, T495C, C501T, T519C, A525C, A549G, A603G, C606T, A612G, C621T, A624G, T630C, G648A, A684G, C690T, A714T, G720A, A723G, T726C, A741G, A744G, T759A, G765A, T777C, A837T, T852C, T885C, A891G, A906G, C921T, A945T, T954C, G984A, T993C, A1011G, C1029A, T1032C, G1041A, G1059A, T1065C, A1068G, A1071G, G1113A, A1137G, C1141T, A1162C, C1170T, C1173T, A1188C, G1206A, A1230G, G1248A, A1278G, C1287A, C1314T, C1317T, A1335G, G1343A, T1344C, A1350T	Новосибирская область	Vulpes vulpes	2002	N10
onii004269	A21C, C66A, C96T, T126C, A132G, G135A, T138C, T144C, T150C, T175G, G182A, C183T, C186T, T195A, C204T, T219C, G225A, G228A, A252T, G283T, G301A, A302G, T303C, A315G, G317A, G330A, A336G, A348G, G354A, C382T, A387T, A390G, C403T, G408A, C417T, A420G, C462A, G465A, G470A, G486A, T495C, C501T, T519C, A525C, C543T, A549G, A603G, C606T, C621T, A624G, T630C, A684G, C690T, A714T, G720A, A741G, A744G, T759A, A774G, T777C, A837T, T852C, C861T, T885C, A891G, A906G, C921T, A945T, G984A, T993C, A1011G, C1029T, G1041A, G1059A, T1065C, A1068G, A1071G, G1113A, A1137G, C1141T, A1162C, C1173T, A1188C, G1206A, A1230G, G1248A, C1260T, C1287A, C1314T, C1317T, A1335G, G1343A, T1344C, A1350T	Астраханская область	Homo sapiens	2003	N9
onii004270	A21C, G42A, C66A, C96T, T126C, A132G, G135A, T138C, T150C, T175G, G182A, C183T, C186T, T195A, C204T, T219C, G225A, G228A, G283T, G301A, A302G, T303C, A315G, G317A, G330A, A336G, A348G, G354A, C382T, A387T, A390G, C393T, C403T, G408A, C417T, A420G, C462A, G465A, G470A, G486A, T495C, C501T, T516C, T519C, A525C, C543T, A549G, A603G, C606T, C621T, A624G, T630C, T639C, A684G, C690T, A714T, G720A, A741G, A744G, T759A, G765A, T777C, C783T, A837T, T852C, C861T, T885C, A891G, A906G, C921T, A945T, G984A, T993C, A1011G, C1029T, G1041A, G1059A, T1065C, A1068G, A1071G, A1074G, G1113A, A1137G, C1141T, A1162C, C1173T, A1188C, G1206A, A1230G, G1248A, C1260T, C1287A, C1314T, A1335G, G1343A, T1344C, A1350T	Астраханская область	Homo sapiens	2003	N9
onii004271	A21C, T49C, C66A, C84T, C96T, T126C, A132G, G135A, T138C, T144C, T150C, A156G, G166A, T175G, G182A, C183T, C186T, T195A, C204T, T219C, G225A, G228A, T240C, A252G, G283C, G301A, T303C, A315G, G317A, G330A, A336G, A348G, G354A, T357C, C382T, A387T, C403T, G408A, C417T, A420G, C462A, G465A, G470A, G486A, T495C, C501T, T519C, A525C, A549G, T597C, A603G, C606T, A624G, T630C, A660G, A684G, C690T, A714T, G720A, A723G, A741G, A744G, T759A, G765A, T777C, T852C, C861T, T885C, A891G, T918C, C921T, T930C, C939T, A945T, G984A, T993C, T1002C, A1011G, C1033T, G1041A, G1059A, T1065C, A1068G, G1113A, G1122C, A1137G, C1141T, A1162C, C1173T, C1182T, A1188C, G1206A, A1230G, G1248A, C1264A, C1275A, C1287A, C1314T, C1317T, A1335G, G1343A, T1344C, A1352T	Ямало-Ненецкий АО	Rangifer tarandus	2006	N4
onii004292	T63C, C96T, T105C, T126C, A129G, A132G, G135A, T138C, T144C, T150C, T175G, G182A, C183T, C186A, C204T, T219C, T220C, G225A, G228A, T240C, A252G, A261G, A381G, A390G, G408A, C417T, T444C, C462A, G465A, G470A, T477C, G486A, T495C, C501T, T519C, A525C, C528T, A540G, C543T, A603G, T615C, A624G, T630C, A649G, A684G, T687C, A714T, G720A, A723G, A741G, A744G, C756A, T759A, G765A, T777C, C786T, T819C, T852C, C861T, C864T, C879T, A891G, A906G, C921T, C927T, A945T, G984A, T993C, T1005C, A1011G, C1021T, G1059A, T1065C, A1068G, A1092G, C1107T, T1136C, C1141T, C1173T, G1176A, A1188T, G1206A, A1209G, T1218C, A1230G, G1248A, C1256T, C1260T, C1287A, C1314T, C1317A, G1320A, G1343A, T1344C	Тверская область	Vulpes vulpes	2008	N5.6
onii004293	C24T, T48C, T49C, C96G, A102G, T105C, T118A, A123C, T126C, A132G, G135A, T138C, A147G, A153G, C159T, A171G, T175G, C177G, A178T, G182A, C183T, C186T, A192G, C204T, T219C, G222A, G225A, G228C, T240C, G258T, T276C, G283C, C309T, G317A, G324T, A336G, A344G, C364T, C375A, A387G, A390G, C402T, T405C, G414A, C417T, T418C, T429C, T448C, C462A, G465A, G470A, T474C, A489C, C501T, G510A, G513A, T519C, G535A, C552T, T615C, A624G, T630C, T639C, A666G, G678A, C681G, A684G, T687G, A702G, C705T, T708C, A711T, A714G, G720A, A723G, A744G, C747A, C756T, T759A, G765A, G789A, T795C, A807C, C861T, C874T, A876G, T880C, G882A, A891G, T894C, A903G, T912A, C921T, A945C, C951T, T960G, C966A, C972T, A975G, G984A, T987C, T1005C, C1021T, A1044G, G1059A, A1062G, T1065C, A1068G, A1137G, A1140G, T1152C, T1158G, C1164T, T1167G, C1170T, C1185T, A1188C, T1203C, G1206C, A1219G, T1221C, A1230G, G1248A, C1275T, C1281A, T1284C, T1293C, C1314T, A1335G, G1341T	Тверская область	Vulpes vulpes	2008	N8.2
onii004295	A21G, A102G, C117T, A123C, T126C, A132G, G135A, T138C, T144C, A147G, T150C, G162A, T175G, G182A, C183T, T201G, C204T, T213C, T219C, G225A, G228A, T240C, G283C, A305G, G316A, G317A, T318C, G324A, A336G, A603G, T630C, C645A, A660G, A666G, T687C, T693C, T708C, G720A, A723G, T729A, A741G, A744G, T759A, A762G, G765A, T819C, G831A, A891G, A906G, T915C, C921T, A945T, T954C, C972T, A981G, T1002C, A1011G, C1033T, G1053A, A1074G, T1086C, C1107T, G1122A, A1129T, T1131C, A1137G, T1152C, T1158C, C1170T, C1182T, A1188T, G1206A, T1215C, A1230G, G1257T, C1260T, C1287A, G1320A, C1324T, A1335G, G1343A	Тверская область	Vulpes vulpes	2008	N1.4
onii004296	A21C, T49C, C66A, C84T, C96T, T105C, T126C, A132G, G135A, T138C, T144C, T150C, G166A, T175G, G182A, C183T, C186T, T195A, C204T, T219C, G225A, G228A, T240C, A252G, G283T, G301A, T303C, A315G, G317A, G330A, A336G, A348G, G354A, C382T, A387T, A390G, C403T, G408A, C417T, A420G, C462A, G465A, G470A, G486A, T495C, C501T, T519C, A525C, A549G, A603G, C606T, A624G, T630C, A684G, C690T, A714T, G720A, A723G, A736G, A741G, A744G, T759A, G765A, T777C, T852C, C861T, T885C, A891G, A906G, T915C, C921T, A945T, G984A, T993C, A1011G, G1041A, G1059A, T1065C, G1113A, A1137G, C1141T, A1155G, A1162C, C1173T, A1188C, G1206A, A1230G, G1248A, C1260T, C1287A, C1314T, C1317T, A1335G, G1343A, T1344C, A1350T	Тверская область	Vulpes vulpes	2008	N1
onii004297	C96T, C99T, A102G, T105C, A111G, T118A, A123C, T126C, A132G, T138C, A147G, T150C, A153G, T175G, A178T, G182A, C183T, C186T, A192G, C204T, T207C, T219C, G222A, G225A, G228T, T240C, T243C, A252G, G258C, A279G, G283C, A294G, A336G, T342C, A344G, C364T, A369G, C375G, A387G, A390G, C402T, T405A, C417T, T438C, G447A, T448C, G450A, C462A, G465A, G470A, C501T, T516C, T519C, T531C, G535A, A540G, A549G, C552T, A561G, A576G, T615C, T616C, C621A, A624G, T630C, A660G, G678A, C681T, A684G, T687A, A702G, T708C, A711G, A714G, G720A, T729C, A744G, C747A, C756T, T759A, A762G, G765A, C1107T, G1111A, C1120T, G1135A, T1136C, A1137G, C1164T, T1167G, C1170T, A1188C, T1191G, T1203C, G1206T, A1209G, A1219G, T1221C, A1230G, T1236C, A1239G, T1242C, C1243A, G1248A, C1287A, C1314T, C1317T, A1335G, G1341T, A1350G	Тверская область	Canis lupus familiaris	2008	N8.3
onii004299	C96T, C99T, A102G, T105C, A111G, T118A, A123C, T126C, A132G, T138C, A147G, T150C, A153G, T175G, C177T, A178T, G182A, C183T, C186T, A192G, C204T, T207C, T219C, G222A, G225A, G228T, T240C, T243C, A252G, G258C, A279G, G283C, A294G, G317A, A336G, T342C, A344G, C364T, A369G, C375G, A387G, A390G, C402T, T405A, C417T, T438C, G447A, T448C, G450A, C462A, G465A, G470A, C501T, T516C, T519C, T531C, G535A, A540G, A549G, C552T, A561G, A576G, T585C, T588C, T615C, T616C, C621A, A624G, T630C, A660G, G678A, C681T, A684G, T687A, A702G, T708C, A711G, A714G, G720A, T729C, A744G, C747A, C756T, T759A, A762G, G765A, G789A, T795C, G828A, G831A, T852C, C867T, A876G, A891G, T894C, T912A, C921T, T936C, A945C, T960A, C966G, C972T, A975G, T987C, C1021T, G1026A, C1033T, A1038G, A1044G, C1047T, A1056G, G1059A, A1062G, A1068G, A1071G, C1107T, G1111A, C1120T, G1135A, T1136C, A1137T, C1164T, T1167G, C1170T, A1188C, T1191G, T1203C, G1206T, A1209G, A1219G, T1221C, A1230G, T1236C, A1239G, T1242C, C1243A, G1248A, G1273A, C1287A, C1314T, C1317T, A1335G, G1341T, A1350G	Республика Тыва	Vulpes vulpes	2008	N8.4
onii004300	A21C, C66A, C96T, T126C, A132G, G135A, T138C, T144C, T150C, G166A, T175G, G182A, C183T, C186T, T195A, C204T, T219C, G225A, G228A, T240C, A252G, C382T, A387T, A390G, C403T, G408A, T411C, C417T, A420G, C462A, G465A, G470A, C480T, G486A, T495C, C501T, T519C, A525C, A549G, A567G, A603G, C606T, A624G, T630C, A684G, C690T, A714T, G720A, A723G, A741G, A744G, T759A, G765A, T777C, T852C, T885C, A891G, C921T, A945T, C972T, G984A, T993C, A1011G, G1041A, G1059A, T1065C, A1068G, T1105C, G1113A, A1137G, A1140T, C1141T, A1162C, C1173T, C1185T, A1188C, G1206A, T1212C, A1230G, G1248A, C1260T, C1287A, C1314T, A1335G, G1343A, T1344C, A1352T	Республика Тыва	Canis lupus familiaris	2008	N2.1
onii004301	A21C, T63C, C66A, C96T, T126C, A132G, G135A, T138C, T144C, T150C, G166A, T175G, G182A, C183T, C186T, A192G, T195A, C204T, T219C, G225A, G228A, T240C, A252G, G283T, G301A, T303C, A315G, G317A, G330A, A336G, G354A, C382T, A387T, A390G, C403T, G408A, C417T, A420G, C462A, G465A, G470A, G486A, T495C, C501T, T519C, A525C, A549G, T555C, A567G, A603G, C606T, A624G, T630C, A684G, C690T, A714T, G720A, T729A, A741G, A744G, T759A, A760C, G765A, T777C, T852C, T885C, A891G, C921T, A945T, G984A, T993C, A1011G, A1023G, G1041A, A1044G, G1059A, T1065C, A1068G, G1113A, T1131G, A1137G, A1140T, C1141T, A1162C, C1173T, C1185T, A1188C, T1191A, G1206A, T1212C, A1230G, G1248A, C1260T, C1287A, C1314T, A1328C, A1335G, G1343A, T1344C, A1350T	Республика Тыва	Bos taurus	2008	N3
onii004390	A21C, T57C, C66A, C96T, T126C, A132G, T138C, T144C, T150C, G166A, T175G, G182A, C183T, C186T, T195A, C204T, T219C, G225A, G228A, T240C, A252G, C270T, G283T, G301A, A302G, T303C, A315G, G316A, G317A, G330A, G354A, C382T, A387T, A390G, C403T, G408A, C417T, A420G, C462A, G465A, G470A, G486A, T495C, C501T, T519C, A525C, A549G, A603G, C606T, A624G, T630C, A684G, C690T, A714T, G720A, A723G, A741G, A744G, T759A, G765A, T777C, A837G, T852C, C861T, T885C, G888A, A891G, C921T, A945T, C973T, G984A, T993C, A1011G, G1041A, G1053A, G1059A, T1065C, A1068G, G1113A, A1137G, C1141T, T1158A, A1162C, C1173T, A1188C, T1203C, G1206A, A1230G, G1248A, C1260T, C1287A, C1314T, C1317T, A1335G, G1343A, T1344C, A1350T	Омская область	Nyctereutes procyonoides	2004	N6
onii004391	A21C, T63C, C66A, G81A, C96T, T126C, A129G, G135A, T138C, T144C, A147G, T150C, A165G, G166A, T175G, G182A, C183T, C186T, A192G, T195A, C204T, T219C, G225A, G228A, T240C, A252G, G283T, G301A, T303C, A315G, G317A, A336G, G346A, G354A, C382T, A387T, A390G, C403T, G408A, C417T, A420G, C423A, C462A, G465A, G470A, G486A, T495C, C501T, T519C, A525C, T555C, A567G, A603G, C606T, A624G, T630C, A684G, C690T, A714T, G717A, G720A, T729A, A741G, A744G, T759A, G765A, C772T, T777C, T852C, T885C, A891G, C921T, A945T, G984A, T993C, A1011G, G1041A, A1044G, G1059A, T1065C, A1068G, G1113A, A1137G, A1140T, C1141T, A1162C, C1173T, C1185T, A1188C, T1191A, G1206A, T1212C, A1230G, G1248A, C1260T, C1287A, C1314T, A1335G, G1343A, T1344C, A1350T	Республика Бурятия	Bos taurus	2019	N3
onii004392	A21C, T63C, C66A, G81A, C96T, T126C, A129G, G135A, T138C, T144C, A147G, T150C, A165G, G166A, T175G, G182A, C183T, C186T, A192G, T195A, C204T, T219C, G225A, G228A, T240C, A252G, G283T, G301A, T303C, A315G, G317A, A336G, G354A, C382T, A387T, A390G, C403T, G408A, C417T, A420G, C423A, C462A, G465A, G470A, G486A, T495C, C501T, T519C, A525C, T555C, A567G, A603G, C606T, A624G, T630C, A684G, C690T, A714T, G717A, G720A, T729A, A741G, A744G, T759A, G765A, C772T, T777C, G789A, T852C, T885C, A891G, C921T, A945T, G984A, T993C, A1011G, G1041A, A1044G, G1059A, T1065C, A1068G, G1113A, A1137G, A1140T, C1141T, A1162C, C1173T, C1185T, A1188C, T1191A, G1206A, T1212C, A1230G, G1248A, C1260T, C1287A, C1314T, A1335G, G1343A, T1344C, A1350T	Республика Бурятия	Vulpes vulpes	2019	N3
onii004393	A21C, T63C, C66A, G81A, C96T, T126C, A129G, G135A, T138C, T144C, A147G, T150C, A165G, G166A, T175G, G182A, C183T, C186T, A192G, T195A, C204T, T219C, G225A, G228A, T240C, A252G, G283T, G301A, T303C, A315G, G317A, A336G, G354A, C382T, A387T, A390G, C403T, G408A, C417T, A420G, C423A, C462A, G465A, G470A, G486A, T495C, C501T, T519C, A525C, T555C, A567G, A603G, C606T, A624G, T630C, A684G, C690T, A714T, G717A, G720A, T729A, A741G, A744G, T759A, G765A, C772T, T777C, G789A, T852C, T885C, A891G, C921T, A945T, G984A, T993C, A1011G, G1041A, A1044G, G1059A, T1065C, A1068G, G1113A, A1137G, A1140T, C1141T, A1162C, C1173T, C1185T, A1188C, T1191A, G1206A, T1212C, A1230G, G1248A, C1260T, C1287A, C1314T, A1335G, G1343A, T1344C, A1350T	Республика Бурятия	Vulpes vulpes	2019	N3
onii004394	A21C, T63C, C66A, G81A, C96T, T126C, A129G, G135A, T138C, T144C, A147G, T150C, A165G, G166A, T175G, G182A, C183T, C186T, A192G, T195A, C204T, T219C, G225A, G228A, T240C, A252G, G283T, G301A, T303C, A315G, G317A, A336G, G354A, C382T, A387T, A390G, C403T, G408A, C417T, A420G, C423A, C462A, G465A, G470A, G486A, T495C, C501T, T519C, A525C, T555C, A567G, A603G, C606T, A624G, T630C, A684G, C690T, A714T, G717A, G720A, T729A, A741G, A744G, T759A, G765A, C772T, T777C, G789A, T852C, T885C, A891G, C921T, A945T, G984A, T993C, A1011G, G1041A, A1044G, G1059A, T1065C, A1068G, G1113A, A1137G, A1140T, C1141T, A1162C, C1173T, C1185T, A1188C, T1191A, G1206A, T1212C, A1230G, G1248A, C1260T, C1287A, C1314T, A1335G, G1343A, T1344C, A1350T	Республика Бурятия	Felis catus	2019	N3
onii004395	A21C, T63C, C66A, G81A, C96T, T126C, A129G, G135A, T138C, T144C, A147G, T150C, A165G, G166A, T175G, G182A, C183T, C186T, A192G, T195A, C204T, T219C, G225A, G228A, T240C, A252G, G283T, G301A, T303C, A315G, G317A, A336G, G354A, C382T, A387T, A390G, C403T, G408A, C417T, A420G, C423A, C462A, G465A, G470A, G486A, T495C, C501T, T519C, A525C, T555C, A567G, A603G, C606T, A624G, T630C, A684G, C690T, A714T, G717A, G720A, T729A, A741G, A744G, T759A, G765A, C772T, T777C, G789A, T852C, T885C, A891G, C921T, A945T, G984A, T993C, A1011G, G1041A, A1044G, G1059A, T1065C, A1068G, G1113A, A1137G, A1140T, C1141T, A1162C, C1173T, C1185T, A1188C, T1191A, G1206A, T1212C, A1230G, G1248A, C1260T, C1287A, C1314T, A1335G, G1343A, T1344C, A1350T	Республика Бурятия	Bos taurus	2019	N3
onii004396	A21C, T63C, C66A, G81A, C96T, T126C, A129G, G135A, T138C, T144C, A147G, T150C, A165G, G166A, T175G, G182A, C183T, C186T, A192G, T195A, C204T, T219C, G225A, G228A, T240C, A252G, G283T, G301A, T303C, A315G, G317A, A336G, G354A, C382T, A387T, A390G, C403T, G408A, C417T, A420G, C423A, C462A, G465A, G470A, G486A, T495C, C501T, T519C, A525C, T555C, A567G, A603G, C606T, A624G, T630C, A684G, C690T, A714T, G720A, T729A, A741G, A744G, T759A, G765A, C772T, T777C, T852C, T885C, A891G, C921T, A945T, G984A, T993C, A1011G, G1041A, A1044G, G1059A, T1065C, A1068G, G1113A, A1137G, A1140T, C1141T, A1162C, C1173T, C1185T, A1188C, T1191A, G1206A, T1212C, A1230G, G1248A, C1260T, C1287A, C1314T, A1335G, G1343A, T1344C, A1350T	Республика Бурятия	Bos taurus	2019	N3
onii004397	A21C, T63C, C66A, G81A, C96T, T106C, T126C, A129G, G135A, T138C, T144C, A147G, T150C, A165G, G166A, T175G, G182A, C183T, C186T, A192G, T195A, C204T, T219C, G225A, G228A, T240C, A252G, G283T, G301A, T303C, A315G, G317A, A336G, G354A, C382T, A387T, A390G, C403T, G408A, C417T, A420G, C423A, C462A, G465A, G470A, G486A, T495C, C501T, T519C, A525C, T555C, A567G, A603G, C606T, A624G, T630C, A684G, C690T, A714T, G717A, G720A, T729A, A741G, A744G, T759A, G765A, C772T, T777C, T852C, T885C, A891G, C921T, A945T, G984A, T993C, A1011G, G1041A, A1044G, G1059A, T1065C, A1068G, G1113A, A1137G, A1140T, C1141T, A1162C, C1173T, C1185T, A1188C, T1191A, G1206A, T1212C, A1230G, G1248A, C1260T, C1287A, C1314T, A1335G, G1343A, T1344C, A1350T	Республика Бурятия	Canis lupus familiaris	2019	N3
onii004398	A21C, T63C, C66A, G81A, C96T, T126C, A129G, G135A, T138C, T144C, A147G, T150C, A165G, G166A, T175G, G182A, C183T, C186T, A192G, T195A, C204T, T219C, G225A, G228A, T240C, A252G, G283T, G301A, T303C, A315G, G317A, A336G, G346A, G354A, C382T, A387T, A390G, C403T, G408A, C417T, A420G, C423A, C462A, G465A, G470A, G486A, T495C, C501T, T519C, A525C, T555C, A567G, A603G, C606T, A624G, T630C, A684G, C690T, A714T, G717A, G720A, T729A, A741G, A744G, T759A, G765A, C772T, T777C, T852C, T885C, A891G, C921T, A945T, G984A, T993C, A1011G, G1041A, A1044G, G1059A, T1065C, A1068G, G1113A, A1137G, A1140T, C1141T, A1162C, C1173T, C1185T, A1188C, T1191A, G1206A, T1212C, A1230G, G1248A, C1260T, T1284C, C1287A, C1314T, A1335G, G1343A, T1344C, A1350T	Республика Бурятия	Vulpes vulpes	2019	N3
onii004399	A21C, T63C, C66A, G81A, C96T, T106C, T126C, A129G, G135A, T138C, T144C, A147G, T150C, A165G, G166A, T175G, G182A, C183T, C186T, A192G, T195A, C204T, T219C, G225A, G228A, T240C, A252G, G283T, G301A, T303C, A315G, G317A, A336G, G354A, C382T, A387T, A390G, C403T, G408A, C417T, A420G, C423A, C462A, G465A, G470A, G486A, T495C, C501T, T519C, A525C, T555C, A567G, A603G, C606T, A624G, T630C, A684G, C690T, A714T, G717A, G720A, T729A, A741G, A744G, T759A, G765A, C772T, T777C, T852C, T885C, A891G, C921T, A945T, G984A, T993C, A1011G, G1041A, A1044G, G1059A, T1065C, A1068G, G1113A, A1137G, A1140T, C1141T, A1162C, C1173T, C1185T, A1188C, T1191A, G1206A, T1212C, A1230G, G1248A, C1260T, C1287A, C1314T, A1335G, G1343A, T1344C, A1350T	Республика Бурятия	Vulpes vulpes	2019	N3
onii004400	A21C, T63C, C66A, G81A, C96T, T126C, A129G, A132G, G135A, T138C, T144C, T150C, G166A, T175G, G182A, C183T, C186T, A192G, T195A, C204T, T219C, G225A, G228A, T240C, A252G, G283T, G301A, T303C, A315G, G317A, A336G, G354A, C382T, A387C, A390G, C403T, G408A, C417T, A420G, C423A, C462A, G465A, G470A, G486A, T495C, C501T, T519C, A525C, T555C, A567G, A603G, C606T, A624G, T630C, A684G, C690T, A714T, G720A, T729A, A741G, A744G, T759A, G765A, C772T, T777C, T852C, T885C, A891G, C921T, A945T, G984A, T993C, A1011G, G1041A, A1044G, G1059A, T1065C, A1068G, A1137G, A1140T, C1141T, A1162C, C1173T, C1185T, A1188C, T1191A, C1197T, G1206A, T1212C, A1230G, G1248A, C1260T, C1287A, C1314T, A1335G, G1343A, T1344C, A1350T, A1353G	Республика Бурятия	Vulpes vulpes	2023	N3
onii004401	A21C, T63C, C66A, G81A, C96T, T126C, A129G, G135A, T138C, T144C, T150C, G166A, T175G, G182A, C183T, C186T, A192G, T195A, C204T, T219C, G225A, G228A, T240C, A252G, G283T, G301A, T303C, A315G, G317A, A336G, G354A, C382T, A387C, A390G, C403T, G408A, C417T, A420G, C423A, C462A, G465A, G470A, G486A, T495C, C501T, T519C, A525C, T555C, A567G, A603G, C606T, A624G, T630C, A684G, C690T, A714T, G720A, T729A, A741G, A744G, T759A, G765A, C772T, T777C, T852C, T885C, A891G, C921T, A945T, G984A, T993C, A1011G, G1041A, A1044G, G1059A, T1065C, A1068G, A1137G, A1140T, C1141T, A1162C, C1173T, C1185T, A1188C, T1191A, C1197T, G1206A, T1212C, A1230G, G1248A, C1260T, C1287A, C1314T, A1335G, G1343A, T1344C, A1350T	Республика Бурятия	Meles meles	2023	N3
onii004402	A21C, T63C, C66A, G81A, C96T, T126C, A129G, G135A, T138C, T144C, T150C, G166A, T175G, G182A, C183T, C186T, A192G, T195A, C204T, T219C, G225A, G228A, T240C, A252G, G283T, G301A, T303C, A315G, G317A, A336G, G354A, C382T, A387C, A390G, C403T, G408A, C417T, A420G, C423A, C462A, G465A, G470A, G486A, T495C, C501T, T519C, A525C, T555C, A567G, A603G, C606T, A624G, T630C, A684G, C690T, A714T, G720A, T729G, A741G, A744G, T759A, G765A, C772T, T777C, T852C, T885C, A891G, C921T, A945T, G984A, T993C, A1011G, G1041A, A1044G, G1059A, T1065C, A1068G, A1137G, A1140T, C1141T, A1162C, C1173T, C1185T, A1188C, T1191A, C1197T, G1206A, A1230G, G1248A, C1260T, C1287A, C1314T, A1335G, G1343A, T1344C, A1350T	Республика Бурятия	Vulpes vulpes	2023	N3
onii004403	A21C, T63C, C66A, G81A, C96T, T126C, A129G, A132G, G135A, T138C, T144C, T150C, G166A, T175G, G182A, C183T, C186T, A192G, T195A, C204T, T219C, G225A, G228A, T240C, A252G, G283T, G301A, T303C, A315G, G317A, A336G, G354A, C382T, A387C, A390G, C403T, G408A, C417T, A420G, C423A, C462A, G465A, G470A, G486A, T495C, C501T, T519C, A525C, T555C, A567G, A603G, C606T, A624G, T630C, A684G, C690T, A714T, G720A, T729A, A741G, A744G, T759A, G765A, C772T, T777C, T852C, T885C, A891G, C921T, A945T, G984A, T993C, A1011G, G1041A, A1044G, G1059A, T1065C, A1068G, A1137G, A1140T, C1141T, A1162C, C1173T, C1185T, A1188C, T1191A, C1197T, G1206A, T1212C, A1230G, G1248A, C1260T, C1287A, C1314T, A1335G, G1343A, T1344C, A1350T	Республика Бурятия	Vulpes vulpes	2023	N3
onii004404	A21C, T63C, C66A, G81A, C96T, T126C, A129G, A132G, G135A, T138C, T144C, T150C, G166A, T175G, G182A, C183T, C186T, A192G, T195A, C204T, T219C, G225A, G228A, T240C, A252G, G283T, G301A, T303C, A315G, G317A, A336G, G354A, C382T, A387C, A390G, C403T, G408A, C417T, A420G, C423A, C462A, G465A, G470A, G486A, T495C, C501T, T519C, A525C, T555C, A567G, A603G, C606T, A624G, T630C, A684G, C690T, A714T, G720A, T729A, A741G, A744G, T759A, G765A, C772T, T777C, T852C, T885C, A891G, C921T, A945T, G984A, T993C, A1011G, G1041A, A1044G, G1059A, T1065C, A1068G, A1137G, A1140T, C1141T, A1162C, C1173T, C1185T, A1188C, T1191A, C1197T, G1206A, T1212C, A1230G, G1248A, C1260T, C1287A, C1314T, A1335G, G1343A, T1344C, A1350T, A1353G	Республика Бурятия	Vulpes vulpes	2023	N3
onii004469	A21C, C24T, C66A, C96T, T126C, G135A, T138C, T144C, T150C, T175G, G182A, C183T, C186T, T195A, C204T, T219C, G225A, G228A, T240C, A252G, G283T, G285A, G301A, A302C, T303C, A315G, G317A, G330A, A336G, A348G, G354A, C382T, A387T, A390G, C403T, G408A, C417T, A420G, C453T, C462A, G465A, G470A, G486A, T495C, A498G, C501T, T519C, A525C, T534C, A549G, A603G, C606T, T630C, A684G, C690T, A714T, G720A, A723G, A741G, A744G, C756T, T759A, G765A, T777C, T852C, C861T, T885C, A891G, A906G, T915C, C921T, A945T, G984A, T993C, A1011G, G1041A, G1059A, T1065C, G1113A, G1122A, G1135A, A1137G, C1141T, A1155G, A1162C, C1173T, A1188C, G1206A, A1230G, G1248A, C1260T, C1287A, C1314T, C1317T, G1332A, A1335G, G1343A, T1344C, A1350T	ДНР	Homo sapiens	2023	N1
onii004572	A21C, T63C, C66A, C96T, T126C, A132G, G135A, T138C, T144C, T150C, G166A, T175G, G182A, C183T, C186T, A192G, T195A, C204T, T219C, G225A, G228A, T240C, A252G, G283T, G301A, T303C, A315G, G317A, G330A, A336G, G354A, C382T, A387T, A390G, C403T, G408A, C417T, A420G, C462A, G465A, G470A, G486A, T495C, C501T, T519C, A525C, A549G, T555C, A567G, A603G, C606T, A624G, T630C, A684G, C690T, A714T, G720A, T729A, A741G, A744G, T759A, A760C, G765A, T777C, T852C, T885C, A891G, C921T, A945T, G984A, T993C, A1011G, A1023G, G1041A, A1044G, G1059A, T1065C, A1068G, G1113A, T1131G, A1137G, A1140T, C1141T, A1162C, C1173T, C1185T, A1188C, T1191A, G1206A, T1212C, A1230G, G1248A, C1260T, C1287A, C1314T, A1328C, A1335G, G1343A, T1344C, A1350T	Республика Тыва	Canis lupus	2008	N3
onii004573	A21C, T49C, C66A, C84T, C96T, T126C, A132G, G135A, T138C, T144C, T150C, A156G, G166A, T175G, G182A, C183T, C186T, T195A, C204T, T219C, G225A, G228A, T240C, A252G, G283C, G301A, T303C, A315G, G317A, G330A, A336G, A348G, G354A, T357C, C382T, A387T, A390G, C403T, G408A, C417T, A420G, C462A, G465A, G470A, G486A, T495C, C501T, T519C, A525C, A549G, T597C, A603G, C606T, A624G, T630C, A660G, A684G, C690T, A714T, G720A, A723G, A741G, A744G, T759A, G765A, T777C, G822A, T852C, C861T, T885C, A891G, T918C, C921T, T930C, C939T, A945T, G984A, T993C, T1002C, A1011G, C1033T, G1041A, G1059A, T1065C, A1068G, G1113A, G1122C, A1137G, C1141T, A1162C, C1173T, C1182T, A1188C, G1206A, A1230G, G1248A, C1264A, C1275A, C1287A, C1314T, C1317T, A1335G, G1343A, T1344C, A1350T	Омская область	Vulpes vulpes	2008	N4
onii004574	A21C, C66A, C270T, G283T, G301A, A302G, T303C, A315G, G317A, G330A, A336G, A348G, G354A, G366A, C382T, A387T, A390G, C403T, G408A, C417T, A420G, C462A, G465A, G470A, G486A, T495C, C501T, T519C, A525C, A549G, A603G, C606T, A612G, C621T, A624G, T630C, G648A, A684G, C690T, A714T, G720A, A723G, T726C, A741G, A744G, T759A, G765A, T777C, A837T, T852C, T885C, A891G, A906G, C921T, A945T, T954C, G984A, T993C, A1011G, C1029A, T1032C, G1041A, G1059A, T1065C, A1068G, A1071G, G1113A, A1137G, C1141T, A1162C, C1170T, C1173T, A1188C, G1206A, A1230G, G1248A, A1278G, C1287A, C1314T, C1317T, A1335G, G1343A, T1344C, A1350T	Омская область	Vulpes vulpes	2008	N10.2
onii004575	A21C, C66A, C96T, T126C, A132G, G135A, T138C, T144C, T150C, G166A, T175G, G182A, C183T, C186T, T195A, C204T, T219C, G225A, G228A, T240C, A252G, G283T, G301A, A302G, T303C, A315G, G317A, G330A, A336G, A348G, G354A, C368A, C382T, A387T, C403T, G408A, C417T, A420G, C462A, G465A, G470A, G486A, T495C, C501T, T519C, A525C, A549G, A603G, C606T, A624G, T630C, C633T, A660G, A684G, C690T, A714T, G720A, A723G, A741G, A744G, T759A, G765A, T777C, A813G, T852C, T885C, A891G, C921T, A945T, G984A, T993C, A1011G, G1041A, G1059A, T1065C, A1068G, A1311G, C1314T, A1335G, G1343A, T1344C, A1350T	Красноярский край	Vulpes vulpes	2008	N2.2
onii004576	A21C, C66A, C96T, T126C, A132G, G135A, T138C, T144C, T150C, G166A, T175G, G182A, C183T, C186T, T195A, C204T, T219C, G225A, G228A, T240C, A252G, G283T, G301A, A302G, T303C, A315G, G317A, G330A, A336G, A348G, G354A, C368A, C382T, A387T, C403T, G408A, C417T, A420G, C462A, G465A, G470A, G486A, T495C, C501T, T519C, A525C, A549G, A603G, C606T, A624G, T630C, C633T, A660G, A684G, C690T, A714T, G720A, A723G, A741G, A744G, T759A, G765A, T777C, A813G, T852C, T885C, A891G, C921T, A945T, G984A, T993C, A1011G, G1041A, G1059A, T1065C, A1068G, A1311G, C1314T, A1335G, G1343A, T1344C, A1350T	Красноярский край	Vulpes vulpes	2008	N2.2
onii004577	A21C, C66A, C96T, T126C, A132G, G135A, T138C, T144C, T150C, G166A, T175G, G182A, C183T, C186T, T195A, C204T, T219C, G225A, G228A, T240C, A252G, G283T, G301A, T303C, A315G, G317A, G330A, A336G, A348G, G354A, A387T, C403T, G408A, C417T, A420G, A456G, C462A, G465A, G470A, G486A, T495C, C501T, T519C, A525C, A549G, A567G, A603G, C606T, A624G, T630C, A660G, A684G, C690T, A714T, G720A, A723G, A741G, A744G, T759A, G765A, T777C, A813G, T852C, T885C, A891G, C921T, A945T, G984A, T993C, A1011G, G1041A, G1059A, T1065C, A1068G, G1113A, C1134T, A1137G, A1140T, A1162C, C1173T, C1185T, A1188C, G1206A, T1212C, A1230G, G1248A, A1254G, G1257A, C1260T, A1311G, C1314T, A1335G, G1343A, T1344C, A1350T	Красноярский край	Vulpes vulpes	2008	N2
onii004578	A21C, C66A, C96T, T126C, A132G, G135A, T138C, T144C, T150C, G166A, T175G, G182A, C183T, C186T, T195A, C204T, T219C, G225A, G228A, T240C, A252G, G283T, G301A, T303C, A315G, G317A, G330A, A336G, A348G, G354A, C382T, A387T, C403T, G408A, C417T, A420G, C462A, G465A, G470A, G486A, T495C, C501T, T519C, A525C, A549G, A567G, A603G, C606T, A624G, T630C, A660G, A684G, C690T, A714T, G720A, A723G, A741G, A744G, T759A, G765A, A774G, T777C, A813G, T852C, T885C, A891G, C921T, A945T, G984A, T993C, A1011G, G1041A, G1059A, T1065C, A1068G, G1113A, A1137G, A1140T, A1162C, C1173T, C1185T, A1188C, G1206A, T1212C, A1230G, G1248A, A1254G, G1257A, C1260T, A1311G, C1314T, A1335G, G1343A, T1344C, A1350T	Красноярский край	Vulpes vulpes	2008	N2
onii004579	A21C, C66A, C96T, T126C, A132G, G135A, T138C, T144C, T150C, G166A, T175G, G182A, C183T, C186T, T195A, C204T, T219C, G225A, G228A, T240C, A252G, G283T, G301A, T303C, A315G, G317A, G330A, A336G, A348G, G354A, A387T, C403T, G408A, C417T, A420G, A456G, C462A, G465A, G470A, G486A, T495C, C501T, T519C, A525C, A549G, A567G, A603G, C606T, A624G, T630C, A660G, A684G, C690T, A714T, G720A, A723G, A741G, A744G, T759A, G765A, T777C, A813G, T852C, T885C, A891G, C921T, A945T, G984A, T993C, A1011G, G1041A, G1059A, T1065C, A1068G, G1113A, C1134T, A1137G, A1140T, A1162C, C1173T, C1185T, A1188T, G1206A, T1212C, A1230G, G1248A, A1254G, G1257A, C1260T, C1287A, A1311G, C1314T, A1335G, G1343A, T1344C, A1350T	Красноярский край	Vulpes vulpes	2008	N2
onii004580	A21C, C66A, C96T, T126C, A132G, G135A, T138C, T144C, T150C, G166A, T175G, G182A, C183T, C186T, T195A, C204T, T219C, G225A, G228A, T240C, A252G, G283T, G301A, T303C, A315G, G317A, G330A, A336G, A348G, G354A, A387T, C403T, G408A, C417T, A420G, A456G, C462A, G465A, G470A, G486A, T495C, C501T, T519C, A525C, A549G, A567G, A603G, C606T, A624G, T630C, A660G, A684G, C690T, A714T, G720A, A723G, A741G, A744G, T759A, G765A, T777C, A813G, T852C, T885C, A891G, C921T, A945T, G984A, T993C, A1011G, G1041A, G1059A, T1065C, A1068G, G1113A, C1134T, A1137G, A1140T, A1162C, C1173T, C1185T, A1188C, G1206A, T1212C, A1230G, G1248A, A1254G, G1257A, C1260T, C1287A, A1311G, C1314T, A1335G, G1343A, T1344C, A1350T	Красноярский край	Vulpes vulpes	2008	N2
onii004581	A21C, T49C, C66A, C84T, C96T, T126C, A132G, G135A, T138C, T144C, T150C, A156G, G166A, T175G, G182A, C183T, C186T, T195A, C204T, T219C, G225A, G228A, T240C, A252G, G283C, G301A, T303C, A315G, G317A, G330A, A336G, A348G, G354A, T357C, C382T, A387T, A390G, C403T, G408A, C417T, A420G, C462A, G465A, G470A, G486A, T495C, C501T, T519C, A525C, A549G, T597C, A603G, C606T, A624G, T630C, C645T, A660G, A684G, C690T, A714T, G720A, A723G, A741G, A744G, T759A, G765A, T777C, T852C, C861T, T885C, A891G, T918C, C921T, T930C, C939T, A945T, G984A, T993C, T1002C, A1011G, C1033T, G1041A, G1059A, T1065C, A1068G, G1113A, G1122C, A1137G, C1141T, A1162C, C1173T, C1182T, A1188C, G1206A, A1230G, G1248A, C1264A, C1275A, C1287A, C1314T, C1317T, A1335G, G1343A, T1344C, C1347T, A1352T	Алтайский край	Bos taurus	2008	N4
onii004582	A21C, T49C, C66A, C84T, C96T, T126C, A132G, G135A, T138C, T144C, T150C, A156G, G166A, T175G, G182A, C183T, C186T, T195A, C204T, C216T, T219C, G225A, G228A, T240C, A252G, G283C, G301A, T303C, A315G, G317A, G330A, A336G, A348G, G354A, T357C, C382T, A387T, A390G, C403T, G408A, C417T, A420G, C462A, G465A, G470A, G486A, T495C, C501T, T519C, A525C, A549G, T597C, A603G, C606T, A612G, A624G, T630C, A660G, A684G, C690T, A714T, G720A, A723G, A741G, A744G, T759A, G765A, T777C, T852C, C861T, T885C, A891G, T918C, C921T, T930C, C939T, A945T, G984A, T993C, T1002C, A1011G, C1033T, G1041A, G1059A, T1065C, A1068G, G1113A, G1122A, A1137G, C1141T, A1162C, C1170T, C1173T, C1182T, A1188C, G1206A, A1230G, G1248A, C1275G, C1287A, C1314T, C1317T, A1335G, G1343A, T1344C, A1350T	Алтайский край	Vulpes vulpes	2008	N4
onii004583	A21C, T49C, C66A, C84T, C96T, T126C, A132G, G135A, T138C, T144C, T150C, A156G, G166A, T175G, G182A, C183T, C186T, T195A, C204T, T219C, G225A, G228A, T240C, A252G, G283C, G301A, T303C, A315G, G317A, G330A, A336G, A348G, G354A, T357C, C382T, A387T, A390G, C403T, G408A, C417T, A420G, C462A, G465A, G470A, C471T, G486A, T495C, C501T, T519C, A525C, A549G, T597C, A603G, C606T, A624G, T630C, C645T, A660G, A684G, C690T, A714T, G720A, A723G, A741G, A744G, T759A, G765A, T777C, T852C, C861T, T885C, A891G, T918C, C921T, T930C, C939T, A945T, G984A, T993C, T1002C, A1011G, C1033T, G1041A, G1059A, T1065C, A1068G, G1113A, G1122C, A1137G, C1141T, A1162C, C1173T, C1182T, A1188C, G1206A, A1230G, G1248A, C1264A, C1275A, C1287A, C1314T, C1317T, A1335G, G1341A, G1343A, T1344C, C1347T, A1350T	Алтайский край	Vulpes vulpes	2008	N4
onii004584	A21C, T49C, C66A, C84T, C96T, T106C, T126C, A132G, G135A, T138C, T144C, T150C, A156G, G166A, T175G, G182A, C183T, C186T, T195A, C204T, T219C, G225A, G228A, T240C, A252G, G283C, G301A, T303C, A315G, G317A, G330A, A336G, T339C, A348G, G354A, T357C, C382T, A387T, A390G, C403T, G408A, C417T, A420G, C462A, G465A, G470A, G486A, T495C, C501T, T519C, A525C, A549G, T597C, A603G, C606T, A624G, T630C, A660G, A684G, C690T, A714T, G720A, A723G, A741G, A744G, T759A, G765A, T777C, T852C, C861T, T885C, A891G, T918C, C921T, T930C, C939T, A945T, G984A, T993C, T1002C, A1011G, T1032C, C1033T, G1041A, G1059A, T1065C, A1068G, T1105C, G1113A, G1122A, A1137G, C1141T, A1162C, C1173T, C1182T, A1188C, G1206A, A1230G, G1248A, C1275A, C1287A, C1314T, C1317T, A1335G, G1343A, T1344C, A1350T	Алтайский край	Bos taurus	2008	N4
onii004585	A21C, G39A, C66A, C96T, T126C, A132G, G135A, T138C, T144C, T150C, T175G, G182A, C183T, C186T, T195A, C204T, T219C, G225A, G228A, T240C, A252G, G283T, G301A, A302C, T303C, A315G, G317A, G330A, A336G, A348G, G354A, C382T, A387T, A390G, C403T, G408A, C417T, A420G, C462A, G465A, G470A, G486A, T495C, C501T, T519C, A525C, T534C, A549G, A603G, C606T, T630C, A684G, C690T, A714T, G720A, A723G, A741G, A744G, C756T, T759A, G765A, T777C, C786T, T852C, C861T, T885C, A891G, A906G, T915C, C921T, A945T, G984A, T993C, A1011G, G1041A, G1059A, T1065C, G1113A, G1135A, A1137G, C1141T, A1155G, A1162C, C1173T, A1188C, G1206A, A1230G, G1248A, C1260T, C1287A, C1314T, C1317T, G1332A, A1335G, G1343A, T1344C, A1350T	Белгородская область	Vulpes vulpes	2008	N1
onii004586	A21C, T49C, C66A, C84T, C96T, T126C, A132G, G135A, T138C, T144C, T150C, A156G, G166A, T175G, G182A, C183T, C186T, T195A, C204T, T219C, G225A, G228A, T240C, A252G, G283C, G301A, T303C, A315G, G317A, G330A, A336G, G354A, C382T, A387T, A390G, C403T, G408A, C417T, A420G, C462A, G465A, G470A, G486A, T495C, C501T, T519C, A525C, A549G, A603G, C606T, A624G, T630C, A684G, C690T, A714T, G720A, A723G, A741G, A744G, T759A, G765A, T777C, T852C, C861T, T885C, A891G, T918C, C921T, T930C, C939T, A945T, G984A, T993C, T1002C, A1011G, C1033T, G1041A, G1059A, T1065C, A1068G, G1113A, G1122A, A1137G, C1141T, A1162C, C1173T, C1182T, A1188C, G1206A, C1275A, C1287A, C1314T, C1317T, A1335G, G1343A, T1344C, A1352T	Воронежская область	Vulpes vulpes	2008	N4
onii004587	A21C, C66A, C96T, T126C, A132G, G135A, T138C, T144C, T150C, T175G, G182A, C183T, C186T, T195A, C204T, T219C, G225A, G228A, T240C, A252G, G283T, G301A, A302C, T303C, A315G, G317A, G330A, A336G, A348G, G354A, C382T, A387T, A390G, C403T, G408A, G414A, C417T, A420G, C462A, G465A, G470A, G486A, T495C, C501T, T519C, A525C, T534C, A549G, A603G, C606T, T630C, A684G, C690T, A714T, G720A, A723G, A741G, A744G, T759A, G765A, T777C, T852C, C861T, T885C, A891G, A906G, T915C, C921T, A945T, T993C, A1011G, G1041A, G1059A, T1065C, G1113A, A1137G, C1141T, A1155G, A1162C, C1173T, A1188C, G1206A, A1230G, G1248A, C1260T, C1287A, A1296G, C1314T, C1317T, G1332A, A1335G, G1343A, T1344C, A1350T	Воронежская область	Vulpes vulpes	2008	N1
onii004588	A21C, C66A, C96T, T126C, A132G, G135A, T138C, T144C, T150C, T175G, G182A, C183T, C186T, T195A, C204T, T219C, G225A, G228A, T240C, A252G, G283T, G301A, A302C, T303C, A315G, G317A, G330A, A336G, A348G, G354A, C382T, A387T, A390G, C403T, G408A, C417T, A420G, C462A, G465A, G470A, G486A, T495C, C501T, T519C, A525C, T534C, T537C, A549G, A603G, C606T, T630C, A684G, C690T, A714T, G720A, A723G, A741G, A744G, C756T, T759A, G765A, T777C, T852C, C861T, T885C, A891G, A906G, T915C, C921T, A945T, G984A, T993C, A1011G, G1041A, G1059A, T1065C, G1113A, A1137G, C1141T, A1155G, A1162C, C1173T, A1188C, G1206A, A1230G, G1248A, C1260T, C1287A, C1314T, C1317T, G1332A, A1335G, G1343A, T1344C, A1350T	Воронежская область	Vulpes vulpes	2008	N1
onii004753	A21C, C66A, C96T, T126C, A132G, G135A, T138C, T144C, T150C, T175G, G182A, C183T, C186T, T195A, C204T, T219C, G225A, G228A, T240C, A252G, G283T, G301A, A302C, T303C, A315G, G317A, T321C, G330A, A336G, A348G, G354A, C382T, A387T, A390G, C403T, G408A, C417T, A420G, C462A, G465A, G470A, G486A, T495C, C501T, T519C, A525C, T534C, A549G, A603G, C606T, T630C, A684G, C690T, A714T, G720A, A723G, A741G, A744G, T759A, G765A, T777C, T852C, C861T, T885C, A891G, A906G, T915C, C921T, A945T, G984A, T993C, A1011G, G1041A, G1059A, T1065C, G1113A, A1137G, C1141T, A1155G, A1162C, C1173T, A1188C, G1206A, A1230G, G1248A, C1260T, C1287A, C1314T, C1317T, G1332A, A1335G, G1343A, T1344C, A1350T	Липецкая область	Vulpes vulpes	2011	N1
onii004754	A21C, C66A, C96T, T126C, A132G, G135A, T138C, T144C, T150C, T175G, G182A, C183T, C186T, T195A, C204T, T219C, G225A, G228A, T240C, A252G, G283T, G301A, A302C, T303C, A315G, G317A, G330A, A336G, A348G, G354A, C382T, A387T, A390G, C403T, G408A, C417T, A420G, C462A, G465A, G470A, G486A, T495C, C501T, T519C, A525C, T534C, A549G, A603G, C606T, T630C, A684G, C690T, A714T, G720A, A723G, A741G, A744G, T759A, G765A, T777C, T852C, C861T, T885C, A891G, A906G, T915C, C921T, A945T, G984A, T993C, A1011G, G1041A, G1059A, T1065C, G1113A, A1137G, C1141T, A1155G, A1162C, C1173T, A1188C, G1206A, A1230G, G1248A, C1260T, C1287A, C1314T, C1317T, G1332A, A1335G, G1343A, T1344C, A1350T	Липецкая область	Vulpes vulpes	2011	N1
onii004755	A21C, C66A, C96T, T126C, A132G, G135A, T138C, T144C, T150C, T175G, G182A, C183T, C186T, T195A, C204T, T219C, G225A, G228A, T240C, A252G, G283T, G301A, A302C, T303C, A315G, G317A, G330A, A336G, A348G, G354A, C382T, A387T, A390G, C403T, G408A, C417T, A420G, C462A, G465A, G470A, G486A, T495C, C501T, T519C, A525C, T534C, A549G, A603G, C606T, T630C, A684G, C690T, A714T, G720A, A723G, A741G, A744G, T759A, G765A, T777C, T852C, C861T, T885C, A891G, A906G, T915C, C921T, A945T, G984A, T993C, A1011G, G1041A, G1059A, T1065C, G1113A, A1137G, C1141T, A1155G, A1162C, C1173T, A1188C, G1206A, A1230G, G1248A, C1260T, C1287A, C1314T, C1317T, G1332A, A1335G, G1343A, T1344C, A1350T	Липецкая область	Felis catus	2011	N1
onii004756	A21C, T33C, C66A, C96T, A111G, T126C, A132G, G135A, T138C, T144C, T150C, T175G, G182A, C183T, C186T, T195G, C204T, T219C, G225A, G228A, A231G, T240C, A252G, G283T, G301A, A302C, T303C, A315G, G317A, G330A, A336G, A348G, G354A, C382T, A387T, A390G, C403T, G408A, C417T, A420G, C462A, G465A, G470A, G486A, T495C, C501T, T519C, A525C, A549G, A603G, C606T, T630C, A684G, C690T, A714T, G720A, A723G, T729C, A741G, A744G, A754T, T759A, G765A, A769C, T777C, A825T, T852C, C861T, T885C, G888A, A891G, T900C, T915C, C921T, A945T, G984A, T993C, A1011G, G1041A, G1059A, A1062G, T1065C, A1068G, A1137G, A1155G, A1162C, C1173T, A1188C, G1206A, A1230G, G1248A, C1260T, C1287A, C1314T, C1317T, A1335G, G1343A, T1344C, C1347T, A1350T	Липецкая область	Vulpes vulpes	2011	N1
onii004757	A21C, C66A, C382T, A387T, A390G, C403T, G408A, C417T, A420G, G486A, T495C, C501T, T519C, A525C, C543T, A549G, A603G, C606T, A612G, C621T, A624G, T630C, G648A, A684G, C690T, A714T, G720A, A723G, T726C, A741G, A744G, T759A, G765A, T777C, A837T, T852C, T885C, A891G, A906G, C921T, A945T, T954C, G984A, T993C, A1011G, C1029A, T1032C, G1041A, G1059A, T1065C, A1068G, A1071G, G1113A, A1137G, C1141T, A1162C, C1170T, C1173T, A1188C, G1206A, A1230G, G1248A, A1278G, C1287A, C1314T, C1317T, A1335G, G1343A, T1344C, A1350T	Омская область	Bos taurus	2008	N10
onii004758	A21C, T57C, C66A, C96T, T126C, A132G, T138C, T144C, T150C, G166A, T175G, G182A, C183T, C186T, A192G, T195A, C204T, T219C, G225A, G228A, T240C, A252G, C270T, G283T, G301A, A302G, T303C, A315G, G316A, G317A, G330A, G354A, C382T, A387T, A390G, C403T, G408A, C417T, A420G, C462A, G465A, G470A, G486A, T495C, C501T, T519C, A525C, A549G, A603G, C606T, A624G, T630C, A675G, A684G, C690T, A714T, G720A, A723G, A741G, A744G, T759A, G765A, T777C, A837G, T852C, C861T, A873G, T885C, A891G, C921T, A945T, C973T, G984A, T993C, A1011G, G1041A, G1053A, G1059A, T1065C, A1068G, G1113A, A1137G, C1141T, T1158A, A1162C, C1173T, A1188C, T1203C, G1206A, A1230G, G1248A, C1260T, C1287A, C1314T, C1317T, A1335G, G1343A, T1344C, A1350T	Омская область	Vulpes vulpes	2008	N6
onii004759	A21C, T49C, C66A, C84T, C96T, T126C, A132G, G135A, T138C, T144C, T150C, A156G, G166A, T175G, G182A, C183T, C186T, T195A, C204T, T219C, G225A, G228A, T240C, A252G, G283C, G301A, T303C, A315G, G317A, G330A, A336G, A348G, G354A, T357C, C382T, A387T, A390G, C403T, G408A, C417T, A420G, C462A, G465A, G470A, G486A, T495C, C501T, T519C, A525C, A549G, T597C, A603G, C606T, A624G, T630C, A660G, A684G, C690T, A714T, G720A, A723G, A741G, A744G, T759A, G765A, T777C, G822A, T852C, C861T, T885C, A891G, T918C, C921T, T930C, C939T, A945T, G984A, T993C, T1002C, A1011G, C1033T, G1041A, G1059A, T1065C, A1068G, G1113A, G1122C, A1137G, C1141T, A1162C, C1173T, C1182T, A1188C, G1206A, A1230G, G1248A, C1264A, C1275A, C1287A, C1314T, C1317T, A1335G, G1343A, T1344C, A1350T	Омская область	Vulpes vulpes	2008	N4
onii004760	A21C, C66A, C96T, T106C, T126C, A132G, G135A, T138C, T144C, T150C, T175G, G182A, C183T, C186T, T195A, T201A, C204T, T207C, T219C, T220C, G225A, T240C, A252G, G283T, G301A, A302G, T303C, A315G, G317A, G330A, A336G, A348G, G354A, C382T, A387T, A390G, C403T, G408A, C417T, A420G, C462A, G465A, G470A, G486A, T495C, C501T, T519C, A525C, C543T, A549G, A603G, C606T, A612G, C621T, A624G, T630C, G648A, A684G, C690T, A714T, G720A, A723G, T726C, A741G, A744G, T759A, G765A, T777C, A837T, T852C, T885C, A891G, A906G, C921T, A945T, T954C, G984A, T993C, A1011G, C1029A, T1032C, G1041A, G1059A, T1065C, A1068G, A1071G, G1113A, A1137G, C1141T, A1162C, C1170T, C1173T, A1188C, G1206A, A1230G, G1248A, A1278G, C1287A, C1314T, C1317T, A1335G, G1343A, T1344C, A1350T	Омская область	Canis lupus familiaris	2008	N9.1
onii004762	C96T, C99T, A102G, T105C, A111G, T118A, A123C, T126C, A132G, T138C, A147G, T150C, A153G, T175G, A178T, G182A, C183T, C186T, A192G, C204T, T207C, T219C, G222A, G225A, G228T, T240C, T243C, A252G, G258C, A279G, G283C, A294G, A336G, T342C, A344G, C364T, A369G, C375G, A387G, A390G, C402T, T405A, C417T, T438C, G447A, T448C, G450A, C462T, G470A, T474C, C501T, T516C, T519C, T531C, G535A, A540G, A549G, C552T, A561G, A576G, T585C, T588C, T615C, T616C, C621A, A624G, T630C, A660G, G678A, C681T, A684G, T687A, A702G, T708C, A711G, A714G, G720A, T729C, A744G, C747A, C756T, T759A, A762G, G765A, G789A, T795C, G828A, G831A, T852C, C861T, C867T, A876G, A891G, T894C, T912A, C921T, C1021T, G1026A, C1033T, A1038G, A1044G, C1047T, A1056G, A1062G, A1068G, A1071G, A1092G, C1107T, G1111A, C1120T, G1135A, T1136C, A1137T, C1164T, T1167G, C1170T, A1188C, T1191G, T1203C, G1206T, A1209G, A1219G, T1221C, A1230G, T1236C, A1239G, T1242C, C1243A, G1248A, T1284C, C1287A, T1293C, C1314T, C1317T, A1335G, G1341T, A1350G	Ненецкий АО	Rangifer tarandus	2008	N7.3
onii004763	G317A, A336G, T342C, A344G, C364T, A369G, C375G, A387G, A390G, C402T, T405A, C417T, T438C, G447A, T448C, G450A, C462T, G470A, T474C, C501T, T516C, T519C, T531C, G535A, A540G, A549G, C552T, A561G, A576G, T585C, T588C, T615C, T616C, C621A, A624G, T630C, A660G, G678A, C681T, A684G, T687A, A702G, T708C, A711G, A714G, G720A, T729C, A744G, C747A, C756T, T759A, A762G, G765A, G789A, T795C, G828A, G831A, T852C, C861T, C867T, A876G, A891G, T894C, T912A, C921T, C1021T, G1026A, C1033T, A1038G, A1044G, C1047T, A1056G, A1062G, A1068G, A1071G, A1092G, C1107T, G1111A, C1120T, G1135A, T1136C, A1137T, C1164T, T1167G, C1170T, A1188C, T1191G, T1203C, G1206T, A1209G, A1219G, T1221C, A1230G, T1236C, A1239G, T1242C, C1243A, G1248A, T1284C, C1287A, T1293C, C1314T, C1317T, A1335G, G1341T, A1350G	Ненецкий АО	Rangifer tarandus	2008	N7.4
onii004764	C96T, C99T, A102G, T105C, A111G, T118A, A123C, T126C, A132G, T138C, A147G, T150C, A153G, T175G, A178T, G182A, C183T, C186T, A192G, C204T, T207C, T219C, G222A, G225A, G228T, T240C, T243C, A252G, G258C, C269A, A279G, G283C, G317A, A336G, T342C, A344G, C364T, A369G, C375G, A387G, A390G, C402T, T405A, C417T, T438C, G447A, T448C, G450A, C462T, G470A, T474C, T516C, T519C, T531C, G535A, A540G, A549G, C552T, A561G, A576G, T585C, T588C, T615C, T616C, C621A, A624G, T630C, A660G, G678A, C681T, A684G, T687A, A702G, T708C, A711G, A714G, G720A, T729C, A744G, C747A, C756T, T759A, A762G, G765A, G789A, T795C, G828A, G831A, T852C, C861T, C867T, A876G, A891G, T894C, T912A, C921T, T936C, A945C, T960A, C966G, C972T, A975G, T987C, C1021T, G1026A, C1033T, A1038G, A1044G, C1047T, A1056G, A1062G, A1068G, A1071G, A1092G, C1107T, G1111A, C1120T, G1135A, T1136C, A1137T, C1164T, T1167G, C1170T, A1188C, T1191G, T1203C, G1206T, A1209G, A1219G, T1221C, A1230G, T1236C, A1239G, T1242C, C1243A, G1248A, C1314T, C1317T, A1335G, G1341T, A1350G	Ненецкий АО	Rangifer tarandus	2008	N8.5
onii004765	C45A, T48C, T93C, C96T, A111G, T126C, A132G, G135A, T138C, T144C, T150C, T175G, G182A, C183T, C204T, T219C, G225A, G228A, T240C, A252G, T276C, G283C, T303C, G317A, G330A, T342C, A390G, C403T, C417T, C462A, G465A, G470A, T474C, G486A, T519C, T555C, A603G, C606T, C621T, A675G, C690T, A714G, G720A, A723G, A741G, A744G, T759A, A771T, T777C, T819C, A837C, T852G, T860C, C861T, A891G, A906G, T912C, C921T, A945C, G984A, T993C, A1011G, G1059A, C1080T, A1137G, A1140G, C1141T, T1158G, C1161T, C1170T, C1173T, A1188C, G1206A, A1230G, C1260T, G1266A, T1299C, A1311G, C1314T, G1332A, A1352T	Республика Дагестан	Canis lupus familiaris	2008	N1.5
onii004766	C45A, T48C, T93C, C96T, A111G, T126C, A132G, G135A, T138C, T144C, T150C, T175G, C177T, G182A, C183T, C204T, T219C, G225A, G228A, T240C, A252G, T276C, G283C, T303C, G317A, G330A, T342C, A390G, C403T, C417T, C462A, G465A, G470A, T474C, G486A, T519C, T555C, A603G, C606T, C621T, A675G, C690T, A714G, G720A, A723G, A741G, A744G, T759A, A771T, T777C, T819C, A837C, T852G, C861T, T870C, C874T, A891G, A906G, T912C, C921T, A945C, G984A, T993C, A1011G, G1059A, C1080T, A1137G, A1140G, C1141T, T1158G, C1161T, C1170T, C1173T, A1188C, G1206A, A1230G, C1260T, G1266A, T1299C, A1311G, C1314T, G1332A, A1352T	Республика Дагестан	Canis lupus familiaris	2008	N1.5
onii004767	A21C, C66A, C96T, T126C, A132G, G135A, T138C, T144C, T150C, T175G, G182A, C183T, C186T, T195A, C204T, T219C, G225A, G228A, T240C, A252G, G283T, G301A, A302C, T303C, A315G, G317A, G330A, A336G, A348G, G354A, A372G, C382T, A387T, A390G, C402A, C403T, G408A, C417T, A420G, C432T, C462A, G465A, G470A, G486A, T495C, C501T, T519C, A525C, T537C, A549G, C606T, T630C, A684G, C690T, A714T, G720A, A723G, G732A, A741G, A744G, T759A, G765A, T777C, T852C, C861T, T885C, A891G, A906G, C921T, A945T, G984A, T993C, A1011G, G1041A, G1059A, T1065C, A1068G, G1113A, A1137G, C1141T, A1155G, A1162C, C1173T, A1188C, G1206A, A1230G, G1248A, C1260T, G1266A, C1275T, C1287A, C1314T, C1317T, A1335G, G1343A, T1344C, A1350T	Республика Дагестан	Felis catus	2008	N1
onii004768	A21C, T48C, T57C, C66A, C96T, T126C, A132G, T138C, T144C, T150C, G166A, T175G, G182A, C183T, C186T, A192G, T195A, C204T, T219C, G225A, G228A, T240C, A252G, C270T, G283T, G301A, A302G, T303C, A315G, G316A, G317A, G330A, G354A, C382T, A387T, A390G, C403T, G408A, C417T, A420G, C462A, G465A, G470A, G486A, T495C, C501T, T519C, A525C, A549G, A603G, C606T, A624G, T630C, A675G, A684G, T687C, C690T, A714T, G720A, A723G, A741G, A744G, C756T, T759A, G765A, T777C, A837G, T852C, C861T, A873G, T885C, A891G, C921T, A945T, C973T, G984A, T993C, A1011G, G1041A, G1053A, G1059A, T1065C, A1068G, T1105C, G1113A, A1137G, C1141T, T1158A, A1162C, C1173T, A1188C, T1203C, G1206A, A1230G, G1248A, C1260T, C1287A, C1314T, C1317T, A1335G, G1343A, T1344C, A1352T	Республика Дагестан	Bos taurus	2008	N6
onii004769	A21C, T49C, C66A, C84T, T126C, A132G, G135A, T138C, T144C, T150C, A156G, G166A, T175G, G182A, C183T, C186T, T195A, C204T, T219C, G225A, G228A, T240C, A252G, G283C, G301A, T303C, A315G, G317A, G330A, A336G, A348G, G354A, T357C, C382T, A387T, A390G, C403T, G408A, C417T, A420G, C462A, G465A, G470A, G486A, T495C, C501T, T519C, A525C, A549G, T597C, A603G, C606T, A612G, A624G, T630C, A660G, A684G, C690T, A714T, G720A, A723G, A741G, A744G, T759A, G765A, T777C, T852C, C861T, T885C, A891G, T918C, C921T, T930C, C939T, A945T, G984A, T993C, T1002C, A1011G, C1033T, G1041A, G1059A, T1065C, A1068G, G1113A, G1122A, A1137G, C1141T, A1162C, C1173T, C1182T, A1188C, G1206A, A1230G, G1248A, C1275G, C1287A, C1314T, C1317T, A1335G, G1343A, T1344C, A1350T	Алтайский край	Vulpes vulpes	2008	N4
onii004770	A21C, C66A, C382T, A387T, A390G, C403T, G408A, C417T, A420G, C462A, G465A, G470A, G486A, T495C, C501T, T519C, A525C, C543T, A549G, A603G, C606T, A612G, C621T, A624G, T630C, G648A, A684G, C690T, A714T, G720A, A723G, T726C, A741G, A744G, T759A, G765A, T777C, A837T, T852C, T885C, A891G, A906G, C921T, A945T, T954C, G984A, T993C, A1011G, C1029A, T1032C, G1041A, G1059A, T1065C, A1068G, A1071G, G1113A, A1137G, C1141T, A1155G, A1162C, C1170T, C1173T, A1188C, G1206A, A1230G, G1248A, A1278G, C1287A, C1314T, C1317T, A1335G, G1343A, T1344C, A1350T	Омская область	Felis catus	2009	N10
onii004771	A21C, T57C, C66A, C96T, T126C, A132G, T138C, T144C, T150C, G166A, T175G, G182A, C183T, C186T, T195A, C204T, T219C, G225A, G228A, T240C, A252G, C270T, G283T, G289T, G301A, A302G, T303C, A315G, G316A, G317A, G330A, G354A, C382T, A387T, A390G, C403T, G408A, C417T, A420G, C462A, G465A, G470A, G486A, T495C, C501T, T519C, A525C, A549G, A603G, C606T, A624G, T630C, A684G, C690T, A714T, G720A, A723G, A741G, A744G, T759A, G765A, T777C, A837G, T846C, T852C, C861T, T885C, A891G, C921T, A945T, C972T, C973T, G984A, T993C, A1011G, C1033T, G1041A, G1053A, G1059A, T1065C, A1068G, G1113A, A1137G, C1141T, T1158A, A1162C, C1173T, A1188C, T1203C, G1206A, A1230G, G1248A, C1260T, C1287A, C1314T, C1317T, A1335G, G1343A, T1344C, A1350T	Омская область	Vulpes vulpes	2009	N6
onii004772	A21C, T57C, C66A, C96T, T126C, A132G, T138C, T144C, T150C, G166A, T175G, G182A, C183T, C186T, T195A, C270T, G283T, G289T, G301A, A302G, T303C, A315G, G316A, G317A, G330A, G354A, C382T, A387T, A390G, C403T, G408A, C417T, A420G, C462A, G465A, G470A, G486A, T495C, C501T, T519C, A525C, A549G, A603G, C606T, A624G, T630C, A684G, C690T, A714T, G720A, A723G, A741G, A744G, T759A, G765A, T777C, A837G, T846C, T852C, C861T, A873G, T885C, A891G, C921T, A945T, C972T, C973T, G984A, T993C, A1011G, C1033T, G1041A, G1053A, G1059A, T1065C, A1068G, G1113A, A1137G, C1141T, T1158A, A1162C, C1173T, A1188C, T1203C, G1206A, A1230G, G1248A, C1260T, C1287A, C1314T, C1317T, A1335G, G1343A, T1344C, A1350T	Омская область	Vulpes vulpes	2009	N6
onii004773	A21C, T57C, C66A, C96T, T126C, A132G, T138C, T144C, T150C, G166A, T175G, G182A, C183T, C186T, A192G, T195A, C204T, T219C, G225A, G228A, T240C, A252G, G354A, C382T, A387T, A390G, C403T, G408A, C417T, A420G, G470A, G486A, C501T, T519C, A525C, A549G, A603G, C606T, A624G, T630C, A675G, A684G, C690T, A714T, G720A, A723G, A741G, A744G, T759A, G765A, T777C, A837G, T852C, C861T, A873G, T885C, A891G, C921T, A945T, C973T, G984A, T993C, A1011G, G1041A, G1053A, G1059A, T1065C, A1068G, G1113A, A1137G, C1141T, T1158A, A1162C, C1173T, A1188C, T1203C, G1206A, A1230G, G1248A, C1260T, C1287A, C1314T, C1317T, A1335G, G1343A, T1344C, A1352T	Омская область	Bos taurus	2009	N6
onii004774	A21C, T63C, C66A, C96T, T126C, A132G, G135A, T138C, T144C, T150C, G166A, T175G, G182A, C183T, C186T, A192G, T195A, C204T, T219C, G225A, G228A, T240C, A252G, C269T, G283T, G301A, T303C, A315G, G317A, G330A, A336G, C382T, A387T, A390G, C403T, G408A, C417T, A420G, C462A, G465A, G470A, G486A, T495C, C501T, T519C, A525C, A549G, T555C, A567G, A603G, C606T, A624G, T630C, A684G, C690T, A714T, G720A, T729A, A741G, A744G, T759A, A760C, G765A, T777C, T852C, T885C, A891G, C921T, A945T, G984A, T993C, A1011G, A1023G, G1041A, A1044G, G1059A, T1065C, A1068G, G1113A, T1131G, A1137G, A1140T, C1141T, A1162C, C1173T, C1185T, A1188C, T1191A, G1206A, T1212C, A1230G, G1248A, C1260T, C1287A, C1314T, A1328C, A1335G, G1343A, T1344C, A1350T	Республика Тыва	Canis lupus	2010	N3
onii004775	A21C, T57C, C66A, C96T, T126C, A132G, T138C, T144C, T150C, G166A, T175G, G182A, C183T, C186T, A192G, T195A, C204T, T219C, G225A, G228A, T240C, A252G, C270T, G283T, G301A, A302G, T303C, A315G, G316A, G317A, G330A, G354A, C382T, A387T, A390G, C403T, G408A, C417T, A420G, C462A, G465A, G470A, G486A, T495C, C501T, T519C, A525C, A549G, A603G, C606T, A624G, T630C, A675G, A684G, C690T, A714T, G720A, A723G, A741G, A744G, T759A, G765A, T777C, A837G, T852C, C861T, A873G, T885C, A891G, C921T, A945T, C973T, G984A, T993C, A1011G, G1041A, G1053A, G1059A, T1065C, A1068G, G1113A, A1137G, C1141T, T1158A, A1162C, C1173T, A1188C, T1203C, G1206A, A1230G, G1248A, C1260T, C1287A, C1314T, C1317T, A1335T, G1343A, T1344C, A1350T	Омская область	Vulpes vulpes	2010	N6
onii004776	A21C, T57C, C66A, C96T, T126C, A132G, T138C, T144C, T150C, G166A, T175G, G182A, C183T, C186T, A192G, T195A, C204T, T219C, G225A, G228A, T240C, A252G, G354A, C382T, A387T, A390G, C403T, G408A, C417T, A420G, C462A, G465A, G470A, G486A, T495C, C501T, T519C, A525C, A549G, A603G, C606T, A624G, T630C, A675G, A684G, C690T, A714T, G720A, A723G, A741G, A744G, T759A, G765A, T777C, A837G, T852C, C861T, A873G, T885C, A891G, C921T, A945T, C973T, G984A, T993C, A1011G, G1041A, G1053A, G1059A, T1065C, A1068G, G1113A, A1137G, C1141T, T1158A, A1162C, C1173T, A1188C, T1203C, G1206A, A1230G, G1248A, C1260T, C1287A, C1314T, C1317T, A1335G, G1343A, T1344C, A1350T	Омская область	Vulpes vulpes	2010	N6
onii004777	A21C, T57C, C66A, C96T, T126C, A132G, T138C, C141T, T144C, T150C, G166A, T175G, G182A, C183T, C186T, A192G, T195A, C204T, A210G, T219C, G225A, G228A, T240C, A252G, G354A, C382T, A387T, A390G, C403T, G408A, C417T, A420G, C462A, G465A, G470A, G486A, T495C, C501T, T519C, A525C, A549G, A603G, C606T, A624G, A625G, T630C, A675G, A684G, C690T, A714T, G720A, A723G, A741G, A744G, T759A, G765A, T777C, A825G, A837G, T852C, C861T, A873G, T885C, A891G, C921T, A945T, C973T, G984A, T993C, A1011G, G1041A, G1053A, G1059A, T1065C, A1068G, G1113A, A1137G, C1141T, T1158A, A1162C, C1173T, A1188C, T1203C, G1206A, A1230G, G1248A, C1260T, C1287A, C1314T, C1317T, A1335G, G1343A, T1344C, A1350T	Омская область	Vulpes vulpes	2011	N6
onii004778	A21C, T57C, C66A, C96T, T126C, A132G, T138C, T144C, T150C, G166A, T175G, G182A, C183T, C186T, A192G, T195A, C204T, A210G, T219C, G225A, G228A, T240C, A252G, G354A, C382T, A387T, A390G, C403T, G408A, C417T, A420G, T458G, C462A, G465A, A675G, A684G, C690T, A714T, G720A, A723G, A741G, A744G, T759A, G765A, T777C, A825G, A837G, T852C, C861T, A873G, T885C, A891G, C921T, A945T, C973T, G984A, T993C, A1011G, G1041A, G1053A, G1059A, T1065C, A1068G, G1113A, A1137G, C1141T, T1158A, A1162C, C1173T, A1188C, T1203C, G1206A, A1230G, G1248A, C1260T, C1287A, C1314T, C1317T, A1335G, G1343A, T1344C, A1350T	Омская область	Vulpes vulpes	2011	N6.1
onii004779	A21C, C66A, C96T, T126C, A132G, G135A, T138C, T144C, T150C, G166A, T175G, G182A, C183T, C186T, T195A, C204T, T219C, G225A, G228A, T240C, A252G, G283T, G301A, T303C, A315G, G317A, G330A, A331G, A336G, A348G, G354A, C382T, A387T, C403T, G408A, C417T, A420G, C462A, G465A, G470A, G486A, T495C, C501T, T519C, A525C, A549G, A567G, A603G, C606T, A624G, T630C, A660G, A684G, C690T, A714T, G720A, A723G, A741G, A744G, T759A, G765A, T777C, A813G, T852C, T885C, A891G, C921T, A945T, G984A, T993C, A1011G, G1041A, G1059A, T1065C, A1068G, G1113A, A1137G, A1140T, A1162C, C1173T, C1185T, A1188C, G1206A, T1212C, A1230G, G1248A, A1254G, G1257A, C1260T, A1311G, C1314T, C1329T, A1335G, G1343A, T1344C, A1350T	Красноярский край	Vulpes vulpes	2011	N2
onii004780	A21C, C66A, C96T, T126C, A132G, G135A, T138C, T144C, T150C, G166A, T175G, G182A, C183T, C186T, T195A, C204T, T219C, G225A, G228A, T240C, A252G, G283T, G301A, T303C, A315G, G317A, G330A, A336G, A348G, G354A, C382T, A387T, C403T, G408A, C417T, A420G, C462A, G465A, G470A, G486A, T495C, C501T, T519C, A525C, A549G, A567G, A603G, C606T, A624G, T630C, A660G, A684G, C690T, A714T, G720A, A723G, A741G, A744G, T759A, G765A, T777C, A813G, T852C, T885C, A891G, C921T, A945T, G984A, T993C, A1011G, G1041A, G1059A, T1065C, A1068G, G1113A, A1137G, A1140T, A1162C, C1173T, C1185T, A1188C, G1206A, T1212C, A1230G, G1248A, A1254G, G1257A, C1260T, C1287A, A1311G, C1314T, A1335G, G1343A, T1344C, A1350T	Красноярский край	Vulpes vulpes	2011	N2
onii004781	A21C, C66A, C96T, T126C, A132G, G135A, T138C, T144C, T150C, G166A, T175G, G182A, C183T, C186T, T195A, C204T, T219C, G225A, G228A, T240C, A252G, G283T, G301A, T303C, A315G, G317A, G330A, A336G, A348G, G354A, C382T, A387T, C403T, G408A, C417T, A420G, C462A, G465A, G470A, G486A, T495C, C501T, T519C, A525C, A549G, A567G, A603G, C606T, A624G, T630C, A660G, A684G, C690T, A714T, G720A, A723G, A741G, A744G, T759A, G765A, T777C, A813G, T852C, T885C, A891G, C921T, A945T, G984A, T993C, A1011G, G1041A, G1059A, T1065C, A1068G, G1113A, A1137G, A1140T, A1162C, C1173T, C1185T, A1188C, G1206A, T1212C, A1230G, G1248A, A1254G, G1257A, C1260T, C1287A, A1311G, C1314T, A1335G, G1343A, T1344C, A1352T	Красноярский край	Vulpes vulpes	2011	N2
onii004782	A21C, C66A, C96T, T126C, A132G, G135A, T138C, T144C, T150C, G166A, T175G, G182A, C183T, C186T, T195A, C204T, T219C, G225A, G228A, T240C, A252G, G283T, G301A, T303C, A315G, G317A, G330A, A336G, A348G, G354A, C382T, A387T, C403T, G408A, C417T, A420G, C462A, G465A, G470A, G486A, T495C, C501T, T519C, A525C, A549G, A567G, A603G, C606T, A624G, T630C, A660G, A684G, C690T, A714T, G720A, A723G, A741G, A744G, T759A, G765A, T777C, A813G, T852C, T885C, A891G, C921T, A945T, G984A, T993C, A1011G, G1041A, G1059A, T1065C, A1068G, G1113A, A1137G, A1140T, A1162C, C1173T, C1185T, A1188C, G1206A, T1212C, A1230G, G1248A, A1254G, G1257A, C1260T, A1311G, C1314T, A1335G, G1343A, T1344C, A1352T	Красноярский край	Vulpes vulpes	2011	N2
onii004788	A21C, C66A, C96T, T126C, A132G, G135A, T138C, T144C, T150C, G166A, T175G, G182A, C183T, C186T, T195A, C204T, T219C, G225A, G228A, T240C, A252G, G283T, G301A, A302G, T303C, A315G, G317A, G330A, A336G, A348G, G354A, C382T, A387T, C403T, G408A, C417T, A420G, C462A, G465A, G470A, G486A, T495C, C501T, T519C, A525C, A549G, A567G, A603G, C606T, A624G, T630C, C633T, A660G, A684G, C690T, A714T, G720A, A723G, A741G, A744G, T759A, G765A, T777C, A813G, T852C, T885C, A891G, C921T, C927T, A945T, G984A, T993C, A1011G, G1041A, C1047T, G1059A, T1065C, A1068G, G1113A, A1137G, A1140T, A1162C, C1173T, C1185T, A1188T, G1206A, T1212C, A1230G, G1248A, A1254G, G1257A, C1260T, C1287A, A1311G, C1314T, A1335G, G1343A, T1344C, A1352T	Красноярский край	Vulpes vulpes	2011	N2
onii004789	A21C, C66A, C96T, T126C, A132G, G135A, T138C, T144C, T150C, G166A, T175G, G182A, C183T, C186T, T195A, C204T, T219C, G225A, G228A, T240C, A252G, G283T, G301A, T303C, A315G, G317A, G330A, A336G, A348G, G354A, C382T, A387T, C403T, G408A, C417T, A420G, C462A, G465A, G470A, G486A, T495C, C501T, T519C, A525C, A549G, A567G, A603G, C606T, A624G, T630C, A660G, A684G, C690T, A714T, G720A, A723G, A741G, A744G, T759A, G765A, T777C, A813G, T852C, T885C, A891G, C921T, A945T, G984A, T993C, A1011G, G1041A, G1059A, T1065C, A1068G, G1113A, A1137G, A1140T, A1162C, C1173T, C1185T, A1188C, G1206A, T1212C, A1230G, G1248A, A1254G, G1257A, C1260T, A1311G, C1314T, A1335G, G1343A, T1344C, A1350T	Красноярский край	Vulpes vulpes	2011	N2
onii004790	A21C, C66A, C96T, T126C, A132G, G135A, T138C, T144C, T150C, G166A, T175G, G182A, C183T, C186T, T195A, C204T, T219C, G225A, G228A, T240C, A252G, G283T, G301A, T303C, A315G, G317A, G330A, A336G, A348G, G354A, C382T, A387T, C403T, G408A, C417T, A420G, C462A, G465A, G470A, G486A, T495C, C501T, T519C, A525C, A549G, A567G, A603G, C606T, A624G, T630C, A660G, A684G, C690T, A714T, G720A, A723G, A741G, A744G, T759A, G765A, T777C, A813G, T852C, T885C, A891G, C921T, A945T, G984A, T993C, A1011G, G1041A, G1059A, T1065C, A1068G, G1113A, A1137G, A1140T, A1162C, C1173T, C1185T, A1188C, G1206A, T1212C, A1230G, G1248A, A1254G, G1257A, C1260T, A1311G, C1314T, A1335G, G1343A, T1344C, A1350T	Красноярский край	Vulpes vulpes	2011	N2
onii004791	A21C, C66A, C96T, T126C, A132G, G135A, T138C, T144C, T150C, G166A, T175G, G182A, C183T, C186T, T195A, C204T, T219C, G225A, G228A, T240C, A252G, G283T, G301A, T303C, A315G, G317A, G330A, A336G, A348G, G354A, T357C, C382T, A387T, C403T, G408A, C417T, A420G, C462A, G465A, G470A, G486A, T495C, C501T, T519C, A525C, A549G, A567G, A603G, C606T, A624G, T630C, A660G, A684G, C690T, A714T, G720A, A741G, A744G, T759A, G765A, T777C, G804A, A813G, T852C, T885C, A891G, C921T, A945T, G984A, T993C, A1011G, G1041A, G1059A, T1065C, A1068G, G1113A, A1137G, A1140T, A1162C, C1173T, C1185T, A1188C, G1206A, T1212C, A1230G, G1248A, A1254G, G1257A, C1260T, A1311G, C1314T, A1335G, G1343A, T1344C, A1350T	Республика Хакасия	Vulpes vulpes	2011	N2
onii004792	A21C, C66A, C96T, T126C, A132G, G135A, T138C, T144C, T150C, G166A, T175G, G182A, C183T, C186T, T195A, C204T, T219C, G225A, G228A, T240C, A252G, G283T, G301A, T303C, A315G, G317A, G330A, A336G, A348G, G354A, T357C, C382T, A387T, C403T, G408A, C417T, A420G, C462A, G465A, G470A, G486A, T495C, C501T, T519C, A525C, A549G, A567G, A603G, C606T, A624G, T630C, A660G, A684G, C690T, A714T, G720A, A741G, A744G, T759A, G765A, T777C, G804A, A813G, T852C, T885C, A891G, C921T, A945T, G984A, T993C, A1011G, G1041A, G1059A, T1065C, A1068G, G1113A, A1137G, A1140T, A1162C, C1173T, C1185T, A1188C, G1206A, T1212C, A1230G, G1248A, A1254G, G1257A, C1260T, A1311G, C1314T, A1335G, G1343A, T1344C, A1352T	Республика Хакасия	Vulpes vulpes	2011	N2
onii004793	A21C, C66A, C96T, T126C, A132G, G135A, T138C, T144C, T150C, G166A, T175G, G182A, C183T, C186T, T195A, C204T, T219C, G225A, G228A, T240C, A252G, G283T, G301A, T303C, A315G, G317A, G330A, A336G, A348G, G354A, T357C, C382T, A387T, C403T, G408A, C417T, A420G, C462A, G465A, G470A, G486A, C492T, T495C, C501T, T519C, A525C, A549G, A567G, A603G, C606T, A624G, T630C, A660G, A684G, C690T, A714T, G720A, A741G, A744G, T759A, G765A, T777C, G804A, A813G, G838T, T852C, T885C, A891G, C921T, A945T, G984A, T993C, A1011G, G1041A, G1059A, T1065C, A1068G, G1113A, A1137G, A1140T, A1162C, C1173T, C1185T, A1188C, G1206A, T1212C, A1230G, G1248A, A1254G, G1257A, C1260T, C1287A, A1311G, C1314T, A1335G, G1343A, T1344C, A1350T	Республика Хакасия	Canis lupus	2011	N2
onii004794	A21C, C66A, C96T, T126C, A132G, G135A, T138C, T144C, T150C, G166A, T175G, G182A, C183T, C186T, T195A, C204T, T219C, G225A, G228A, T240C, A252G, G283T, G301A, A302G, T303C, A315G, G317A, G330A, A336G, A348G, G354A, C382T, A387T, C403T, G408A, C417T, A420G, C462A, G465A, G470A, G486A, T495C, C501T, T519C, A525C, A549G, A567G, A603G, C606T, A624G, T630C, C633T, A660G, A684G, C690T, A714T, G720A, A723G, A741G, A744G, T759A, G765A, T777C, A813G, T852C, T885C, A891G, C921T, A945T, G984A, T993C, A1011G, G1041A, G1059A, T1065C, A1068G, G1113A, A1137G, A1140T, C1161T, A1162C, C1173T, C1185T, A1188T, G1206A, T1212C, A1230G, G1248A, A1254G, G1257A, C1260T, C1287A, A1311G, C1314T, A1335G, G1343A, T1344C, A1350T	Республика Хакасия	Bos taurus	2011	N2
onii004795	A21C, C66A, C96T, T126C, A132G, G135A, T138C, T144C, T150C, G166A, T175G, G182A, C183T, C186T, T195A, C204T, T219C, G225A, G228A, T240C, A252G, G283T, G301A, A302G, T303C, A315G, G317A, G330A, A336G, A348G, G354A, C382T, A387T, C403T, G408A, C417T, A420G, C462A, G465A, G470A, G486A, T495C, C501T, T519C, A525C, A549G, A567G, A603G, C606T, A624G, T630C, C633T, A660G, A684G, C690T, A714T, G720A, A723G, A741G, A744G, T759A, G765A, T777C, A813G, T852C, T885C, A891G, C921T, A945T, G984A, T993C, A1011G, G1041A, G1059A, T1065C, A1068G, A1095C, G1113A, A1137G, A1140T, C1161T, A1162C, C1173T, C1185T, A1188T, G1206A, T1212C, A1230G, G1248A, A1254G, G1257A, C1260T, C1287A, A1311G, C1314T, A1335G, G1343A, T1344C, A1350T	Республика Хакасия	Bos taurus	2011	N2
onii004796	A21C, C66A, C96T, T126C, A132G, G135A, T138C, T144C, T150C, G166A, T175G, G182A, C183T, C186T, T195A, C204T, T219C, G225A, G228A, T240C, A252G, G283T, G301A, A302G, T303C, A315G, G317A, G330A, A336G, A348G, G354A, C382T, A387T, C403T, G408A, C417T, A420G, C462A, G465A, G470A, G486A, T495C, C501T, T519C, A525C, A549G, A567G, A603G, C606T, A624G, T630C, C633T, A660G, A684G, C690T, A714T, G720A, A723G, A741G, A744G, T759A, G765A, T777C, A813G, T852C, T885C, A891G, C921T, A945T, G984A, T993C, A1011G, G1041A, G1059A, T1065C, A1068G, G1113A, A1137G, A1140T, C1161T, A1162C, C1173T, C1185T, A1188T, G1206A, T1212C, A1230G, G1248A, A1254G, G1257A, C1260T, C1287A, A1311G, C1314T, A1335G, G1343A, T1344C, A1352T	Республика Хакасия	Bos taurus	2011	N2
onii004797	C30T, C96T, C99T, A102G, T105C, A111G, T118A, A123C, T126C, A132G, G135A, T138C, A147G, T150C, A153G, T175G, A178T, G182A, C183T, C186T, A192G, C204T, T207C, C216T, G222A, G225A, G228C, T240C, T243C, A252G, G258C, A279G, G283C, A291G, A294G, A336G, A344G, C364T, A369G, C375G, A387T, A390G, C402T, T405A, C417T, G441A, G447A, T448C, G450A, C462T, G470A, T477C, C501T, T519C, T531C, G535A, A540G, A549G, C552T, A561G, A576G, T585C, T588C, T615C, T616C, C621A, A624G, T630C, A660G, G678A, C681T, A684G, T687A, T708C, A711G, A714G, G720A, A744G, C747A, C756T, T759A, A762G, G765A, C783T, G789A, T795C, G828A, G831A, T852C, T885C, A891G, C921T, A945T, G984A, T993C, A1011G, C1021T, A1023G, G1026A, C1033T, A1038G, A1044G, C1047T, A1056G, G1059A, A1062G, A1071G, C1107T, G1111A, G1113A, C1120T, G1135A, T1136C, A1137G, C1164T, T1167G, A1188C, T1191G, T1203C, G1206T, A1209G, A1219G, T1221C, A1230G, A1239G, C1243A, G1248A, C1287A, C1314T, C1317T, C1329T, A1335G, G1341T, A1350G	Республика Саха	Rangifer tarandus	2011	N8.6
onii004798	A21C, T49C, C66A, C84T, T126C, A132G, G135A, T138C, T144C, T150C, A156G, G166A, T175G, G182A, C183T, C186T, T195A, C204T, T219C, G225A, G228A, T240C, A252G, G283C, T288C, G301A, T303C, A315G, G317A, G330A, A336G, A348G, G354A, T357C, C382T, A387T, C403T, G408A, C417T, A420G, C462A, G465A, G470A, G486A, T495C, C501T, T519C, A525C, A549G, T852C, G984A, T993C, T1002C, A1011G, C1033T, G1041A, G1059A, T1065C, A1068G, G1113A, G1122A, A1137G, C1141T, A1162C, C1173T, C1182T, A1188C, G1206A, A1230G, G1248A, C1275G, C1287A, C1314T, C1317T, A1335G, G1343A, T1344C, A1350T	Алтайский край	Vulpes vulpes	2011	N4.1
onii004799	A21C, T49C, C66A, C84T, T126C, A132G, G135A, T138C, T144C, T150C, A156G, G166A, T175G, G182A, C183T, C186T, T195A, C204T, T219C, G225A, G228A, T240C, A252G, G283C, G301A, T303C, A315G, G317A, G330A, A336G, A348G, G354A, T357C, C382T, A387T, A390G, C403T, G408A, C417T, A420G, C462A, G465A, G470A, G486A, T495C, C501T, T519C, A525C, A549G, T597C, A603G, C606T, A612G, A624G, T630C, A660G, A684G, C690T, A714T, G720A, A723G, A741G, A744G, T759A, G765A, T777C, T852C, C861T, A873C, T885C, A891G, T918C, C921T, T930C, C939T, A945T, G984A, T993C, T1002C, A1011G, C1033T, G1041A, A1044G, G1059A, T1065C, A1068G, G1113A, G1122A, A1137G, C1141T, A1162C, C1173T, C1182T, A1188C, G1206A, A1230G, C1275G, C1287A, C1314T, C1317T, A1335G, G1343A, T1344C, A1350T	Алтайский край	Vulpes vulpes	2011	N4
onii004800	A21C, G42T, T63C, C66A, C96T, T126C, A132G, G135A, T138C, T144C, T150C, G166A, T175G, G182A, C183T, C186T, A192G, T195A, C204T, T219C, G225A, G228A, T240C, A252G, G283T, G301A, T303C, A305G, A315G, G317A, G330A, A336G, G354A, C382T, A387T, A390G, C403T, G408A, C417T, A420G, C462A, G465A, G470A, G486A, T495C, C501T, T519C, A525C, A549G, T555C, A567G, A603G, C606T, A624G, T630C, A684G, C690T, A714T, G720A, T729A, A741G, A744G, C747T, T759A, G765A, T777C, T852C, T885C, A891G, C921T, A945T, G984A, T993C, A1011G, G1041A, A1044G, G1059A, T1065C, A1068G, G1113A, A1137G, A1140T, C1141T, A1162C, C1173T, C1185T, A1188C, T1191A, A1194G, G1206A, T1212C, A1230G, G1248A, G1257T, C1260T, C1287A, C1314T, A1335G, G1343A, T1344C, A1350T	Республика Тыва	Felis catus	2011	N3
onii004801	A21C, T63C, C66A, C96T, T126C, A132G, G135A, T138C, T144C, T150C, G166A, T175G, G182A, C183T, C186T, A192G, T195A, C204T, T219C, G225A, G228A, T240C, A252G, G283T, G301A, T303C, A315G, G317A, G330A, A336G, G354A, C382T, A387T, A390G, C403T, G408A, C417T, A420G, C462A, G465A, G470A, G486A, T495C, C501T, T519C, A525C, A549G, T555C, A567G, A603G, C606T, A624G, T630C, A684G, C690T, A714T, G720A, T729A, A741G, A744G, T759A, A760C, G765A, T777C, T852C, T885C, A891G, C921T, A945T, G984A, T993C, A1011G, A1023G, G1041A, A1044G, G1059A, T1065C, A1068G, G1113A, T1131G, A1137G, A1140T, C1141T, A1162C, C1173T, C1185T, A1188C, T1191A, G1206A, T1212C, A1230G, G1248A, C1260T, C1287A, C1314T, A1335G, G1343A, T1344C, A1350T	Республика Тыва	Canis lupus	2012	N3
onii004802	A21C, T63C, C66A, C96T, T126C, A132G, G135A, T138C, T144C, T150C, G166A, T175G, G182A, C183T, C186T, A192G, T195A, C204T, T219C, G225A, G228A, T240C, A252G, G283T, G301A, T303C, A315G, G317A, G330A, A336G, G354A, C382T, A387T, A390G, C403T, G408A, C417T, T418C, A420G, C462A, G465A, G470A, G486A, T495C, C501T, T519C, A525C, A549G, T555C, A567G, A603G, C606T, A624G, T630C, A684G, C690T, A714T, G720A, T729A, A741G, A744G, T759A, A760C, G765A, T777C, T852C, T885C, A891G, C921T, A945T, G984A, T993C, A1011G, A1023G, G1041A, A1044G, G1059A, T1065C, A1068G, G1113A, T1131G, A1137G, A1140T, C1141T, A1162C, C1173T, C1185T, A1188C, T1191A, G1206A, T1212C, A1230G, G1248A, C1260T, C1287A, C1314T, A1328C, A1335G, G1343A, T1344C, A1350T	Республика Тыва	Camelus bactrianus	2012	N3
onii004803	A21C, C66A, C96T, T126C, A132G, G135A, T138C, T144C, T150C, T175G, G182A, C183T, C186T, T195A, C204T, T219C, G225A, G228A, T240C, A252G, G283T, G301A, A302C, T303C, A315G, G317A, G330A, A336G, A348G, G354A, A381G, C382T, A387T, A390G, C403T, G408A, C417T, A420G, T444C, C462A, G465A, G470A, G486A, T495C, C501T, T519C, A525C, C528T, T534C, A549G, A603G, C606T, T630C, A684G, C690T, A714T, G720A, A723G, A741G, A744G, T759A, G765A, T777C, T852C, C861T, T885C, A891G, A906G, T915C, C921T, A945T, G984A, T993C, A1011G, G1041A, G1059A, T1065C, G1113A, A1137G, C1141T, A1155G, A1162C, C1173T, A1188C, G1206A, A1230G, G1248A, C1260T, C1287A, C1314T, C1317T, G1332A, A1335G, G1343A, T1344C, A1350T	Липецкая область	Felis catus	2012	N1
onii004804	A21C, C66A, C96T, T126C, A132G, G135A, T138C, T144C, T150C, T175G, G182A, C183T, C186T, T195A, C204T, T219C, G225A, G228A, T240C, A252G, G283T, A297G, G301A, A302C, T303C, A315G, G317A, G330A, A336G, A348G, G354A, C382T, A387T, A390G, C403T, G408A, G414A, C417T, A420G, C432A, C462A, G465A, G470A, G486A, T495C, C501T, T519C, A525C, T534C, A549G, A603G, C606T, T630C, T663C, A684G, C690T, A714T, G720A, A723G, A741G, A744G, T759A, G765A, T777C, T852C, C861T, T885C, A891G, A906G, T915C, C921T, A945C, T993C, A1011G, G1041A, G1059A, T1065C, G1113A, A1137G, C1141T, A1155G, A1162C, C1173T, A1188C, A1200G, G1206A, T1221C, A1230G, G1248A, C1260T, C1287A, A1296G, C1314T, C1317T, G1332A, A1335G, G1343A, T1344C, A1350T	Липецкая область	Vulpes vulpes	2012	N1
onii004805	A21C, C66A, C96T, T126C, A132G, G135A, T138C, T144C, T150C, T175G, G182A, C183T, C186T, T195A, C204T, T219C, G225A, G228A, T240C, A252G, G283T, G301A, A302C, T303C, A315G, G317A, G330A, A336G, A348G, G354A, C382T, A387T, A390G, C403T, G408A, C417T, A420G, C462A, G465A, G470A, G486A, T495C, C501T, T519C, A525C, C528T, T534C, A549G, A603G, C606T, T630C, A684G, C690T, A714T, G720A, A723G, A741G, A744G, T759A, G765A, T777C, T852C, C861T, T885C, A891G, A906G, T915C, C921T, A945T, G984A, T993C, A1011G, G1041A, G1059A, T1065C, G1113A, A1137G, C1141T, A1155G, A1162C, C1173T, A1188C, G1206A, A1230G, G1248A, C1260T, C1287A, C1314T, C1317T, G1332A, A1335G, G1343A, T1344C, A1350T	Липецкая область	Vulpes vulpes	2012	N1
onii004806	A21C, C66A, C96T, T126C, A132G, G135A, T138C, T144C, T150C, T175G, G182A, C183T, C186T, T195A, C204T, T219C, G225A, G228A, T240C, A252G, G283T, A297G, G301A, A302C, T303C, A315G, G317A, G330A, A336G, A348G, G354A, C382T, A387T, A390G, C403T, G408A, G414A, C417T, A420G, C462A, G465A, G470A, G486A, T495C, C501T, T519C, A525C, T534C, A549G, A603G, C606T, T630C, T663C, A684G, C690T, A714T, G720A, A723G, A741G, A744G, T759A, G765A, T777C, T852C, C861T, T885C, A891G, A906G, T915C, C921T, A945C, T993C, A1011G, G1041A, G1059A, T1065C, G1113A, A1137G, C1141T, A1155G, A1162C, C1173T, A1188C, A1200G, G1206A, A1230G, G1248A, C1260T, C1287A, A1296G, C1314T, C1317T, G1332A, A1335G, G1343A, T1344C, A1350T	Липецкая область	Felis catus	2012	N1
onii004807	A21C, C66A, C96T, T126C, A132G, G135A, T138C, T144C, T150C, T175G, G182A, C183T, C186T, T195A, C204T, T219C, G225A, G228A, T240C, A252G, G283T, G301A, A302C, T303C, A315G, G317A, G330A, A336G, A348G, G354A, C382T, A387T, A390G, C393T, C403T, G408A, C417T, A420G, G470A, G486A, T495C, C501T, T519C, A525C, T534C, A549G, A603G, C606T, T630C, A669G, A684G, C690T, A714T, G720A, A723G, A741G, A744G, T759A, G765A, T777C, T852C, C861T, T885C, A891G, A906G, T915C, C921T, A945T, G984A, T993C, A1011G, G1041A, G1059A, T1065C, G1113A, A1137G, C1141T, A1155G, A1162C, C1173T, A1188C, G1206A, A1230G, G1248A, C1260T, C1287A, C1314T, C1317T, G1332A, A1335G, G1343A, T1344C, A1350T	Липецкая область	Bos taurus	2012	N1
onii004808	A21C, C66A, C96T, A111G, T126C, A132G, G135A, T138C, T144C, T150C, T175G, G182A, C183T, C186T, T195G, C204T, T219C, G225A, G228A, A231G, T240C, A252G, G283T, G301A, A302C, T303C, A315G, G317A, G330A, A336G, A348G, G354A, C382T, A387T, A390G, G408A, C417T, A420G, C462A, G465A, G470A, G486A, T495C, C501T, T519C, A525C, A549G, A603G, C606T, C627T, T630C, A684G, C690T, A714T, G720A, A723G, A741G, A744G, A754T, T759A, G765A, A769C, T777C, A825T, T852C, C861T, T885C, A891G, T900C, T915C, C921T, A945T, G984A, T993C, A1011G, G1041A, G1059A, A1062G, T1065C, A1068G, A1137G, A1155G, A1162C, C1173T, A1188C, G1206A, A1230G, G1248A, C1260T, C1287A, C1314T, C1317T, A1335G, G1343A, T1344C, C1347T, A1352T	Липецкая область	Vulpes vulpes	2012	N1
onii004809	A21C, C66A, C96T, T107C, T126C, A132G, G135A, T138C, T150C, T175G, G182A, C183T, C186T, T195A, C204T, T219C, G225A, G228A, T240C, A252G, G283T, G301A, A302C, T303C, A315G, G317A, G330A, A336G, A348G, G354A, A381G, C382T, A387T, A390G, C403T, G408A, C417T, A420G, T444C, C462A, G465A, G470A, G486A, T495C, C501T, T519C, A525C, C528T, T534C, A549G, A603G, C606T, T630C, A684G, C690T, A714T, G720A, A723G, A741G, A744G, T759A, G765A, T777C, T852C, C861T, T885C, A891G, A906G, T915C, C921T, A945T, G984A, T993C, A1011G, G1041A, G1059A, T1065C, G1113A, A1137G, C1141T, A1155G, A1162C, C1173T, A1188C, G1206A	Липецкая область	Bos taurus	2012	N1.6
onii004810	A21C, C66A, C96T, T126C, A132G, G135A, T138C, T144C, T150C, T175G, G182A, C183T, C186T, T195A, C204T, T219C, G225A, G228A, T240C, A252G, G283T, G301A, A302C, T303C, A315G, G317A, G330A, A336G, A348G, G354A, A381G, C382T, A387T, A390G, C403T, G408A, C417T, A420G, T444C, C462A, G465A, G470A, G486A, T495C, C501T, T519C, A525C, C528T, T534C, A549G, A603G, C606T, T630C, A684G, C690T, A714T, G720A, A723G, A741G, A744G, T759A, G765A, T777C, T852C, C861T, T885C, A891G, A906G, T915C, C921T, A945T, G984A, T993C, A1011G, G1041A, G1059A, T1065C, G1113A, A1137G, C1141T, A1155G, A1162C, C1173T, A1188C, G1206A, A1230G, G1248A, C1260T, C1287A, C1314T, C1317T, G1332A, A1335G, G1343A, T1344C, A1350T	Липецкая область	Vulpes vulpes	2012	N1
onii004811	A21C, C66A, C96T, T126C, A132G, G135A, T138C, T144C, T150C, T175G, G182A, C183T, C186T, T195A, C204T, T219C, G225A, G228A, T240C, A252G, G283T, A297G, G301A, A302C, T303C, A315G, G317A, G330A, A336G, A348G, G354A, C382T, A387T, A390G, C403T, G408A, G414A, C417T, A420G, C462A, G465A, G470A, G486A, T495C, C501T, T519C, A525C, T534C, A549G, A603G, C606T, T630C, T663C, A684G, C690T, A714T, G720A, A723G, A741G, A744G, T759A, G765A, T777C, T852C, C861T, T885C, A891G, A906G, T915C, C921T, A945C, T993C, A1011G, G1041A, G1059A, T1065C, G1113A, A1137G, C1141T, A1155G, A1162C, C1173T, A1188C, A1200G, G1206A	Липецкая область	Bos taurus	2012	N1.6
OP311831	A21C, C66A, C96T, T126C, A132G, G135A, T138C, T144C, T150C, T175G, G182A, C183T, C186T, T195G, C204T, T219C, G225A, G228A, A231G, T240C, A252G, G283T, G301A, A302C, T303C, A315G, G317A, G327T, G330A, A336G, A348G, G354A, C382T, A387T, A390G, C403T, G408A, C417T, A420G, C462A, G465A, G470A, T483C, G486A, T495C, C501T, T519C, A525C, A549G, C573T, A603G, C606T, T630C, A684G, C690T, A714T, G720A, A723G, T729G, A741G, A744G, T759A, G765A, T777C, T852C, C861T, T885C, A891G, T900C, A906G, T915C, C921T, A945T, G984A, T993C, A1011G, G1041A, G1059A, T1065C, A1068G, G1113A, A1137G, A1155G, A1162C, C1173T, A1188C, G1206A, A1230G, G1248A, C1260T, C1287G, C1314T, C1317T, A1335G, G1343A, T1344C, C1347T, A1350T	Владимирская область	Vulpes vulpes	2018	N1
OP311832	A21C, C66A, C96T, T126C, A132G, G135A, T138C, T144C, T150C, T175G, G182A, C183T, C186T, T195G, C204T, T219C, G225A, G228A, A231G, T240C, A252G, G283T, G301A, A302C, T303C, A315G, G317A, G327T, G330A, A336G, A348G, G354A, C382T, A387T, A390G, C403T, G408A, C417T, A420G, C462A, G465A, G470A, T483C, G486A, T495C, C501T, T519C, A525C, A549G, C573T, A603G, C606T, T630C, A684G, C690T, A714T, G720A, A723G, T729G, A741G, A744G, T759A, G765A, T777C, T852C, C861T, T885C, A891G, T900C, A906G, T915C, C921T, A945T, G984A, T993C, A1011G, G1041A, G1059A, T1065C, A1068G, G1113A, A1137G, A1155G, A1162C, C1173T, A1188C, G1206A, A1230G, G1248A, G1257A, C1260T, C1287G, C1314T, C1317T, A1335G, G1343A, T1344C, C1347T, A1350T	Владимирская область	Canis lupus familiaris	2018	N1
OP311833	A21C, C66A, C96T, T126C, A132G, G135A, T138C, T150C, T175G, G182A, C183T, C186T, T195A, C204T, T219C, G225A, G228A, T240C, A252G, G258A, G283T, T288A, G301A, A302C, T303C, A315G, G317A, G330A, A336G, A348G, G354A, C382T, A387T, A390G, C403T, G408A, C417T, A420G, C462A, G465A, G470A, G486A, T495C, C501T, T519C, A525T, T534C, A549G, A603G, C606T, T630C, A684G, C690T, A714T, G720A, A723G, A741G, A744G, T759A, G765A, T777C, T852C, C861T, T885C, A891G, A906G, T915C, C921T, T936C, A945T, G984A, T993C, A1011G, G1041A, G1059A, T1065C, G1113A, A1137G, C1141T, A1155G, A1162C, C1173T, A1188C, G1206A, A1230G, G1248A, C1260T, C1287A, C1314T, C1317T, G1332A, A1335G, G1343A, T1344C, A1350T	Липецкая область	Vulpes vulpes	2018	N1
OP311834	A21C, C66A, C96T, T126C, A132G, G135A, T138C, T144C, T150C, T175G, G182A, C183T, C186T, T195G, C204T, T219C, G225A, G228A, T240C, A252G, G283T, G301A, A302C, T303C, A315G, G317A, G330A, A336G, A348G, G354A, C382T, A387T, A390G, C403T, G408A, C417T, A420G, C462A, G465A, G470A, G486A, T495C, C501T, T519C, A525C, A549G, A603G, C606T, T630C, A684G, C690T, A714T, G720A, A723G, T726C, A741G, A744G, T759A, G765A, T777C, T852C, C861T, T885C, A891G, T900C, A906G, T915C, C921T, A945T, G984A, T993C, A1011G, G1041A, G1059A, T1065C, A1068G, G1113A, A1137G, A1155G, A1162C, C1173T, A1188C, G1206A, A1230G, G1248A, C1260T, C1287G, A1305C, C1314T, C1317T, A1335G, G1343A, T1344C, C1347T, A1350T	Липецкая область	Vulpes vulpes	2018	N1
OP311835	A21C, C66A, C96T, T126C, A132G, G135A, T138C, T144C, T150C, T175G, G182A, C183T, C186T, T195G, C204T, T219C, G225A, G228A, A231G, T240C, A252G, G283T, G301A, A302C, T303C, A315G, G317A, G327T, G330A, A336G, A348G, G354A, C382T, A387T, A390G, C403T, G408A, C417T, A420G, C462A, G465A, G470A, T483C, G486A, T495C, C501T, T519C, A525C, A549G, C573T, A603G, C606T, T630C, A684G, C690T, A714T, G720A, A723G, T729G, A741G, A744G, T759A, G765A, T777C, C849T, T852C, C861T, T885C, A891G, T900C, A906G, T915C, C921T, A945T, G984A, T993C, A1011G, G1041A, G1059A, T1065C, A1068G, G1113A, A1137G, A1155G, A1162C, C1173T, A1188C, G1206A, A1230G, G1248A, C1260T, C1287G, C1314T, C1317T, A1335G, G1343A, T1344C, C1347T, A1350T	Владимирская область	Alces alces	2018	N1
OP311836	T63C, C96T, T105C, T126C, A129G, A132G, G135A, T138C, T144C, T150C, T175G, G182A, C183T, C186A, C204T, T219C, G225A, G228A, T240C, A252G, A261G, G283T, T284G, C292A, T303C, A315G, G324T, G330A, A336G, G354A, A381G, A390G, C402A, C403T, G408A, C417T, T444C, C462A, G465A, G470A, G486A, T495C, C501T, T519C, A525C, C528T, A540G, A603G, T615C, A624G, T630C, A649G, A684G, T687C, T693C, A714T, G720A, A723G, C735T, A741G, A744G, C756A, T759A, G765A, T777C, C786T, T819C, T852C, C861T, C864T, C879T, A891G, A906G, C921T, C927T, A945T, G984A, T993C, T1005C, A1011G, C1021T, G1059A, T1065C, A1068G, A1092G, C1107T, T1136C, C1141T, C1173T, G1176A, A1188C, T1191G, G1206A, A1209G, T1218C, A1230G, T1236C, G1248A, C1260T, C1287A, C1314T, C1317A, G1320A, G1343A	Ярославская область	Vulpes vulpes	2018	N5
OP311837	T63C, C96T, T105C, T126C, A129G, A132G, G135A, T138C, T144C, T150C, T175G, G182A, C183T, C186A, C204T, T219C, G225A, G228A, T240C, A252G, A261G, G283T, T284G, C292A, T303C, A315G, G324T, G330A, A336G, G354A, A356G, A381G, A390G, C402A, C403T, G408A, C417T, T444C, C462A, G465A, G470A, G486A, T495C, C501T, T519C, A525C, C528T, A540G, A603G, T615C, A624G, T630C, A649G, A684G, T687C, A714T, G720A, A723G, C735T, A741G, A744G, C756A, T759A, G765A, T777C, C786T, T819C, G828A, T852C, C861T, C864T, C879T, A891G, A906G, C921T, C927T, A945T, G984A, T993C, T999C, T1005C, A1011G, C1021T, G1059A, T1065C, A1068G, A1092G, C1107T, T1136C, C1141T, C1173T, G1176A, A1188C, T1191G, G1206A, A1209G, T1218C, A1230G, T1236C, C1260T, C1287A, A1296G, C1314T, C1317A, G1320A, G1332A, G1343A, T1344C	Тверская область	Nyctereutes procyonoides	2018	N5
OP311838	A21C, C66A, C96T, T126C, A132G, G135A, T138C, T144C, T150C, T175G, G182A, C183T, C186T, T195G, C204T, T219C, G225A, G228A, A231G, T240C, A252G, A261G, G283T, G301A, A302C, T303C, A315G, G317A, G327T, G330A, A336G, A348G, G354A, C382T, A387T, A390G, C403T, G408A, C417T, A420G, C462A, G465A, G470A, T483C, G486A, T495C, C501T, T519C, A525C, A549G, C573T, A603G, C606T, T630C, A684G, C690T, A714T, G720A, A723G, T729G, A741G, A744G, T759A, G765A, T777C, G798A, T852C, C861T, T885C, A891G, T900C, A906G, T915C, C921T, A945T, G984A, T993C, A1011G, G1041A, G1059A, A1068G, G1113A, A1137G, A1155G, A1162C, C1173T, A1188C, G1206A, A1230G, G1248A, C1260T, C1287G, C1314T, C1317T, A1335G, G1343A, T1344C, C1347T, A1350T	Владимирская область	Vulpes vulpes	2018	N1
OP311839	A21C, C66A, C96T, T126C, A132G, G135A, T138C, T144C, T150C, T175G, G182A, C183T, C186T, T195G, C204T, T219C, G225A, G228A, T240C, A252G, G283T, G301A, A302C, T303C, A315G, G317A, G330A, A336G, A348G, G354A, C382T, A387T, A390G, C403T, G408A, C417T, A420G, C462A, G465A, G470A, G486A, T495C, C501T, T519C, A525C, A549G, A603G, C606T, G618T, T630C, A684G, C690T, A714T, G720A, A723G, T726C, A741G, A744G, T759A, G765A, C772T, T777C, T852C, C861T, T885C, A891G, T900C, A906T, T915C, C921T, A945T, G984A, T993C, A1011G, G1041A, G1059A, T1065C, A1068G, G1113A, T1116C, A1137G, A1155G, C1161T, A1162C, C1173T, A1188C, G1206A, A1209G, A1230G, G1248A, C1260T, C1287G, A1305C, C1314T, C1317T, A1335G, G1343A, T1344C, C1347T, A1350T	Владимирская область	Vulpes vulpes	2018	N1
OP311840	A21C, C66A, C96T, G108A, T126C, A132G, G135A, T138C, T144C, T150C, T175G, G182A, C183T, C186T, T195G, C204T, T219C, G225A, G228A, A231G, T240C, G249A, A252G, G283T, G301A, A302C, T303C, A315G, G317A, G330A, A336G, A348G, G354A, C382T, A387T, A390G, C403T, G408A, C417T, A420G, C462A, G465A, G470A, G486A, T495C, C501T, T519C, A525C, A540G, A549G, T594C, A603G, C606T, T630C, A684G, C690T, A714T, G720A, A723G, A741G, A744G, T759A, G765A, T777C, A825T, T852C, C861T, T885C, A891G, T900C, T915C, C921T, A945T, G984A, T993C, A1011G, T1032C, G1041A, G1059A, T1065C, A1068G, G1113A, A1137G, A1155G, A1162C, C1173T, A1188C, G1206A, A1230G, G1248A, C1260T, C1287A, C1314T, C1317T, A1335G, G1343A, T1344C, C1347T, A1350T	Волгоградская область	Canis lupus familiaris	2018	N1
OP311841	A21C, C66A, C96T, T126C, A132G, G135A, T138C, T144C, T150C, T175G, G182A, C183T, C186T, T195A, C204T, T219C, G225A, G228A, T240C, A252G, G283T, G301A, A302C, T303C, A315G, G317A, G330A, A336G, A348G, G354A, T363C, C382T, A387T, A390G, C403T, G408A, C417T, A420G, C462A, G465A, G470A, G486A, T495C, C501T, T519C, A525C, T534C, A549G, A603G, C606T, T630C, A675G, A684G, T687C, C690T, A714T, G720A, A723G, A741G, A744G, T759A, G765A, T777C, T852C, C861T, T885C, A891G, A906G, T915C, C921T, A945T, G984A, T993C, A1011G, G1041A, G1059A, T1065C, G1113A, A1137G, C1141T, A1155G, A1162C, C1173T, A1188C, G1206A, A1230G, G1248A, C1260T, C1287A, C1314T, C1317T, G1332A, A1335G, G1343A, A1350T	Курская область	Vulpes vulpes	2019	N1
OP311842	A21C, C66A, C96T, T126C, A132G, G135A, T138C, T144C, T150C, T175G, G182A, C183T, C186T, T195G, C204T, T219C, G225A, G228A, A231G, T240C, A252G, G283T, G301A, A302C, T303C, A315G, G317A, G327T, G330A, A336G, A348G, G354A, C382T, A387T, A390G, C403T, G408A, C417T, A420G, C462A, G465A, G470A, T483C, G486A, T495C, C501T, T519C, A525C, A549G, C573T, A603G, C606T, T630C, A684G, C690T, A714T, G720A, A723G, T729G, A741G, A744G, T759A, G765A, T777C, T852C, C861T, T885C, A891G, T900C, A906G, T915C, C921T, A945T, G984A, T993C, A1011G, G1041A, G1059A, T1065C, A1068G, G1113A, A1137G, A1155G, A1162C, C1173T, A1188C, G1206A, A1230G, G1248A, C1260T, C1287G, C1314T, C1317T, A1335G, G1343A, T1344C, C1347T, A1350T	Владимирская область	Vulpes vulpes	2019	N1
OP311843	A21C, C66A, C96T, T126C, A132G, G135A, T138C, T144C, T150C, T175G, G182A, C183T, C186T, T195A, C204T, T219C, G225A, G228A, T240C, A252G, G283T, G301A, A302C, T303C, A315G, G317A, A336G, A348G, G354A, A356G, C382T, A387T, A390G, C403T, G408A, C417T, A420G, C462A, G465A, G470A, G486A, T495C, C501T, T519C, A525C, T534C, A549G, A603G, C606T, T630C, A684G, C690T, A714T, G720A, A723G, A741G, A744G, T759A, G765A, T777C, T852C, C861T, T885C, A891G, T915C, C921T, A945T, G984A, T993C, A1011G, G1041A, G1059A, T1065C, G1113A, C1120A, A1137G, C1141T, A1155G, A1162C, C1173T, A1188C, A1194G, G1206A, A1230G, G1248A, C1260T, C1287A, C1314T, C1317T, G1332A, A1335G, G1341A, G1343A, T1344C, A1350T	Смоленская область	Canis lupus familiaris	2019	N1
OP311844	A21C, C66A, C96T, T126C, A132G, G135A, T138C, T144C, T150C, T175G, G182A, C183T, C186T, T195G, C204T, T219C, G225A, G228A, A231G, T240C, A252G, G283T, G301A, A302C, T303C, A315G, G317A, G330A, A336G, A348G, G354A, C382T, A387T, A390G, C403T, G408A, C417T, A420G, C462A, G465A, G470A, G486A, T495C, C501T, T519C, A525C, A549G, A600C, A603G, C606T, T630C, A684G, C690T, A714T, G720A, A723G, A741G, A744G, T759A, G765A, T777C, A801G, A825T, T852C, C861T, T885C, A891G, T900C, T915C, C921T, T930C, A945T, G984A, T993C, A1011G, G1041A, G1059A, T1065C, A1068G, G1113A, A1137G, A1155G, A1162C, C1173T, A1188C, G1206A, A1230G, G1248A, C1260T, C1287A, C1314T, C1317T, A1335G, G1343A, T1344C, C1347T, A1350T	Нижегородская область	Vulpes vulpes	2019	N1
OP311845	A21C, C66A, C96T, T126C, A132G, G135A, T138C, T144C, T150C, T175G, G182A, C183T, C186T, T195G, C204T, T219C, G225A, G228A, A231G, T240C, A252G, G283T, G301A, A302C, T303C, A315G, G317A, G327T, G330A, A336G, A348G, G354A, C382T, A387T, A390G, C403T, G408A, C417T, A420G, C462A, G465A, G470A, T483C, G486A, T495C, C501T, T519C, A525C, A549G, C573T, A603G, C606T, T630C, A684G, C690T, A714T, G720A, A723G, T729G, A741G, A744G, T759A, G765A, T777C, T852C, C861T, T885C, A891G, T900C, A906G, T915C, C921T, A945T, G984A, T993C, A1011G, G1041A, G1059A, T1065C, A1068G, G1113A, A1137G, A1155G, A1162C, C1173T, A1188C, G1206A, A1230G, G1248A, C1260T, C1287G, C1314T, C1317T, A1335G, G1343A, T1344C, C1347T, A1350T	Владимирская область	Vulpes vulpes	2019	N1
OP311846	A21C, C66A, C96T, T126C, A132G, G135A, T138C, T144C, T150C, T175G, G182A, C183T, C186T, T195G, C204T, T219C, G225A, G228A, A231G, T240C, A252G, A261G, G283T, G301A, A302C, T303C, A315G, G317A, G327T, G330A, A336G, A348G, G354A, C382T, A387T, A390G, C403T, G408A, C417T, A420G, C462A, G465A, G470A, T483C, G486A, T495C, C501T, T519C, A525C, A549G, C573T, A603G, C606T, T630C, A684G, C690T, A714T, G720A, A723G, T726C, A741G, A744G, T759A, G765A, C772T, T777C, T852C, C861T, T885C, A891G, T900C, A906T, T915C, C921T, A945T, G984A, T993C, A1011G, G1041A, G1059A, T1065C, A1068G, G1113A, T1116C, A1137G, A1155G, C1161T, A1162C, C1173T, A1188C, G1206A, A1209G, A1230G, G1248A, C1260T, C1287G, A1305C, C1314T, C1317T, A1335G, G1343A, T1344C, C1347T, A1350T	Владимирская область	Canis lupus familiaris	2019	N1
OP311847	A21C, C66A, C96T, T126C, A132G, G135A, T138C, T144C, T150C, T175G, G182A, C183T, C186T, T195G, C204T, T219C, G225A, G228A, A231G, T240C, A252G, G283T, G301A, A302C, T303C, A315G, G317A, G327T, G330A, A336G, A348G, G354A, C382T, A387T, A390G, C403T, G408A, C417T, A420G, C462A, G465A, G470A, T483C, G486A, T495C, C501T, T519C, A525C, A549G, C573T, A603G, C606T, T630C, A684G, C690T, A714T, G720A, A723G, T729G, A741G, A744G, T759A, G765A, T777C, T852C, C861T, T885C, A891G, T900C, A906G, T915C, C921T, A945T, G984A, T993C, A1011G, G1041A, G1059A, T1065C, A1068G, G1113A, A1137G, A1155G, A1162C, C1173T, A1188C, G1206A, A1230G, G1248A, C1260T, C1287G, C1314T, C1317T, A1335G, G1343A, T1344C, C1347T, A1350T	Владимирская область	Vulpes vulpes	2019	N1
OP311848	A21C, C45T, C66A, C96T, T126C, A132G, G135A, T138C, T144C, T150C, T175G, G182A, C183T, C186T, T195A, C204T, T219C, G225A, G228A, T240C, A252G, G258A, C270A, G283T, G301A, A302C, T303C, A315G, G317A, G330A, A336G, A348G, G354A, A372G, C382T, A387T, A390G, C403T, G408A, C417T, A420G, C423A, C462A, G465A, G470A, G486A, T495C, C501T, T519C, A525C, T534C, A549G, A603G, C606T, T630C, A684G, C690T, A714T, G720A, A723G, A741G, A744G, T759A, G765A, T777C, C786T, T852C, C861T, T885C, A891G, A906G, T915C, C921T, A945T, G984A, T993C, A1011G, G1041A, G1059A, T1065C, T1105C, G1113A, A1137G, C1141T, A1155G, A1162C, C1170T, C1173T, A1188C, G1206A, A1230G, G1248A, C1260T, C1287A, C1314T, C1317T, G1332A, A1335G, G1343A, T1344C, A1350T	Республика Крым	Vulpes vulpes	2019	N1
OP311849	A21C, C66A, C96T, T126C, A132G, G135A, T138C, T144C, T150C, T175G, G182A, C183T, C186T, T195G, C204T, T219C, G225A, G228A, A231G, T240C, A252G, G283T, G301A, A302C, T303C, A315G, G317A, G327T, G330A, A336G, A348G, G354A, C382T, A387T, A390G, C403T, G408A, C417T, A420G, C462A, G465A, G470A, T483C, G486A, T495C, C501T, T519C, A525C, A549G, C573T, A603G, C606T, T630C, A684G, C690T, A714T, G720A, A723G, T729G, A741G, A744G, T759A, G765A, T777C, T852C, C861T, T885C, A891G, T900C, A906G, T915C, C921T, A945T, G984A, T993C, A1011G, G1041A, G1059A, T1065C, A1068G, G1113A, C1120T, A1137G, A1155G, A1162C, C1173T, A1188C, G1206A, A1230G, G1248A, C1260T, C1287G, C1314T, C1317T, A1335G, G1343A, T1344C, C1347T, A1350T	Владимирская область	Vulpes vulpes	2020	N1
OP311850	A21C, C66A, C96T, T126C, A132G, G135A, T138C, T144C, T150C, T175G, G182A, C183T, C186T, T195G, C204T, T219C, G225A, G228A, A231G, T240C, A252G, G283T, G301A, A302C, T303C, A315G, G317A, G327T, G330A, A336G, A348G, G354A, C382T, A387T, A390G, C403T, G408A, C417T, A420G, C462A, G465A, G470A, T483C, G486A, T495C, C501T, T519C, A525C, A549G, C573T, A603G, C606T, T630C, A684G, C690T, A714T, G720A, A723G, T729G, A741G, A744G, T759A, G765A, T777C, T852C, C861T, T885C, A891G, T900C, A906G, T915C, C921T, A945T, G984A, T993C, A1011G, G1041A, G1059A, T1065C, A1068G, G1113A, A1137G, A1155G, A1162C, C1173T, A1188C, G1206A, A1230G, G1248A, G1257A, C1260T, C1287G, C1314T, C1317T, A1335G, G1343A, T1344C, C1347T, A1350T	Владимирская область	Vulpes vulpes	2020	N1
OP311851	A21C, C66A, C96T, T126C, A132G, G135A, T138C, T144C, T150C, T175G, G182A, C183T, C186T, T195G, C204T, T219C, G225A, G228A, A231G, T240C, A252G, G283T, G301A, A302C, T303C, A315G, G317A, G327T, G330A, A336G, A348G, G354A, C382T, A387T, A390G, C403T, G408A, C417T, A420G, C462A, G465A, G470A, T483C, G486A, T495C, C501T, T519C, A525C, A549G, C573T, A603G, C606T, T630C, A684G, C690T, A714T, G720A, A723G, T729G, A741G, A744G, T759A, G765A, T777C, T852C, C861T, C867T, T885C, A891G, T900C, A906G, T915C, C921T, A945T, G984A, T993C, A1011G, G1041A, G1059A, T1065C, A1068G, G1113A, A1137G, A1155G, A1162C, C1173T, A1188C, G1206A, A1230G, G1248A, C1260T, C1287G, C1314T, C1317T, A1335G, G1343A, T1344C, C1347T, A1350T	Владимирская область	Vulpes vulpes	2020	N1
OP311852	A21C, C66A, C96T, T126C, A132G, G135A, T138C, T144C, T150C, T175G, G182A, C183T, C186T, T195A, C204T, T219C, G225A, G228A, T240C, A252G, G283T, G285A, G301A, A302C, T303C, C309T, A315G, G317A, G330A, A336G, A348G, G354A, C382T, A387T, A390G, C403T, G408A, C417T, A420G, C462A, G465A, G470A, G486A, T495C, A498G, C501T, T519C, A525C, T534C, A549G, A603G, C606T, T630C, A684G, C690T, A714T, G720A, A723G, A741G, A744G, C756T, T759A, G765A, T777C, T852C, C861T, T885C, A891G, A906G, T915C, C921T, T942C, A945T, G984A, T993C, A1011G, G1041A, G1059A, T1065C, G1113A, G1135A, A1137G, C1141T, A1155G, A1162C, C1173T, A1188C, G1206A, A1230G, G1248A, C1260T, C1287A, C1314T, C1317T, G1332A, A1335G, G1343A, T1344C, A1350T	Липецкая область	Vulpes vulpes	2021	N1
OP311853	T63C, C96T, T105C, T126C, A129G, A132G, G135A, T138C, T144C, T150C, T175G, G182A, C183T, C186A, C204T, T219C, G225A, G228A, T240C, C251T, A252G, A261G, G283T, T284G, A291G, C292A, T303C, A315G, G324T, G330A, A336G, G354A, A381G, A390G, C393T, G408A, C417T, T444C, C462A, G465A, G470A, T477C, G486A, T495C, C501T, T519C, A525C, C528T, A540G, C543T, A603G, T615C, A624G, T630C, A649G, A684G, T687C, A714T, G720A, A723G, A741G, A744G, C756A, T759A, G765A, T777C, C786T, T819C, T852C, C861T, C864T, C879T, A891G, A906G, C921T, C927T, A945T, G984A, T993C, G994A, T1005C, A1011G, C1021T, G1059A, T1065C, A1068G, A1092G, C1107T, T1136C, C1141T, C1161T, C1173T, G1176A, A1188T, G1206A, A1209G, T1218C, A1230G, G1248A, C1260T, C1287A, C1314T, C1317A, G1320A, G1343A, T1344C	Тверская область	Nyctereutes procyonoides	2021	N5.7
OP311854	A21C, C66A, C96T, T126C, A132G, G135A, T138C, T144C, T150C, T175G, G182A, C183T, C186T, T195G, C204T, T219C, G225A, G228A, A231G, T240C, A252G, G283T, G301A, A302C, T303C, A315G, G317A, G327T, G330A, A336G, A348G, G354A, C382T, A387T, A390G, C403T, G408A, C417T, A420G, C462A, G465A, G470A, T483C, G486A, T495C, C501T, T519C, A525C, A549G, C573T, A603G, C606T, T630C, A684G, C690T, A714T, G720A, A723G, T729G, A741G, A744G, T759A, G765A, T777C, T852C, C861T, T885C, G888A, A891G, T900C, A906G, T915C, C921T, A945T, G984A, T993C, A1011G, G1041A, G1059A, T1065C, A1068G, G1113A, A1137G, A1155G, A1162C, C1173T, A1188C, G1206A, A1230G, G1248A, C1260T, C1287G, C1314T, C1317T, A1335G, G1343A, T1344C, C1347T, A1350T	Владимирская область	Felis catus	2021	N1
OP311855	A21C, C66A, C96T, T126C, A132G, G135A, T138C, T144C, T150C, T175G, G182A, C183T, C186T, T195G, C204T, T219C, G225A, G228A, A231G, T240C, A252G, G283T, A297G, G301A, A302C, T303C, A315G, G317A, G330A, A336G, A348G, G354A, A369G, C382T, A387T, A390G, C403T, G408A, C417T, A420G, C462A, G465A, G470A, G486A, T495C, C501T, T519C, A525C, A549G, A603G, C606T, T630C, A684G, C690T, A714T, G720A, A723G, T726C, A741G, A744G, T759A, G765A, T777C, T852C, C861T, T885C, A891G, T900C, A906G, T915C, C921T, A945T, G984A, T993C, A1011G, G1059A, T1065C, A1068G, G1113A, A1137G, A1155G, A1162C, C1173T, G1176A, A1188C, G1206A, A1230G, G1248A, C1260T, C1287G, C1314T, C1317T, A1335G, G1343A, T1344C, C1347T, A1350T	Нижегородская область	Vulpes vulpes	2022	N1
OP311856	A21C, C66A, C96T, T126C, A132G, G135A, T138C, T144C, T150C, T175G, G182A, C183T, C186T, T195G, C204T, T219C, G225A, G228A, A231G, T240C, A252G, G283T, G301A, A302C, T303C, A315G, G317A, G327T, G330A, A336G, A348G, G354A, C382T, A387T, A390G, C403T, G408A, C417T, A420G, C462A, G465A, G470A, T483C, G486A, T495C, C501T, T519C, A525C, A549G, C573T, A603G, C606T, T630C, G631T, A684G, C690T, A714T, G720A, A723G, T729G, A741G, A744G, T759A, G765A, T777C, T852C, C861T, T885C, A891G, T900C, A906G, T915C, C921T, A945T, G984A, T993C, A1011G, G1041A, G1059A, T1065C, A1068G, G1113A, A1137G, A1155G, A1162C, C1173T, A1188C, G1206A, A1230G, G1248A, C1260T, C1287G, A1305G, C1314T, C1317T, A1335G, G1343A, T1344C, C1347T, A1350T	Владимирская область	Vulpes vulpes	2022	N1
OP311857	A21C, C66A, C96T, T126C, A132G, G135A, T138C, T144C, T150C, T175G, G182A, C183T, C186T, T195G, C204T, T219C, G225A, G228A, A231G, T240C, A252G, G283T, G301A, A302C, T303C, A315G, G317A, G327T, G330A, A336G, A348G, G354A, C382T, A387T, A390G, T399C, C403T, G408A, C417T, A420G, C462A, G465A, G470A, T483C, G486A, T495C, C501T, T519C, A525C, A549G, C573T, A603G, C606T, T630C, A684G, C690T, A714T, G720A, A723G, T729G, A741G, A744G, T759A, G765A, T777C, G834A, T852C, C861T, T885C, A891G, T900C, A906G, T915C, C921T, A945T, G984A, T993C, A1011G, G1041A, G1059A, T1065C, A1068G, G1113A, A1137G, A1155G, A1162C, C1173T, A1188C, G1206A, A1230G, G1248A, C1260T, C1287G, C1314T, C1317T, A1335G, G1343A, T1344C, C1347T, A1350T	Владимирская область	Vulpes vulpes	2022	N1
OP311858	A21C, C66A, C96T, T126C, A132G, G135A, T138C, T144C, T150C, T175G, G182A, C183T, C186T, T195G, C204T, T219C, G225A, G228A, A231G, T240C, A252G, G283T, G301A, A302C, T303C, A315G, G317A, G327T, G330A, A336G, A348G, G354A, C382T, A387T, A390G, C403T, G408A, C417T, A420G, C462A, G465A, G470A, T483C, G486A, T495C, C501T, T519C, A525C, A549G, C573T, A603G, C606T, T630C, A684G, C690T, A714T, G720A, A723G, T729G, A741G, A744G, T759A, G765A, T777C, T852C, C861T, T885C, A891G, T900C, A906G, T915C, C921T, A945T, G984A, T993C, A1011G, G1041A, G1059A, T1065C, A1068G, G1113A, A1137G, A1155G, A1162C, C1173T, A1188C, G1206A, A1230G, G1248A, G1257A, C1260T, C1287G, C1314T, C1317T, A1335G, G1343A, T1344C, C1347T, A1350T	Владимирская область	Vulpes vulpes	2022	N1
OP311859	A21C, C66A, C96T, T126C, A132G, G135A, T138C, T144C, T150C, T175G, G182A, C183T, C186T, T195A, C204T, T219C, G225A, G228A, T240C, A252G, C264T, G283T, T288C, G301A, A302C, T303C, A315G, G317A, G330A, A336G, A348G, G354A, C382T, A387T, A390G, C403T, G408A, G414A, C417T, A420G, C462A, G465A, G470A, G486A, T495C, C501T, T519C, A525C, T534C, A549G, A603G, C606T, T630C, A684G, C690T, A714T, G720A, A723G, A741G, A744G, T759A, G765A, T777C, T852C, C861T, T885C, A891G, A906G, T915C, C921T, A945T, T993C, A1011G, G1041A, G1059A, T1065C, G1113A, A1137G, C1141T, A1155G, A1162C, C1173T, A1188T, G1206A, A1230G, G1248A, C1260T, C1287A, A1296G, C1314T, C1317T, G1332A, A1335G, G1343A, T1344C, A1350T	Белгородская область	Felis catus	2021	N1
OP311860	A21C, C66A, C96T, T126C, A132G, G135A, T138C, T144C, T150C, T175G, G182A, C183T, C186T, T195A, C204T, T219C, G225A, G228A, T240C, A252G, C264T, G283T, T288C, G301A, A302C, T303C, A315G, G317A, G330A, A336G, A348G, G354A, C382T, A387T, A390G, C403T, G408A, G414A, C417T, A420G, C462A, G465A, G470A, G486A, T495C, C501T, T519C, A525C, T534C, A549G, A603G, C606T, T630C, A684G, C690T, A714T, G720A, A723G, A741G, A744G, T759A, G765A, T777C, T852C, C861T, T885C, A891G, A906G, T915C, C921T, A945T, T993C, A1011G, G1041A, G1059A, T1065C, G1113A, A1137G, C1141T, A1155G, A1162C, C1173T, A1188T, G1206A, A1230G, G1248A, C1260T, C1287A, A1296G, C1314T, C1317T, G1332A, A1335G, G1343A, T1344C, A1350T	Белгородская область	Canis lupus familiaris	2021	N1
OP311861	A21C, C66A, C96T, T126C, A132G, G135A, T138C, T144C, T150C, T175G, G182A, C183T, C186T, T195A, C204T, T219C, G225A, G228A, T240C, A252G, C264T, G283T, T288C, G301A, A302C, T303C, A315G, G317A, G330A, A336G, A348G, G354A, C382T, A387T, A390G, C403T, G408A, G414A, C417T, A420G, C462A, G465A, G470A, G486A, T495C, C501T, T519C, A525C, T534C, A549G, A603G, C606T, T630C, A684G, C690T, A714T, G720A, A723G, A741G, A744G, T759A, G765A, T777C, T852C, C861T, T885C, A891G, A906G, T915C, C921T, A945T, T993C, A1011G, G1041A, G1059A, T1065C, G1113A, A1137G, C1141T, A1155G, A1162C, C1173T, A1188T, G1206A, A1230G, G1248A, C1260T, C1287A, A1296G, C1314T, C1317T, G1332A, A1335G, G1343A, T1344C, A1350T	Белгородская область	Canis lupus familiaris	2021	N1
OP311862	A21C, C66A, C96T, T126C, A132G, G135A, T138C, T144C, T150C, T175G, G182A, C183T, C186T, T195A, C204T, T219C, G225A, G228A, T240C, A252G, G283T, G285A, G301A, A302C, T303C, A315G, G317A, G330A, A336G, A348G, G354A, C382T, A387T, A390G, C403T, G408A, C417T, A420G, C462A, G465A, G470A, G486A, T495C, A498G, C501T, T519C, A525C, T534C, A549G, A603G, C606T, T630C, C681T, A684G, C690T, A714T, G720A, A723G, A741G, A744G, C756T, T759A, G765A, T777C, T852C, C861T, T885C, A891G, A906G, T915C, C921T, T942C, A945T, G984A, T993C, A1011G, G1041A, G1059A, T1065C, G1113A, G1135A, A1137G, C1141T, A1155G, A1162C, C1173T, A1188C, G1206A, A1230G, G1248A, C1260T, C1287A, C1314T, C1317T, G1332A, A1335G, G1343A, T1344C, A1350T	Белгородская область	Canis lupus familiaris	2021	N1
OP311863	A21C, C66A, C96T, T126C, A132G, G135A, T138C, T144C, T150C, T175G, G182A, C183T, C186T, T195A, C204T, T219C, G225A, G228A, T240C, A252G, G283T, G285A, G301A, A302C, T303C, A315G, G317A, G330A, A336G, A348G, G354A, C382T, A387T, A390G, C403T, G408A, C417T, A420G, C462A, G465A, G470A, G486A, T495C, A498G, C501T, T519C, A525C, T534C, A549G, A603G, C606T, T630C, C681T, A684G, C690T, A714T, G720A, A723G, A741G, A744G, C756T, T759A, G765A, T777C, T852C, C861T, T885C, A891G, A906G, T915C, C921T, T942C, A945T, G984A, T993C, A1011G, G1041A, G1059A, T1065C, G1113A, G1135A, A1137G, C1141T, A1155G, A1162C, C1173T, A1188C, G1206A, A1230G, G1248A, C1260T, C1287A, C1314T, C1317T, G1332A, A1335G, G1343A, T1344C, A1350T	Белгородская область	Canis lupus familiaris	2021	N1
OP311864	A21C, C66A, C96T, T126C, A132G, G135A, T138C, T144C, T150C, T175G, G182A, C183T, C186T, T195G, C204T, T219C, G225A, G228A, A231G, T240C, A252G, G283T, G301A, A302C, T303C, A315G, G317A, G327T, G330A, A336G, A348G, G354A, C382T, A387T, A390G, C403T, G408A, C417T, A420G, C462A, G465A, G470A, T483C, G486A, T495C, C501T, T519C, A525C, A549G, C573T, A603G, C606T, T630C, A684G, C690T, A714T, G720A, A723G, T729G, A741G, A744G, T759A, G765A, T777C, T852C, C861T, T885C, A891G, T900C, A906G, T915C, C921T, A945T, G984A, T993C, A1011G, G1041A, G1059A, T1065C, A1068G, G1113A, A1137G, A1155G, A1162C, C1173T, A1188C, G1206A, A1230G, G1248A, C1260T, C1287G, C1314T, C1317T, A1335G, G1343A, T1344C, C1347T, A1350T	Владимирская область	Canis lupus familiaris	2020	N1
OP311865	A21C, C66A, C96T, T126C, A132G, G135A, T138C, T144C, T150C, T175G, G182A, C183T, C186T, T195G, C204T, T219C, G225A, G228A, A231G, T240C, A252G, G283T, G301A, A302C, T303C, A315G, G317A, G327T, G330A, A336G, A348G, G354A, C382T, A387T, A390G, C403T, G408A, C417T, A420G, C462A, G465A, G470A, T483C, G486A, T495C, C501T, T519C, A525C, A549G, C573T, A603G, C606T, T630C, A684G, C690T, A714T, G720A, A723G, T729G, A741G, A744G, T759A, G765A, T777C, T852C, C861T, T885C, G888A, A891G, T900C, A906G, T915C, C921T, A945T, G984A, T993C, A1011G, G1041A, G1059A, T1065C, A1068G, G1113A, A1137G, A1155G, A1162C, C1173T, A1188C, G1206A, A1230G, G1248A, C1260T, C1287G, C1314T, C1317T, A1335G, G1343A, T1344C, C1347T, A1350T	Владимирская область	Vulpes vulpes	2020	N1
OP311866	A21C, C66A, C96T, T126C, A132G, G135A, T138C, T144C, T150C, T175G, G182A, C183T, C186T, T195G, C204T, T219C, G225A, G228A, A231G, T240C, A252G, G283T, G301A, A302C, T303C, A315G, G317A, G327T, G330A, A336G, A348G, G354A, C382T, A387T, A390G, C403T, G408A, C417T, A420G, C462A, G465A, G470A, T483C, G486A, T495C, C501T, T519C, A525C, A549G, C573T, A603G, C606T, T630C, A684G, C690T, A714T, G720A, A723G, T729G, A741G, A744G, T759A, G765A, T777C, T852C, C861T, T885C, A891G, T900C, A906G, T915C, C921T, A945T, G984A, T993C, A1011G, G1041A, G1059A, T1065C, A1068G, G1113A, A1137G, A1155G, A1162C, C1173T, A1188C, G1206A, A1230G, G1248A, C1260T, C1287G, C1314T, C1317T, A1335G, G1343A, T1344C, C1347T, A1350T	Владимирская область	Vulpes vulpes	2020	N1
OP311867	A21C, C66A, C96T, T126C, A132G, G135A, T138C, T144C, T150C, T175G, G182A, C183T, C186T, T195G, C204T, T219C, G225A, G228A, A231G, T240C, A252G, G283T, G301A, A302C, T303C, A315G, G317A, G327T, G330A, A336G, A348G, G354A, C382T, A387T, A390G, C403T, G408A, C417T, A420G, C462A, G465A, G470A, T483C, G486A, T495C, C501T, T519C, A525C, A549G, C573T, A603G, C606T, T630C, A684G, C690T, A714T, G720A, A723G, T729G, A741G, A744G, T759A, G765A, T777C, T852C, C861T, T885C, A891G, T900C, A906G, T915C, C921T, A945T, G984A, T993C, A1011G, G1041A, G1059A, T1065C, A1068G, G1113A, A1137G, A1155G, A1162C, C1173T, A1188C, G1206A, A1230G, G1248A, G1257A, C1260T, C1287G, C1314T, C1317T, A1335G, G1343A, T1344C, C1347T, A1350T	Владимирская область	Vulpes vulpes	2020	N1
OP311868	A21C, C66A, C96T, T126C, A132G, G135A, T138C, T144C, T150C, T175G, G182A, C183T, C186T, T195G, C204T, T219C, G225A, G228A, A231G, T240C, A252G, G283T, G301A, A302C, T303C, A315G, G317A, G327T, G330A, A336G, A348G, G354A, C382T, A387T, A390G, C403T, G408A, C417T, A420G, C462A, G465A, G470A, T483C, G486A, T495C, C501T, T519C, A525C, A549G, C573T, A603G, C606T, T630C, A684G, C690T, A714T, G720A, A723G, T729G, A741G, A744G, T759A, G765A, T777C, T852C, C861T, T885C, A891G, T900C, A906G, T915C, C921T, A945T, G984A, T993C, A1011G, G1041A, G1059A, T1065C, A1068G, G1113A, A1137G, A1155G, A1162C, C1173T, A1188C, G1206A, A1230G, G1248A, G1257A, C1260T, C1287G, C1314T, C1317T, A1335G, G1343A, T1344C, C1347T, A1350T	Владимирская область	Nyctereutes procyonoides	2022	N1
OP311869	A21C, G54A, C66A, C96T, T126C, A132G, G135A, T138C, C141T, T144C, T150C, T175G, G182A, C183T, C186T, T195G, C204T, T219C, G225A, G228A, A231G, T240C, G249A, A252G, G283T, G301A, A302C, T303C, A315G, G317A, G330A, A336G, A348G, G354A, C382T, A387T, A390G, C403T, G408A, C417T, A420G, C462A, G465A, G470A, G486A, T495C, C501T, T519C, A525C, A549G, T594C, A603G, C606T, T630C, A684G, C690T, A714T, G720A, A723G, A741G, A744G, T759A, G765A, T777C, A825T, T852C, C861T, T885C, A891G, T900C, T915C, C921T, A945T, G984A, T993C, A1011G, T1032C, G1041A, G1059A, T1065C, A1068G, G1113A, A1137G, A1155G, A1162C, C1173T, A1188C, G1206A, A1230G, G1248A, C1260T, C1287A, C1314T, C1317T, A1335G, G1343A, T1344C, C1347T, A1350T	Волгоградская область	Bos taurus	2021	N1
OP311870	A21C, C66A, C96T, T126C, A132G, G135A, T138C, T144C, T150C, T175G, G182A, C183T, C186T, T195G, C204T, T219C, G225A, G228A, A231G, T240C, G249A, A252G, G283T, G301A, A302C, T303C, A315G, G317A, G330A, A336G, A348G, G354A, C382T, A387T, A390G, C403T, G408A, C417T, A420G, C462A, G465A, G470A, G486A, T495C, C501T, T519C, A525C, A549G, T594C, A603G, C606T, T630C, A684G, C690T, T696C, A714T, G720A, A723G, A741G, A744G, T759A, G765A, T777C, A825T, T852C, C861T, T885C, A891G, T900C, T915C, C921T, A945T, G984A, T993C, A1011G, T1032C, G1041A, G1059A, T1065C, A1068G, G1113A, A1137G, A1155G, A1162C, C1173T, A1188C, G1206A, A1230G, G1248A, C1260T, C1287A, C1314T, C1317T, A1335G, G1343A, T1344C, C1347T, A1350T	Волгоградская область	Canis lupus familiaris	2021	N1
OP311871	A21C, C66A, C96T, T126C, A132G, G135A, T138C, T144C, T150C, T175G, G182A, C183T, C186T, T195A, C204T, T219C, G225A, G228A, T240C, A252G, G283T, G285A, G301A, A302C, T303C, A315G, G317A, G330A, A336G, A348G, G354A, C382T, A387T, A390G, C403T, G408A, C417T, A420G, C462A, G465A, G470A, G486A, T495C, A498G, C501T, T519C, A525C, T534C, A549G, A603G, C606T, T630C, A660G, A684G, C690T, A714T, G720A, A723G, A741G, A744G, C756T, T759A, G765A, T777C, T852C, C861T, T885C, A891G, A906G, T915C, C921T, A945T, G984A, T993C, A1011G, G1041A, G1059A, T1065C, G1113A, G1135A, A1137G, C1141T, A1155G, A1162C, C1173T, A1188C, G1206A, A1230G, G1248A, C1260T, T1272C, C1287A, C1314T, C1317T, G1332A, A1335G, G1343A, T1344C, A1350T	Волгоградская область	Canis lupus familiaris	2021	N1
OP311872	A21C, C66A, C96T, T126C, A132G, G135A, T138C, T144C, T150C, T175G, G182A, C183T, C186T, T195A, C204T, T219C, G225A, G228A, T240C, A252G, G283T, G301A, A302C, T303C, A315G, G317A, G330A, A336G, A348G, G354A, C382T, A387T, A390G, C403T, G408A, C417T, A420G, G441A, C462A, G465A, G470A, G486A, T495C, C501T, T519C, A525C, T534C, A549G, A561G, A603G, C606T, G618A, T630C, C690T, A714T, G720A, A723G, T729C, A741G, A744G, T759A, G765A, T777C, G798A, T852C, C861T, T885C, A891G, A906G, T915C, C921T, A945T, G984A, T993C, A1011G, G1041A, G1059A, T1065C, G1113A, A1137G, C1141T, A1155G, A1162C, C1173T, A1188T, G1206A, A1230G, G1248A, C1260T, C1287A, C1314T, C1317T, G1332A, A1335G, G1343A, T1344C, A1350T	Волгоградская область	Bos taurus	2021	N1
OP311873	A21C, C66A, C96T, T126C, A132G, G135A, T138C, T144C, T150C, T175G, G182A, C183T, C186T, T195G, C204T, T219C, G225A, G228A, T240C, A252G, G283T, G301A, A302C, T303C, A315G, G317A, G330A, A336G, A348G, G354A, C382T, A387T, A390G, C403T, G408A, C417T, A420G, C462A, G465A, G470A, G486A, T495C, C501T, T519C, A525C, A549G, A603G, C606T, T630C, C672T, A684G, C690T, A714T, G720A, A723G, T726C, A741G, A744G, T759A, G765A, T777C, T852C, C861T, T885C, A891G, T900C, A906G, T915C, C921T, A945T, G984A, T993C, A1011G, G1041A, G1059A, T1065C, A1068G, G1113A, A1137G, A1155G, A1162C, C1173T, A1188C, G1206A, A1230G, G1248A, C1260T, C1287G, A1305C, C1314T, C1317T, A1335G, G1343A, T1344C, C1347T, A1350T	Волгоградская область	Canis lupus familiaris	2021	N1
OP311874	A21C, C66A, C96T, T126C, A132G, G135A, T138C, T144C, T150C, T175G, G182A, C183T, C186T, T195A, C204T, T219C, G225A, G228A, T240C, A252G, G283T, G301A, A302C, T303C, A315G, G317A, G330A, A336G, A348G, G354A, C382T, A387T, A390G, C403T, G408A, C417T, A420G, C462A, G465A, G470A, G486A, T495C, C501T, T519C, A525C, T534C, T537C, A549G, A603G, C606T, T630C, A684G, C690T, A714T, G720A, A723G, A741G, A744G, C756T, T759A, G765A, T777C, T852C, C861T, T885C, A891G, A906G, T915C, C921T, A945T, G984A, T993C, T1005C, A1011G, G1041A, G1059A, T1065C, G1113A, A1137G, C1141T, A1155G, A1162C, C1173T, A1188C, G1206A, A1230G, G1248A, C1260T, A1278G, C1287A, C1314T, C1317T, G1332A, A1335G, G1343A, T1344C, A1350T	Волгоградская область	Canis lupus familiaris	2021	N1
OP311875	A21C, T33C, C66A, T126C, A132G, G135A, T138C, T144C, T150C, T175G, G182A, C183T, C186T, T195A, C204T, T219C, G225A, G228A, A252G, G283T, G301A, A302G, T303C, A315G, G317A, G330A, A336G, A348G, G354A, C382T, A387T, A390G, C403T, G408A, C417T, A420G, T444C, C462A, G465A, G470A, G486A, T495C, C501T, T519C, A525C, C543T, A549G, A603G, C606T, C621T, A624G, T630C, A684G, C690T, A714T, A741G, A744G, T759A, G765A, T777C, A837T, T852C, C861T, C879T, T885C, A891G, A906G, A945T, G984A, T993C, A1011G, C1029T, G1041A, G1059A, T1065C, A1068G, A1071G, G1113A, A1137G, C1141T, A1162C, C1173T, A1188C, G1206A, C1222A, A1230G, G1248A, C1260T, C1287A, C1314T, C1317T, A1335T, G1343A, T1344C, A1350T	Волгоградская область	Martes domestica	2021	N9
OP311876	A21C, C66A, C96T, T126C, A132G, G135A, T138C, T144C, T150C, T175G, G182A, C183T, C186T, T195A, C204T, T219C, G225A, G228A, T240C, A252G, G283T, G301A, A302C, T303C, A315G, G317A, G330A, A336G, A348G, G354A, C382T, A387T, A390G, C403T, G408A, C417T, A420G, C462A, G465A, G470A, G486A, T495C, C501T, T519C, A525C, T534C, T537C, A549G, A603G, C606T, T630C, A684G, C690T, A714T, G720A, A723G, A741G, A744G, C756T, T759A, G765A, T777C, T852C, C861T, C867T, T885C, A891G, A906G, T915C, C921T, A945T, T960C, G984A, T993C, A1011G, G1041A, G1059A, T1065C, G1113A, A1137G, C1141T, A1155G, A1162C, C1173T, A1188C, G1206A, A1230G, G1248A, C1260T, C1287A, C1314T, C1317T, G1332A, A1335G, G1343A, T1344C, A1350T	Волгоградская область	Bos taurus	2021	N1
OP311877	A21C, C66A, C96T, T126C, A132G, G135A, T138C, T144C, T150C, T175G, G182A, C183T, C186T, T195A, C204T, T219C, G225A, G228A, T240C, A252G, G283T, G301A, A302C, T303C, A315G, G317A, G330A, A336G, A348G, G354A, C382T, A387T, A390G, C403T, G408A, C417T, A420G, G441A, C462A, G465A, G470A, G486A, T495C, C501T, T519C, A525C, T534C, A549G, A561G, A603G, C606T, G618A, T630C, C690T, A714T, G720A, A723G, T729C, A741G, A744G, T759A, G765A, T777C, G798A, T852C, C861T, T885C, A891G, A906G, T915C, C921T, A945T, G984A, T993C, A1011G, G1041A, G1059A, T1065C, G1113A, A1137G, C1141T, A1155G, A1162C, C1173T, A1188T, G1206A, A1230G, G1248A, C1260T, C1287A, C1314T, C1317T, G1332A, A1335G, G1343A, T1344C, A1350T	Волгоградская область	Felis catus	2021	N1
OP311878	A21C, C66A, C96T, T126C, A132G, G135A, T138C, T144C, T150C, T175G, G182A, C183T, C186T, T195G, C204T, T219C, G225A, G228A, T240C, A252G, G283T, G301A, A302C, T303C, A315G, G317A, G330A, A336G, A348G, G354A, C382T, A387T, A390G, C403T, G408A, C417T, A420G, C462A, G465A, G470A, G486A, T495C, C501T, T519C, A525C, A549G, A603G, C606T, T630C, C672T, A684G, C690T, A714T, G720A, A723G, T726C, A741G, A744G, T759A, G765A, T777C, T852C, C861T, T885C, A891G, T900C, A906G, T915C, C921T, A945T, G984A, T993C, A1011G, G1041A, G1059A, T1065C, A1068G, G1113A, A1137G, A1155G, A1162C, C1173T, A1188C, G1206A, A1230G, G1248A, C1260T, C1287G, A1305C, C1314T, C1317T, A1335G, G1343A, T1344C, C1347T, A1350T	Волгоградская область	Canis lupus	2021	N1
OP311879	A21C, C66A, C96T, T126C, A132G, G135A, T138C, T144C, T150C, T175G, G182A, C183T, C186T, T195G, C204T, T219C, G225A, G228A, A231G, T240C, A252G, G283T, G301A, A302C, T303C, A315G, G317A, G327T, G330A, A336G, A348G, G354A, C382T, A387T, A390G, C403T, G408A, C417T, A420G, C462A, G465A, G470A, T483C, G486A, T495C, C501T, T519C, A525C, A549G, C573T, A603G, C606T, T630C, A684G, C690T, A714T, G720A, A723G, T729G, A741G, A744G, T759A, G765A, T777C, T852C, C861T, T885C, G888A, A891G, T900C, A906G, T915C, C921T, A945T, G984A, T993C, A1011G, G1041A, G1059A, T1065C, A1068G, G1113A, A1137G, A1155G, A1162C, C1173T, A1188C, G1206A, A1230G, G1248A, C1260T, C1287G, C1314T, C1317T, A1335G, G1343A, T1344C, C1347T, A1350T	Владимирская область	Canis lupus familiaris	2020	N1
OP311880	A21C, C66A, C96T, T126C, A132G, G135A, T138C, T144C, T150C, T175G, G182A, C183T, C186T, T195G, C204T, T219C, G225A, G228A, A231G, T240C, A252G, G283T, G301A, A302C, T303C, A315G, G317A, G327T, G330A, A336G, A348G, G354A, C382T, A387T, A390G, C403T, G408A, C417T, A420G, C462A, G465A, G470A, T483C, G486A, T495C, C501T, T519C, A525C, A549G, C573T, A603G, C606T, T630C, A684G, C690T, A714T, G720A, A723G, T729G, A741G, A744G, T759A, G765A, T777C, T852C, C861T, T885C, A891G, T900C, A906G, T915C, C921T, A945T, G984A, T993C, A1011G, G1041A, G1059A, T1065C, A1068G, G1113A, A1137G, A1155G, A1162C, C1173T, A1188C, G1206A, A1230G, G1248A, G1257A, C1260T, C1287G, C1314T, C1317T, A1335G, G1343A, T1344C, C1347T, A1350T	Владимирская область	Vulpes vulpes	2020	N1
OP311881	A21C, C66A, C96T, T126C, A132G, G135A, T138C, T144C, T150C, T175G, G182A, C183T, C186T, T195G, C204T, T219C, G225A, G228A, A231G, T240C, A252G, G283T, G301A, A302C, T303C, A315G, G317A, G327T, G330A, A336G, A348G, G354A, C382T, A387T, A390G, C403T, G408A, C417T, A420G, C462A, G465A, G470A, T483C, G486A, T495C, C501T, T519C, A525C, A549G, C573T, A603G, C606T, T630C, A684G, C690T, A714T, G720A, A723G, T729G, A741G, A744G, T759A, G765A, T777C, T852C, C861T, T885C, A891G, T900C, A906G, T915C, C921T, A945T, G984A, T993C, A1011G, G1041A, G1059A, T1065C, A1068G, G1113A, A1137G, A1155G, A1162C, C1173T, A1188C, G1206A, A1230G, G1248A, C1260T, C1287G, C1314T, C1317T, A1335G, G1343A, T1344C, C1347T, A1350T	Владимирская область	Vulpes vulpes	2020	N1
OP311882	A21C, C66A, C96T, T126C, A132G, G135A, T138C, T144C, T150C, T175G, G182A, C183T, C186T, T195G, C204T, T219C, G225A, G228A, A231G, T240C, A252G, G283T, G301A, A302C, T303C, A315G, G317A, G327T, G330A, A336G, A348G, G354A, C382T, A387T, A390G, C403T, G408A, C417T, A420G, C462A, G465A, G470A, T483C, G486A, T495C, C501T, T519C, A525C, A549G, C573T, A603G, C606T, T630C, A684G, C690T, A714T, G720A, A723G, T729G, A741G, A744G, T759A, G765A, T777C, T852C, C861T, T885C, A891G, T900C, A906G, T915C, C921T, A945T, G984A, T993C, A1011G, G1041A, G1059A, T1065C, A1068G, G1113A, A1137G, A1155G, A1162C, C1173T, A1188C, G1206A, A1230G, G1248A, C1260T, C1287G, C1314T, C1317T, A1335G, G1343A, T1344C, C1347T, T1348C, A1350T	Владимирская область	Felis catus	2020	N1
OP311883	A21C, C66A, C96T, T126C, A132G, G135A, T138C, T144C, T150C, T175G, G182A, C183T, C186T, T195A, C204T, T219C, G225A, G228A, T240C, A252G, G283T, G301A, A302C, T303C, A315G, G317A, G330A, A336G, A348G, G354A, A372G, C382T, A387T, A390G, C403T, G408A, C417T, A420G, C462A, G465A, G470A, G486A, T495C, C501T, T519C, A525C, T534C, A549G, A603G, C606T, T616C, C627A, T630C, G654A, A684G, C690T, A714T, G720A, A723G, A741G, A744G, T759A, G765A, T777C, G828A, G831A, T852C, C861T, T885C, A891G, T915C, C921T, A945T, G984A, T993C, A1011G, G1041A, G1059A, T1065C, A1104G, G1113A, A1119G, A1137G, C1141T, T1152C, A1155G, A1162C, C1173T, A1188C, G1206A, A1230G, G1248A, C1260T, C1287A, C1314T, C1317T, A1326C, G1332A, A1335G, G1343A, T1344C, A1350T	Липецкая область	Vulpes vulpes	2020	N1
OP311884	A21C, C66A, C96T, T126C, A132G, G135A, T138C, T144C, T150C, T175G, G182A, C183T, C186T, T195G, C204T, T219C, G225A, G228A, A231G, T240C, A252G, G283T, G301A, A302C, T303C, A315G, G317A, G327T, G330A, A336G, A348G, G354A, C382T, A387T, A390G, C403T, G408A, C417T, A420G, C462A, G465A, G470A, T483C, G486A, T495C, C501T, T519C, A525C, A549G, C573T, A603G, C606T, T630C, A684G, C690T, A714T, G720A, A723G, T729G, A741G, A744G, T759A, G765A, T777C, T852C, C861T, T885C, A891G, T900C, A906G, T915C, C921T, A945T, G984A, T993C, A1011G, G1041A, G1059A, T1065C, A1068G, G1113A, A1137G, A1155G, A1162C, C1173T, A1188C, G1206A, A1230G, G1248A, G1257A, C1260T, C1287G, C1314T, C1317T, A1335G, G1343A, T1344C, C1347T, A1350T	Владимирская область	Vulpes vulpes	2020	N1
OP311885	A21C, C66A, C96T, T126C, A132G, G135A, T138C, T144C, T150C, T175G, G182A, C183T, C186T, T195A, C204T, T219C, G225A, G228A, T240C, A252G, G283T, G301A, A302C, T303C, A315G, G317A, G330A, A336G, A348G, G354A, C382T, A387T, A390G, C403T, G408A, G414A, C417T, A420G, C462A, G465A, G470A, G486A, T495C, C501T, T519C, A525C, T534C, A549G, T585C, A603G, C606T, T630C, A684G, A714T, G720A, A723G, A741G, A744G, T759A, G765A, T777C, T852C, C861T, T885C, A891G, A906G, T915C, C921T, A945T, G984A, T993C, A1011G, G1041A, G1059A, T1065C, G1113A, A1137G, C1141T, A1155G, A1162C, C1173T, A1188C, G1206A, A1230G, G1248A, C1260T, C1287A, C1314T, C1317T, G1332A, A1335G, G1343A, T1344C, A1350T	Смоленская область	Felis catus	2020	N1
OP311886	A21C, C45T, C66A, C96T, T126C, A132G, G135A, T138C, T144C, T150C, T175G, G182A, C183T, C186T, T195A, C204T, T219C, G225A, G228A, T240C, A252G, G258A, C270A, G283T, G301A, A302C, T303C, A315G, G317A, G330A, A336G, A348G, G354A, A372G, C382T, A387T, A390G, C403T, G408A, C417T, A420G, C423A, C462A, G465A, G470A, G486A, T495C, C501T, T519C, A525C, T534C, A549G, A603G, C606T, T630C, A684G, C690T, A714T, G720A, A723G, A741G, A744G, T759A, G765A, T777C, C786T, T852C, C861T, T885C, A891G, A906G, T915C, C921T, A945T, G984A, T993C, A1011G, G1041A, G1059A, T1065C, T1105C, G1113A, A1137G, C1141T, A1155G, A1162C, C1170T, C1173T, A1188C, G1206A, A1230G, G1248A, C1260T, C1287A, C1314T, C1317T, G1332A, A1335G, G1343A, T1344C, A1350T	Республика Крым	Vulpes vulpes	2020	N1
OP311887	A21C, C66A, C96T, T126C, A132G, G135A, T138C, T144C, T150C, T175G, G182A, C183T, C186T, T195G, C204T, T219C, G225A, G228A, T240C, A252G, G283T, G301A, A302C, T303C, A315G, G317A, G330A, A336G, A348G, G354A, C382T, A387T, A390G, C403T, G408A, C417T, A420G, C462A, G465A, G470A, G486A, T495C, C501T, T519C, A525C, A549G, A603G, C606T, T630C, A684G, C690T, A714T, G720A, A723G, T726C, A741G, A744G, T759A, G765A, C772T, T777C, T852C, C861T, T885C, A891G, T900C, A906T, T915C, C921T, A945T, G984A, T993C, A1011G, G1041A, G1059A, T1065C, A1068G, G1113A, T1116C, A1137G, A1155G, C1161T, A1162C, C1173T, A1188C, G1206A, A1209G, A1230G, G1248A, C1260T, C1287G, A1305C, C1314T, C1317T, A1335G, G1343A, T1344C, C1347T, A1350T	Владимирская область	Nyctereutes procyonoides	2019	N1
OP311888	A13G, A21C, C66A, C96T, T126C, A132G, G135A, T138C, T144C, T150C, T175G, G182A, C183T, C186T, T195G, C204T, T219C, G225A, G228A, A231G, T240C, A252G, A261G, G283T, G301A, A302C, T303C, A315G, G317A, G327T, G330A, A336G, A348G, G354A, C382T, A387T, A390G, C403T, G408A, C417T, A420G, C462A, G465A, G470A, T483C, G486A, T495C, C501T, T519C, A525C, A549G, C573T, A603G, C606T, T630C, A684G, C690T, A714T, G720A, A723G, T729G, A741G, A744G, A754T, T759A, G765A, T777C, T852C, C861T, G878A, T885C, A891G, T900C, A906G, T915C, A945T, G984A, T993C, A1011G, G1041A, G1059A, A1068G, G1113A, A1137G, A1155G, A1162C, C1173T, A1188C, G1206A, A1230G, G1248A, C1260T, C1287G, C1314T, C1317T, A1335G, G1343A, T1344C, C1347T, A1350T	Владимирская область	Vulpes vulpes	2019	N1
OP311889	A21C, C66A, C96T, T126C, A132G, G135A, T138C, T144C, T150C, T175G, G182A, C183T, C186T, T195G, C204T, T219C, G225A, G228A, A231G, T240C, A252G, G283T, G301A, A302C, T303C, A315G, G317A, G327T, G330A, A336G, A348G, G354A, C382T, A387T, A390G, C403T, G408A, C417T, A420G, C462A, G465A, G470A, T483C, G486A, T495C, C501T, T519C, A525C, A549G, C573T, A603G, C606T, T630C, A684G, C690T, A714T, G720A, A723G, T729G, A741G, A744G, T759A, G765A, T777C, T852C, C861T, T885C, A891G, T900C, A906G, T915C, C921T, A945T, G984A, T993C, A1011G, G1041A, G1059A, T1065C, A1068G, G1113A, A1137G, A1155G, A1162C, C1173T, A1188C, G1206A, A1230G, G1248A, C1260T, C1287G, C1314T, C1317T, A1335G, G1343A, T1344C, C1347T, A1350T	Владимирская область	Canis lupus familiaris	2019	N1
OP311890	A21C, C66A, C96T, T126C, A132G, G135A, T138C, T144C, T150C, T175G, G182A, C183T, C186T, T195G, C204T, T219C, G225A, G228A, A231G, T240C, A252G, G283T, G301A, A302C, T303C, A315G, G317A, G327T, G330A, A336G, A348G, G354A, C382T, A387T, A390G, C403T, G408A, C417T, A420G, C462A, G465A, G470A, T483C, G486A, T495C, C501T, T519C, A525C, A549G, C573T, A603G, C606T, T630C, A684G, C690T, A714T, G720A, A723G, T729G, A741G, A744G, T759A, G765A, T777C, T852C, C861T, T885C, A891G, T900C, A906G, T915C, C921T, A945T, G984A, T993C, A1011G, G1041A, G1059A, T1065C, A1068G, G1113A, A1137G, A1155G, A1162C, C1173T, A1188C, G1206A, A1230G, G1248A, C1260T, C1287G, C1314T, C1317T, A1335G, G1343A, T1344C, C1347T, A1350T	Владимирская область	Vulpes vulpes	2019	N1
OP311891	A21C, C66A, C96T, T126C, A132G, G135A, T138C, T144C, T150C, T175G, G182A, C183T, C186T, T195G, C204T, T219C, G225A, G228A, T240C, A252G, G283T, C292A, G301A, A302C, T303C, A315G, G317A, G330A, A336G, A348G, G354A, C382T, A387T, A390G, C403T, G408A, C417T, A420G, C462A, G465A, G470A, G486A, T495C, C501T, T519C, A525C, A549G, A603G, C606T, G618T, T630C, A632G, A684G, C690T, A714T, G720A, A723G, T726C, A741G, A744G, T759A, G765A, T777C, T852C, C861T, T885C, A891G, T900C, A906G, T915C, C921T, A945T, G984A, T993C, A1011G, G1041A, G1059A, T1065C, A1068G, G1113A, A1137G, A1155G, A1162C, C1173T, A1188C, G1206A, A1230G, G1248A, C1260T, C1287G, A1305C, C1314T, C1317T, A1335G, G1343A, T1344C, C1347T, A1350T	Липецкая область	Vulpes vulpes	2019	N1
OP311892	A21C, C66A, T93C, C96T, T126C, A132G, G135A, T138C, T144C, T150C, T175G, G182A, C183T, C186T, T195G, C204T, T219C, G225A, G228A, A231G, T240C, G249A, A252G, G283T, G301A, A302C, T303C, A315G, G317A, G330A, A336G, A348G, G354A, C382T, A387T, A390G, C403T, G408A, C417T, A420G, C462A, G465A, G470A, T477C, G486A, T495C, C501T, T519C, A525C, A549G, A603G, C606T, T630C, A675G, A684G, C690T, A714T, G720A, A723G, A741G, A744G, T759A, G765A, T777C, A825T, T852C, C861T, T885C, A891G, T900C, T915C, C921T, A945T, G984A, T993C, A1011G, G1041A, G1059A, T1065C, A1068G, G1113A, A1137G, A1155G, A1162C, C1164T, C1173T, A1188C, G1206A, A1230G, G1248A, C1287A, C1314T, C1317T, A1335G, G1343A, T1344C, C1347T, A1350T	Волгоградская область	Canis lupus familiaris	2018	N1
OP311893	A21C, C66A, C96T, T126C, A132G, G135A, T138C, T144C, T150C, T175G, G182A, C183T, C186T, T195G, C204T, T219C, G225A, G228A, A231G, T240C, A252G, G283T, G301A, A302C, T303C, A315G, G317A, G330A, A336G, A348G, G354A, C382T, A387T, A390G, C403T, G408A, C417T, A420G, C462A, G465A, G470A, G486A, T495C, C501T, T519C, A525C, A549G, T597C, A603G, C606T, T630C, A684G, C690T, A714T, G720A, A723T, T726C, A741G, A744G, T759A, G765A, T777C, T852C, C861T, T885C, A891G, T900C, A906G, T915C, C921T, A945T, G984A, T993C, A1011G, G1041A, G1059A, T1065C, A1068G, G1113A, A1137G, C1141T, A1155G, A1162C, C1173T, A1188T, G1206A, A1230G, G1248A, C1260T, C1287G, C1314T, C1317T, A1335G, G1343A, T1344C, C1347T, A1350T	Волгоградская область	Canis lupus familiaris	2018	N1
OP311894	A21C, C45T, C66A, C96T, T126C, A132G, G135A, T138C, T144C, T150C, T175G, G182A, C183T, C186T, T195A, C204T, T219C, G225A, G228A, T240C, A252G, G258A, C270A, G283T, G301A, A302C, T303C, A315G, G317A, G330A, A336G, A348G, G354A, A372G, C382T, A387T, A390G, C403T, G408A, C417T, A420G, C423A, C462A, G465A, G470A, G486A, T495C, C501T, T519C, A525C, T534C, A549G, A603G, C606T, T630C, A684G, C690T, A714T, G720A, A723G, A741G, A744G, T759A, G765A, T777C, C786T, T852C, C861T, T885C, A891G, A906G, T915C, C921T, A945T, G984A, T993C, A1011G, G1041A, G1059A, T1065C, T1105C, G1113A, A1137G, C1141T, A1155G, A1162C, C1170T, C1173T, A1188C, G1206A, A1230G, G1248A, C1260T, C1287A, C1314T, C1317T, G1332A, A1335G, G1343A, T1344C, A1350T	Республика Крым	Vulpes vulpes	2018	N1
OP311895	A21C, C45T, C66A, C96T, T126C, A132G, G135A, T138C, T144C, T150C, T175G, G182A, C183T, C186T, T195A, C204T, T219C, G225A, G228A, T240C, A252G, G258A, C270A, G283T, G301A, A302C, T303C, A315G, G317A, G330A, A336G, A348G, G354A, A372G, C382T, A387T, A390G, C403T, G408A, C417T, A420G, C423A, C462A, G465A, G470A, G486A, T495C, C501T, T519C, A525C, T534C, A549G, A603G, C606T, T630C, A684G, C690T, A714T, G720A, A723G, A741G, A744G, T759A, G765A, T777C, C786T, T852C, C861T, T885C, A891G, A906G, T915C, C921T, A945T, G984A, T993C, A1011G, G1041A, G1059A, T1065C, T1105C, G1113A, A1137G, C1141T, A1155G, A1162C, C1170T, C1173T, A1188C, G1206A, A1230G, G1248A, C1260T, C1287A, C1314T, C1317T, G1332A, A1335G, G1343A, T1344C, A1350T	Республика Крым	Vulpes vulpes	2018	N1
OP311896	A21C, C66A, C96T, T126C, A132G, G135A, T138C, T144C, T150C, T175G, G182A, C183T, C186T, T195G, C204T, T219C, G225A, G228A, A231G, T240C, A252G, A261G, G283T, G301A, A302C, T303C, A315G, G317A, G327T, G330A, A336G, A348G, G354A, C382T, A387T, A390G, C403T, G408A, C417T, A420G, C462A, G465A, G470A, T483C, G486A, T495C, C501T, T519C, A525C, A549G, C573T, A603G, C606T, T630C, A684G, C690T, A714T, G720A, A723G, T729G, A741G, A744G, T759A, G765A, T777C, T852C, C861T, T885C, A891G, T900C, A906G, T915C, C921T, A945T, G984A, T993C, A1011G, G1041A, G1059A, A1068G, G1113A, A1137G, A1155G, A1162C, C1173T, A1188C, G1206A, A1230G, G1248A, C1260T, C1287G, C1314T, C1317T, A1335G, G1343A, T1344C, C1347T, A1350T	Владимирская область	Capra hircus	2018	N1
OP311897	A21C, C45T, C66A, C96T, T126C, A132G, G135A, T138C, T144C, T150C, T175G, G182A, C183T, C186T, T195A, C204T, T219C, G225A, G228A, T240C, A252G, G258A, C270A, G283T, G301A, A302C, T303C, A315G, G317A, G330A, A336G, A348G, G354A, A372G, C382T, A387T, A390G, C403T, G408A, C417T, A420G, C423A, C462A, G465A, G470A, G486A, T495C, C501T, T519C, A525C, T534C, A549G, A603G, C606T, T630C, A684G, C690T, A714T, G720A, A723G, A741G, A744G, T759A, G765A, T777C, T852C, C861T, T885C, A891G, A906G, T915C, C921T, A945T, G984A, T993C, A1011G, G1041A, G1059A, T1065C, T1105C, G1113A, A1137G, C1141T, A1155G, A1162C, C1170T, C1173T, A1188C, G1206A, A1230G, G1248A, C1260T, C1287A, C1314T, C1317T, G1332A, A1335G, G1343A, T1344C, A1350T	Республика Крым	Vulpes vulpes	2017	N1
OQ266762	C30T, C96T, C99T, A102G, T105C, A111G, T118A, A123C, T126C, A132T, T138C, A147G, T150C, A153G, T175G, A178T, G182A, C183T, C186T, A192G, C204T, T207C, G222A, G225A, G228C, T240C, T243C, A252G, G258C, A279G, G283C, A294G, G317A, A336G, A344G, C364T, A369G, C375G, A387T, A390G, C402T, T405A, C417T, T418C, G447A, T448C, G450A, C462T, G470A, C501T, T519C, T531C, G535A, A540G, A549G, C552T, A561G, A576G, T585C, T588C, T615C, T616C, G618T, C621A, A624G, T630C, T651C, A660G, G678A, C681T, A684G, T687A, T708C, A711G, A714G, G720A, C735T, A744G, C747A, C756T, T759C, A762G, G765A, G789A, T795C, G828A, G831A, T852C, C861T, C867T, A876G, A891G, T894C, T912A, C921T, T936C, A945T, T960A, C966G, C972T, A975G, T987C, A1011G, C1021T, A1023G, G1026A, C1033T, A1038G, A1044G, C1047T, C1050T, A1056G, G1059A, A1062G, C1107T, G1111A, C1120T, G1135A, T1136C, A1137G, C1164T, T1167G, C1170T, G1176A, A1188C, T1191G, T1203C, G1206T, A1209G, A1219G, T1221C, A1230G, A1239G, C1243A, G1248A, T1284C, C1287A, T1293C, C1314T, C1317T, C1329T, A1335G, G1341T, A1350G	Чукотский АО	Canis lupus familiaris	2020	N7
OQ266763	C30T, T57C, C96T, C99T, A102G, T105C, A111G, T118A, A123C, T126C, A132G, G135A, T138C, T145C, A147G, T150C, A153G, T175G, A178T, G182A, C183T, C186T, A192G, C204T, T207C, C216T, G222A, G225A, G228C, T240C, T243C, A252G, G258C, A279G, G283C, A291G, A294G, G317A, A336G, A344G, C364T, A369G, C375G, A387T, A390G, C402T, T405A, C417T, G441A, G447A, T448C, G450A, C462T, G470A, T477C, C501T, T519C, T531C, G535A, A540G, A549G, C552T, A561G, A576G, T585C, T588C, T615C, T616C, C621A, A624G, T630C, A660G, G678A, A684G, T687A, T708C, A711G, A714G, G720A, A744G, C747A, C756T, T759A, A762G, G765A, C783T, G789A, T795C, G828A, G831A, A848C, T852C, C861T, C867T, A876G, A891G, T894C, T912A, C921T, T936C, A945C, C951T, T960A, C966G, C972T, A975G, T987C, A1011G, C1021T, A1023G, G1026A, C1033T, A1038G, A1044G, C1047T, A1056G, G1059A, A1062G, A1071G, C1107T, G1111A, G1113A, C1120T, G1135A, T1136C, A1137G, C1164T, T1167G, A1188C, T1191G, T1203C, G1206T, A1209G, A1219G, T1221C, A1239G, C1243A, G1248A, T1284C, C1287A, T1293C, C1314T, C1317T, C1329T, A1335G, G1341T, A1350G	Чукотский АО	Vulpes vulpes	2022	N8
PP464936	C30T, C96T, C99T, A102G, T105C, A111G, T118A, A123C, T126C, A132T, T138C, A147G, T150C, A153G, T175G, A178T, G182A, C183T, C186T, A192G, C204T, T207C, G222A, G225A, G228C, T240C, T243C, A252G, G258C, A279G, G283C, A294G, G317A, A336G, A344G, C364T, A369G, C375G, A387T, A390G, C402T, T405A, C417T, T418C, G447A, T448C, G450A, C462T, G470A, C501T, T519C, T531C, G535A, A540G, A549G, C552T, A561G, A576G, T585C, T588C, T615C, T616C, G618T, C621A, A624G, T630C, T651C, A660G, G678A, C681T, A684G, T687A, T708C, A711G, A714G, G720A, C735T, A744G, C747A, C756T, T759C, A762G, G765A, G789A, T795C, A825G, G828A, G831A, T852C, C861T, C867T, A876G, A891G, T894C, T912A, C921T, T936C, A945T, T960G, C966G, C972T, A975G, T987C, A1011G, C1021T, A1023G, G1026A, C1033T, A1038G, A1044G, C1047T, C1050T, A1056G, G1059A, A1062G, C1107T, G1111A, C1120T, G1135A, T1136C, A1137G, C1164T, T1167G, C1170T, G1176A, A1188C, T1191G, T1203C, G1206T, A1209G, A1219G, T1221C, A1230G, A1239G, C1243A, G1248A, T1284C, C1287A, T1293C, C1314T, C1317T, C1329T, A1335G, G1341T, A1350G	Чукотский АО	Vulpes vulpes	2024	N7
PP464937	C30T, C96T, C99T, A102G, T105C, A111G, T118A, A123C, T126C, A132T, T138C, A147G, T150C, A153G, T175G, A178T, G182A, C183T, C186T, A192G, C204T, T207C, G222A, G225A, G228C, T240C, T243C, A252G, G258C, A279G, G283C, A294G, G317A, A336G, A344G, C364T, A369G, C375G, A387T, A390G, C402T, T405A, C417T, T418C, G447A, T448C, G450A, C462T, G470A, C501T, T519C, T531C, G535A, A540G, A549G, C552T, A561G, A576G, T585C, T588C, T615C, T616C, G618T, C621A, A624G, T630C, T651C, A660G, G678A, C681T, A684G, T687A, T708C, A711G, A714G, G720A, C735T, A744G, C747A, C756T, T759C, A762G, G765A, G789A, T795C, A825G, G828A, G831A, T852C, C861T, C867T, A876G, A891G, T894C, T912A, C921T, T936C, A945T, T960G, C966G, C972T, A975G, T987C, A1011G, C1021T, A1023G, G1026A, C1033T, A1038G, A1044G, C1047T, C1050T, A1056G, G1059A, A1062G, C1107T, G1111A, C1120T, G1135A, T1136C, A1137G, C1164T, T1167G, C1170T, G1176A, A1188C, T1191G, T1203C, G1206T, A1209G, A1219G, T1221C, A1230G, A1239G, C1243A, G1248A, T1284C, C1287A, T1293C, C1314T, C1317T, C1329T, A1335G, G1341T, A1350G	Чукотский АО	Vulpes vulpes	2024	N7
PP464938	C30T, C96T, C99T, A102G, T105C, A111G, T118A, A123C, T126C, A132T, T138C, A147G, T150C, A153G, T175G, A178T, G182A, C183T, C186T, A192G, C204T, T207C, G222A, G225A, G228C, T240C, T243C, A252G, G258C, A279G, G283C, A294G, G317A, A336G, A344G, C364T, A369G, C375G, A387T, A390G, C402T, T405A, C417T, T418C, G447A, T448C, G450A, C462T, G470A, C501T, T519C, T531C, G535A, A540G, A549G, C552T, A561G, A576G, T585C, T588C, T615C, T616C, G618T, C621A, A624G, T630C, T651C, A660G, G678A, C681T, A684G, T687A, T708C, A711G, A714G, G720A, C735T, A744G, C747A, C756T, T759C, A762G, G765A, G789A, T795C, A825G, G828A, G831A, T852C, C861T, C867T, A876G, A891G, T894C, T912A, C921T, T936C, A945T, T960G, C966G, C972T, A975G, T987C, A1011G, C1021T, A1023G, G1026A, C1033T, A1038G, A1044G, C1047T, C1050T, A1056G, G1059A, A1062G, C1107T, G1111A, C1120T, G1135A, T1136C, A1137G, C1164T, T1167G, C1170T, G1176A, A1188C, T1191G, T1203C, G1206T, A1209G, A1219G, T1221C, A1230G, A1239G, C1243A, G1248A, T1284C, C1287A, T1293C, C1314T, C1317T, C1329T, A1335G, G1341T, A1350G	Чукотский АО	Canis lupus familiaris	2023	N7
PP464939	C30T, C96T, C99T, A102G, T105C, A111G, T118A, A123C, T126C, A132T, T138C, A147G, T150C, A153G, T175G, A178T, G182A, C183T, C186T, A192G, C204T, T207C, G222A, G225A, G228C, T240C, T243C, A252G, G258C, A279G, G283C, A294G, G317A, A336G, A344G, C364T, A369G, C375G, A387T, A390G, C402T, T405A, C417T, T418C, G447A, T448C, G450A, C462T, G470A, C501T, T519C, T531C, G535A, A540G, A549G, C552T, A561G, A576G, T585C, T588C, T615C, T616C, G618T, C621A, A624G, T630C, T651C, A660G, G678A, C681T, A684G, T687A, T708C, A711G, A714G, G720A, C735T, A744G, C747A, C756T, T759C, A762G, G765A, G789A, T795C, A825G, G828A, G831A, T852C, C861T, C867T, A876G, A891G, T894C, T912A, C921T, T936C, A945T, T960G, C966G, C972T, A975G, T987C, A1011G, C1021T, A1023G, G1026A, C1033T, A1038G, A1044G, C1047T, C1050T, A1056G, G1059A, A1062G, C1107T, G1111A, C1120T, G1135A, T1136C, A1137G, C1164T, T1167G, C1170T, G1176A, A1188C, T1191G, T1203C, G1206T, A1209G, A1219G, T1221C, A1230G, A1239G, C1243A, G1248A, T1284C, C1287A, T1293C, C1314T, C1317T, C1329T, A1335G, G1341T, A1350G	Чукотский АО	Vulpes vulpes	2023	N7
PP464940	C30T, C96T, C99T, A102G, T105C, A111G, T118A, A123C, T126C, A132T, T138C, A147G, T150C, A153G, T175G, A178T, G182A, C183T, C186T, A192G, C204T, T207C, G222A, G225A, G228C, T240C, T243C, A252G, G258C, A279G, G283C, A294G, G317A, A336G, A344G, C364T, A369G, C375G, A387T, A390G, C402T, T405A, C417T, T418C, G447A, T448C, G450A, C462T, G470A, C501T, T519C, T531C, G535A, A540G, A549G, C552T, A561G, A576G, T585C, T588C, T615C, T616C, G618T, C621A, A624G, T630C, T651C, A660G, G678A, C681T, A684G, T687A, T708C, A711G, A714G, G720A, C735T, A744G, C747A, C756T, T759C, A762G, G765A, G789A, T795C, A825G, G828A, G831A, T852C, C861T, C867T, A876G, A891G, T894C, T912A, C921T, T936C, A945T, T960G, C966G, C972T, A975G, T987C, A1011G, C1021T, A1023G, G1026A, C1033T, A1038G, A1044G, C1047T, C1050T, A1056G, G1059A, A1062G, C1107T, G1111A, C1120T, G1135A, T1136C, A1137G, C1164T, T1167G, C1170T, G1176A, A1188C, T1191G, T1203C, G1206T, A1209G, A1219G, T1221C, A1230G, A1239G, C1243A, G1248A, T1284C, C1287A, T1293C, C1314T, C1317T, C1329T, A1335G, G1341T, A1350G	Чукотский АО	Vulpes vulpes	2023	N7
PP464941	C30T, C96T, C99T, A102G, T105C, A111G, T118A, A123C, T126C, A132T, T138C, A147G, T150C, A153G, T175G, A178T, G182A, C183T, C186T, A192G, C204T, T207C, G222A, G225A, G228C, T240C, T243C, A252G, G258C, A279G, G283C, A294G, G317A, A336G, A344G, C364T, A369G, C375G, A387T, A390G, C402T, T405A, C417T, T418C, G447A, T448C, G450A, C462T, G470A, C501T, T519C, T531C, G535A, A540G, A549G, C552T, A561G, A576G, T585C, T588C, T615C, T616C, G618T, C621A, A624G, T630C, T651C, A660G, G678A, C681T, A684G, T687A, T708C, A711G, A714G, G720A, C735T, A744G, C747A, C756T, T759C, A762G, G765A, G789A, T795C, A825G, G828A, G831A, T852C, C861T, C867T, A876G, A891G, T894C, T912A, C921T, T936C, A945T, T960G, C966G, C972T, A975G, T987C, A1011G, C1021T, A1023G, G1026A, C1033T, A1038G, A1044G, C1047T, C1050T, A1056G, G1059A, A1062G, C1107T, G1111A, C1120T, G1135A, T1136C, A1137G, C1164T, T1167G, C1170T, G1176A, A1188C, T1191G, T1203C, G1206T, A1209G, A1219G, T1221C, A1230G, A1239G, C1243A, G1248A, T1284C, C1287A, T1293C, C1314T, C1317T, C1329T, A1335G, G1341T, A1350G	Чукотский АО	Canis lupus familiaris	2023	N7
PP464942	C30T, C96T, C99T, A102G, T105C, A111G, T118A, A123C, T126C, A132T, T138C, A147G, T150C, A153G, T175G, A178T, G182A, C183T, C186T, A192G, C204T, T207C, G222A, G225A, G228C, T240C, T243C, A252G, G258C, A279G, G283C, A294G, G317A, A336G, A344G, C364T, A369G, C375G, A387T, A390G, C402T, T405A, C417T, T418C, G447A, T448C, G450A, C462T, G470A, C501T, T519C, T531C, G535A, A540G, A549G, C552T, A561G, A576G, T585C, T588C, T615C, T616C, G618T, C621A, A624G, T630C, T651C, A660G, G678A, C681T, A684G, T687A, T708C, A711G, A714G, G720A, C735T, A744G, C747A, C756T, T759C, A762G, G765A, G789A, T795C, A825G, G828A, G831A, T852C, C861T, C867T, A876G, A891G, T894C, T912A, C921T, T936C, A945T, T960G, C966G, C972T, A975G, T987C, A1011G, C1021T, A1023G, G1026A, C1033T, A1038G, A1044G, C1047T, C1050T, A1056G, G1059A, A1062G, C1107T, G1111A, C1120T, G1135A, T1136C, A1137G, C1164T, T1167G, C1170T, G1176A, A1188C, T1191G, T1203C, G1206T, A1209G, A1219G, T1221C, A1230G, A1239G, C1243A, G1248A, T1284C, C1287A, T1293C, C1314T, C1317T, C1329T, A1335G, G1341T, A1350G	Чукотский АО	Vulpes vulpes	2023	N7
prim001231	A21C, C66A, C96T, T126C, A132G, G135A, T138C, T144C, T150C, T175G, G182A, C183T, C186T, T195G, C204T, T219C, G225A, G228A, T240C, A252G, G283T, G301A, A302C, T303C, A315G, G317A, G330A, A336G, A348G, G354A, C382T, A387T, A390G, C403T, G408A, C417T, A420G, C462A, G465A, G470A, G486A, T495C, C501T, T519C, A525C, A549G, A603G, C606T, T630C, A684G, C690T, A714T, G720A, A723G, T726C, A741G, A744G, T759A, G765A, T777C, T852C, C861T, T885C, A891G, T900C, A906G, T915C, C921T, A945T, G984A, T993C, A1011G, G1041A, G1059A, T1065C, A1068G, G1113A, A1137G, A1155G, A1162C, C1173T, A1188C, G1206A, A1230G, G1248A, C1260T, C1287G, A1305C, C1314T, C1317T, A1335G, G1343A, T1344C, C1347T, A1350T	Приморский край	Ursus arctos	2014	N1
Rab1	A21C, C66A, C96T, T126C, A132G, G135A, T138C, T144C, T150C, A171G, T175G, G182A, C183T, C186T, T195A, C204T, T219C, G225A, G228A, T240C, A252G, G283T, A300G, G301A, A302C, T303C, A315G, G317A, G330A, A336G, A348G, G354A, C382T, A387T, A390G, C403T, G408A, C417T, A420G, C462A, G465A, G470A, G486A, T495C, C501T, T519C, A525C, T534C, A549G, A603G, C606T, T630C, C690T, A714T, G720A, A723G, T729C, A741G, A744G, T759A, G765A, T777C, T852C, C861T, T885C, A891G, A906G, T915C, C921T, T936C, A945T, G984A, T993C, A1011G, G1041A, G1059A, T1065C, G1113A, A1137G, C1141T, A1155G, A1162C, C1173T, A1188C, G1206A, A1230G, G1248A, C1260T, C1287A, C1314T, C1317T, G1332A, A1335G, G1343A, T1344C, A1350T	Ростовская область	Canis lupus	2021	N1
Rab2	A21C, C66A, C96T, C99A, T126C, A132G, G135A, T138C, T144C, T150C, T175G, G182A, C183T, C186T, T195A, C204T, T219C, G225A, G228A, T240C, A252G, G283T, G285A, G301A, A302C, T303C, A315G, G317A, G330A, A336G, A348G, G354A, C382T, A387T, A390G, C403T, G408A, C417T, A420G, C462A, G465A, G470A, G486A, T495C, A498G, C501T, T519C, A525C, T534C, A549G, A603G, C606T, T630C, T651C, A684G, C690T, A714T, G720A, A723G, A741G, A744G, C756T, T759A, G765A, T777C, T852C, C861T, T885C, A891G, A906G, T915C, C921T, A945T, G984A, T993C, A1011G, G1041A, G1059A, T1065C, G1113A, G1135A, A1137G, C1141T, A1155G, A1162C, C1173T, A1188C, G1206A, A1230G, G1248A, C1260T, C1287A, C1314T, C1317T, G1332A, A1335G, G1343A, T1344C, A1350T	Ростовская область	Felis catus	2021	N1
Rab4	A21C, C66A, C96T, T126C, A132G, G135A, T138C, T144C, T150C, T175G, G182A, C183T, C186T, T195A, C204T, T219C, G225A, G228A, T240C, A252G, G283T, G285A, G301A, A302C, T303C, A315G, G317A, G330A, A336G, A348G, G354A, C382T, A387T, A390G, C403T, G408A, C417T, A420G, C462A, G465A, G470A, G486A, T495C, A498G, C501T, T519C, A525C, T534C, A549G, A603G, C606T, T630C, A684G, C690T, A714T, G720A, A723G, A741G, A744G, C756T, T759A, G765A, T777C, T852C, C861T, T885C, A891G, A906G, T915C, C921T, A945T, G984A, T993C, A1011G, G1041A, G1059A, G1113A, G1135A, A1137G, C1141T, A1155G, A1162C, C1173T, A1188C, G1206A, A1230G, G1248A, C1260T, C1287A, C1314T, C1317T, G1332A, A1335G, G1343A, T1344C, A1350T	Ростовская область	Bos taurus	2021	N1
Rab4025	A21C, C66A, C96T, T126C, C127T, A132G, G135A, T138C, T144C, T150C, T175G, G182A, C183T, C186T, T195A, C204T, T219C, G225A, G228A, T240C, A252G, G283T, G285A, G301A, A302C, T303C, A315G, G317A, G330A, A336G, A348G, G354A, C382T, A387T, A390G, C403T, G408A, C417T, A420G, T426G, C462A, G465A, G470A, G486A, T495C, A498G, C501T, A507G, T519C, A525C, T534C, A541G, A549G, A603G, C606T, T630C, A684G, C690T, A714T, G720A, A723G, A741G, A744G, C756T, T759A, G765A, T777C, T852C, C861T, T885C, A891G, A906G, T915C, C921T, A945T, G984A, T993C, A1011G, G1041A, G1059A, T1065C, G1113A, G1135A, A1137G, C1141T, A1155G, A1162C, C1173T, A1188C, G1206A, A1230G, G1248A, C1260T, C1287A, C1314T, C1317T, G1332A, A1335G, G1343A, T1344C, A1350T	Ростовская область	Felis catus	2024	N1
Rab4718	A21C, C66A, C96T, T126C, A132G, G135A, T138C, T144C, T150C, T175G, G182A, C183T, C186T, T195A, C204T, T219C, G225A, G228A, T240C, A252G, G283T, G301A, A302C, T303C, A315G, G317A, G330A, A336G, A348G, G354A, C382T, A387T, A390G, C403T, G408A, C417T, A420G, C462A, G465A, G470A, G486A, T495C, C501T, T519C, A525C, T534C, A549G, A603G, C606T, T630C, A684G, C690T, A714T, G720A, A723G, A741G, A744G, T759A, G765A, T777C, T852C, C861T, T885C, A891G, A906G, T915C, C921T, A945T, G984A, T993C, A1011G, G1041A, G1059A, T1065C, G1113A, A1137G, C1141T, A1155G, A1162C, C1173T, A1188C, G1206A, A1230G, G1248A, C1260T, C1287A, C1314T, C1317T, G1332A, A1335G, G1343A, T1344C, A1350T	Ростовская область	Canis lupus familiaris	2024	N1
Rab5	A21C, C66A, C96T, C99A, T126C, A132G, G135A, T138C, T144C, T150C, T175G, G182A, C183T, C186T, T195A, C204T, T219C, G225A, G228A, T240C, A252G, G283T, G285A, G301A, A302C, T303C, A315G, G317A, G330A, A336G, A348G, G354A, C382T, A387T, A390G, C403T, G408A, C417T, A420G, C462A, G465A, G470A, G486A, T495C, A498G, C501T, T519C, A525C, T534C, A549G, A603G, C606T, T630C, T651C, A684G, C690T, A714T, G720A, A723G, A741G, A744G, C756T, T759A, G765A, T777C, T852C, C861T, T885C, A891G, A906G, T915C, C921T, A945T, G984A, T993C, A1011G, G1041A, G1059A, T1065C, G1113A, G1135A, A1137G, C1141T, A1155G, A1162C, C1173T, A1188C, G1206A, A1230G, G1248A, C1260T, C1287A, C1314T, C1317T, G1332A, A1335G, G1343A, T1344C, A1350T	Ростовская область	Vulpes vulpes	2021	N1
Rab5205	A21C, C66A, C96T, A132G, G135A, T138C, T144C, T150C, T175G, G182A, C183T, C186T, T195A, C204T, T219C, G225A, G228A, T240C, A252G, G283T, G285A, A300C, G301A, A302C, T303C, A315G, G317A, G330A, A336G, A348G, G354A, C382T, A387T, A390G, C403T, G408A, C417T, A420G, T426G, C462A, G465A, G470A, G486A, T495C, A498G, C501T, T519C, A525C, T534C, A549G, C552T, A603G, C606T, T630C, G678A, A684G, C690T, A714T, G720A, A723G, A741G, A744G, C756T, T759A, G765A, T777C, T852C, C861T, T885C, A891G, A906G, T915C, C921T, A945T, G984A, T993C, A1011G, C1029A, G1041A, G1059A, T1065C, G1113A, G1135A, A1137G, C1141T, A1155G, A1162C, C1173T, A1188C, G1206A, A1230G, G1248A, C1260T, C1287A, C1314T, C1317T, G1332A, A1335G, G1343A, T1344C, A1350T	ЛНР	Homo sapiens	2024	N1
Rab6	A21C, C66A, C96T, T126C, A132G, G135A, T138C, T144C, T150C, A171G, T175G, G182A, C183T, C186T, T195A, C204T, T219C, G225A, G228A, T240C, A252G, G283T, G301A, A302C, T303C, A315G, G317A, G330A, A336G, A348G, G354A, C382T, A387T, A390G, C403T, G408A, C417T, A420G, C462A, G465A, G470A, G486A, T495C, C501T, T519C, A525C, T534C, A549G, A603G, C606T, T630C, C690T, A714T, G720A, A723G, T729C, A741G, A744G, T759A, G765A, T777C, G798A, T852C, C861T, T885C, A891G, A906G, T915C, C921T, T936C, A945T, G984A, T993C, A1011G, G1041A, G1059A, T1065C, G1113A, C1134T, A1137G, C1141T, A1155G, A1162C, C1173T, A1188C, G1206A, A1230G, G1248A, C1260T, C1287A, C1314T, C1317T, G1332A, A1335G, G1343A, T1344C, A1350T	Ростовская область	Felis catus	2021	N1
